2026-08-29 04:45:23,139 | INFO    | quant_system                 | Logging to /home/user/quant_system/reports/logs/quant_system.log
2026-08-29 04:45:23,139 | INFO    | quant_system                 | quant_system v1.0.0 | mode=live source=synthetic 2015-01-01..2025-12-31
2026-08-29 04:45:23,139 | INFO    | quant_system                 | Trade governance: mode=DEMO (unlimited) daily_trade_limit=unlimited
2026-08-29 04:45:23,139 | INFO    | quant_system.utils.notifier  | Notifier started (toast=none voice=off)
2026-08-29 04:45:23,139 | INFO    | quant_system                 | Notifier: toasts=False (toasts disabled by configuration) voice=False (speak)
2026-08-29 04:45:23,196 | INFO    | quant_system                 | Loaded 5 symbols x 2870 bars from {'XAUUSD': 'synthetic', 'XAGUSD': 'synthetic', 'EURUSD': 'synthetic', 'USDCHF': 'synthetic', 'USDJPY': 'synthetic'}
2026-08-29 04:45:23,591 | WARNING | hmmlearn.base                | Model is not converging.  Current: -449.2574038483823 is not greater than -449.25718525847867. Delta is -0.0002185899036248884
2026-08-29 04:45:39,228 | INFO    | quant_system.execution.brokers.simulated_broker | Simulated broker connected.
2026-08-29 04:45:39,228 | INFO    | quant_system                 | Broker simulated connected (equity=1000000.00)
2026-08-29 04:45:42,055 | INFO    | quant_system.utils.notifier  | TRADE ALERT | [SELL] XAUUSD | 0.17 | 11,582.42 | SL 12,075.28 | TP - | State 1 Momentum
2026-08-29 04:45:42,055 | INFO    | quant_system                 | Cycle 1 | regime=1 | orders=1 filled=1
2026-08-29 04:45:58,812 | INFO    | quant_system                 | Logging to /home/user/quant_system/reports/logs/quant_system.log
2026-08-29 04:45:58,812 | INFO    | quant_system                 | quant_system v1.0.0 | mode=live source=synthetic 2015-01-01..2025-12-31
2026-08-29 04:45:58,812 | INFO    | quant_system                 | Trade governance: mode=DEMO (unlimited) daily_trade_limit=unlimited
2026-08-29 04:45:58,812 | INFO    | quant_system.utils.notifier  | Notifier started (toast=none voice=off)
2026-08-29 04:45:58,813 | INFO    | quant_system                 | Notifier: toasts=False (toasts disabled by configuration) voice=False (speak)
2026-08-29 04:45:58,864 | INFO    | quant_system                 | Loaded 5 symbols x 2870 bars from {'XAUUSD': 'synthetic', 'XAGUSD': 'synthetic', 'EURUSD': 'synthetic', 'USDCHF': 'synthetic', 'USDJPY': 'synthetic'}
2026-08-29 04:45:59,246 | WARNING | hmmlearn.base                | Model is not converging.  Current: -449.2574038483823 is not greater than -449.25718525847867. Delta is -0.0002185899036248884
2026-08-29 04:46:14,828 | INFO    | quant_system.execution.brokers.simulated_broker | Simulated broker connected.
2026-08-29 04:46:14,828 | INFO    | quant_system                 | Broker simulated connected (equity=1000000.00)
2026-08-29 04:46:17,631 | INFO    | quant_system.utils.notifier  | TRADE ALERT | [SELL] XAUUSD | 0.17 | 11,582.42 | SL 12,075.28 | TP - | State 1 Momentum
2026-08-29 04:46:17,632 | INFO    | quant_system                 | Cycle 1 | regime=1 | orders=1 filled=1
2026-08-29 04:46:18,637 | INFO    | quant_system.utils.notifier  | TRADE ALERT | [BUY] XAUUSD | 0.17 | 11,582.42 | SL 11,089.56 | TP - | State 1 Momentum
2026-08-29 04:46:18,637 | INFO    | quant_system                 | Cycle 2 | regime=1 | orders=1 filled=1
2026-08-29 04:46:19,638 | INFO    | quant_system                 | Cycle 3 | regime=1 | no orders (normal_conditions)
2026-08-29 04:46:20,639 | INFO    | quant_system                 | Cycle 4 | regime=1 | no orders (normal_conditions)
2026-08-29 04:46:21,641 | INFO    | quant_system                 | Cycle 5 | regime=1 | no orders (normal_conditions)
2026-08-29 04:46:22,642 | INFO    | quant_system                 | Cycle 6 | regime=1 | no orders (normal_conditions)
2026-08-29 04:46:23,643 | INFO    | quant_system                 | Cycle 7 | regime=1 | no orders (normal_conditions)
2026-08-29 04:46:24,645 | INFO    | quant_system                 | Cycle 8 | regime=1 | no orders (normal_conditions)
2026-08-29 04:46:25,646 | INFO    | quant_system                 | Cycle 9 | regime=1 | no orders (normal_conditions)
2026-08-29 04:46:26,647 | INFO    | quant_system                 | Cycle 10 | regime=1 | no orders (normal_conditions)
2026-08-29 04:46:27,648 | INFO    | quant_system                 | Cycle 11 | regime=1 | no orders (normal_conditions)
2026-08-29 04:46:28,649 | INFO    | quant_system                 | Cycle 12 | regime=1 | no orders (normal_conditions)
2026-08-29 04:46:29,651 | INFO    | quant_system                 | Cycle 13 | regime=1 | no orders (normal_conditions)
2026-08-29 04:46:30,652 | INFO    | quant_system                 | Cycle 14 | regime=1 | no orders (normal_conditions)
2026-08-29 04:46:31,653 | INFO    | quant_system                 | Cycle 15 | regime=1 | no orders (normal_conditions)
2026-08-29 04:46:32,655 | INFO    | quant_system                 | Cycle 16 | regime=1 | no orders (normal_conditions)
2026-08-29 04:46:33,656 | INFO    | quant_system                 | Cycle 17 | regime=1 | no orders (normal_conditions)
2026-08-29 04:46:34,658 | INFO    | quant_system                 | Cycle 18 | regime=1 | no orders (normal_conditions)
2026-08-29 04:46:35,658 | WARNING | quant_system                 | Shutdown requested (halt_file) - stopping before cycle 19.
2026-08-29 04:46:35,658 | INFO    | quant_system                 | Shutdown requested (halt_file) - no open positions.
2026-08-29 04:46:35,659 | INFO    | quant_system                 | Live session finished: {
  "submitted": 2,
  "filled": 2,
  "rejected": 0,
  "skipped": 0,
  "retries": 0,
  "final_equity": 999991.3092982327,
  "open_positions": 0,
  "demo_mode": true,
  "daily_trade_limit": -1,
  "notifier": {
    "started": false,
    "toast_backend": "none",
    "backend_note": "toasts disabled by configuration",
    "toasts_delivered": 2,
    "announced": 2,
    "filtered": {
      "notifier_disabled": 0,
      "not_a_confirmed_fill": 0,
      "zero_filled_quantity": 0,
      "duplicate_order_id": 0,
      "backend_unavailable": 0,
      "unknown_symbol": 0
    },
    "voice": {
      "enabled": false
    }
  }
}
2026-08-29 04:47:06,210 | INFO    | quant_system                 | Logging to /home/user/quant_system/reports/logs/quant_system.log
2026-08-29 04:47:06,211 | INFO    | quant_system                 | quant_system v1.0.0 | mode=live source=synthetic 2015-01-01..2025-12-31
2026-08-29 04:47:06,211 | INFO    | quant_system                 | Trade governance: mode=DEMO (unlimited) daily_trade_limit=unlimited
2026-08-29 04:47:06,211 | INFO    | quant_system.utils.notifier  | Notifier started (toast=none voice=off)
2026-08-29 04:47:06,211 | INFO    | quant_system                 | Notifier: toasts=False (toasts disabled by configuration) voice=False (speak)
2026-08-29 04:47:06,263 | INFO    | quant_system                 | Loaded 5 symbols x 2870 bars from {'XAUUSD': 'synthetic', 'XAGUSD': 'synthetic', 'EURUSD': 'synthetic', 'USDCHF': 'synthetic', 'USDJPY': 'synthetic'}
2026-08-29 04:47:06,645 | WARNING | hmmlearn.base                | Model is not converging.  Current: -449.2574038483823 is not greater than -449.25718525847867. Delta is -0.0002185899036248884
2026-08-29 04:47:21,957 | INFO    | quant_system.execution.brokers.simulated_broker | Simulated broker connected.
2026-08-29 04:47:21,957 | INFO    | quant_system                 | Broker simulated connected (equity=1000000.00)
2026-08-29 04:47:24,795 | INFO    | quant_system.utils.notifier  | TRADE ALERT | [SELL] XAUUSD | 0.17 | 11,582.42 | SL 12,075.28 | TP - | State 1 Momentum
2026-08-29 04:47:24,795 | INFO    | quant_system                 | Cycle 1 | regime=1 | orders=1 filled=1
2026-08-29 04:47:25,801 | INFO    | quant_system.utils.notifier  | TRADE ALERT | [BUY] XAUUSD | 0.17 | 11,582.42 | SL 11,089.56 | TP - | State 1 Momentum
2026-08-29 04:47:25,801 | INFO    | quant_system                 | Cycle 2 | regime=1 | orders=1 filled=1
2026-08-29 04:47:26,802 | INFO    | quant_system                 | Cycle 3 | regime=1 | no orders (normal_conditions)
2026-08-29 04:47:27,804 | INFO    | quant_system                 | Cycle 4 | regime=1 | no orders (normal_conditions)
2026-08-29 04:47:28,805 | INFO    | quant_system                 | Cycle 5 | regime=1 | no orders (normal_conditions)
2026-08-29 04:47:29,806 | INFO    | quant_system                 | Cycle 6 | regime=1 | no orders (normal_conditions)
2026-08-29 04:47:30,807 | INFO    | quant_system                 | Cycle 7 | regime=1 | no orders (normal_conditions)
2026-08-29 04:47:31,808 | INFO    | quant_system                 | Cycle 8 | regime=1 | no orders (normal_conditions)
2026-08-29 04:47:32,309 | WARNING | quant_system                 | Shutdown requested (halt_file) - stopping before cycle 9.
2026-08-29 04:47:32,309 | INFO    | quant_system                 | Shutdown requested (halt_file) - no open positions.
2026-08-29 04:47:32,310 | INFO    | quant_system                 | Live session finished: {
  "submitted": 2,
  "filled": 2,
  "rejected": 0,
  "skipped": 0,
  "retries": 0,
  "final_equity": 999991.3092982327,
  "open_positions": 0,
  "demo_mode": true,
  "daily_trade_limit": -1,
  "notifier": {
    "started": false,
    "toast_backend": "none",
    "backend_note": "toasts disabled by configuration",
    "toasts_delivered": 2,
    "announced": 2,
    "filtered": {
      "notifier_disabled": 0,
      "not_a_confirmed_fill": 0,
      "zero_filled_quantity": 0,
      "duplicate_order_id": 0,
      "backend_unavailable": 0,
      "unknown_symbol": 0
    },
    "voice": {
      "enabled": false
    }
  }
}
2026-08-29 04:48:04,472 | INFO    | quant_system                 | Logging to /home/user/quant_system/reports/logs/quant_system.log
2026-08-29 04:48:04,472 | INFO    | quant_system                 | quant_system v1.0.0 | mode=live source=synthetic 2015-01-01..2025-12-31
2026-08-29 04:48:04,472 | INFO    | quant_system                 | Trade governance: mode=DEMO (unlimited) daily_trade_limit=unlimited
2026-08-29 04:48:04,472 | INFO    | quant_system.utils.notifier  | Notifier started (toast=none voice=off)
2026-08-29 04:48:04,472 | INFO    | quant_system                 | Notifier: toasts=False (toasts disabled by configuration) voice=False (speak)
2026-08-29 04:48:04,525 | INFO    | quant_system                 | Loaded 5 symbols x 2870 bars from {'XAUUSD': 'synthetic', 'XAGUSD': 'synthetic', 'EURUSD': 'synthetic', 'USDCHF': 'synthetic', 'USDJPY': 'synthetic'}
2026-08-29 04:48:04,885 | WARNING | hmmlearn.base                | Model is not converging.  Current: -449.2574038483823 is not greater than -449.25718525847867. Delta is -0.0002185899036248884
2026-08-29 04:48:20,132 | ERROR   | quant_system                 | Halt file /home/user/quant_system/reports/HALT exists at start-up. Remove it before launching: rm /home/user/quant_system/reports/HALT
2026-08-29 04:48:49,714 | INFO    | quant_system                 | Logging to /home/user/quant_system/reports/logs/quant_system.log
2026-08-29 04:48:49,714 | INFO    | quant_system                 | quant_system v1.0.0 | mode=live source=synthetic 2024-01-01..2025-06-30
2026-08-29 04:48:49,714 | INFO    | quant_system                 | Trade governance: mode=DEMO (unlimited) daily_trade_limit=unlimited
2026-08-29 04:48:49,714 | INFO    | quant_system.utils.notifier  | Notifier started (toast=none voice=off)
2026-08-29 04:48:49,714 | INFO    | quant_system                 | Notifier: toasts=False (toasts disabled by configuration) voice=False (speak)
2026-08-29 04:48:49,724 | INFO    | quant_system                 | Loaded 5 symbols x 391 bars from {'XAUUSD': 'synthetic', 'XAGUSD': 'synthetic', 'EURUSD': 'synthetic', 'USDCHF': 'synthetic', 'USDJPY': 'synthetic'}
2026-08-29 04:48:50,264 | INFO    | quant_system.execution.brokers.simulated_broker | Simulated broker connected.
2026-08-29 04:48:50,264 | INFO    | quant_system                 | Broker simulated connected (equity=1000000.00)
2026-08-29 04:48:50,773 | INFO    | quant_system                 | Cycle 1 | regime=2 | no orders (regime_state_2_shock)
2026-08-29 04:48:51,774 | INFO    | quant_system                 | Cycle 2 | regime=2 | no orders (regime_state_2_shock)
2026-08-29 04:48:52,775 | INFO    | quant_system                 | Cycle 3 | regime=2 | no orders (regime_state_2_shock)
2026-08-29 04:48:53,776 | INFO    | quant_system                 | Cycle 4 | regime=2 | no orders (regime_state_2_shock)
2026-08-29 04:48:54,778 | INFO    | quant_system                 | Cycle 5 | regime=2 | no orders (regime_state_2_shock)
2026-08-29 04:48:55,779 | INFO    | quant_system                 | Cycle 6 | regime=2 | no orders (regime_state_2_shock)
2026-08-29 04:48:56,780 | INFO    | quant_system                 | Cycle 7 | regime=2 | no orders (regime_state_2_shock)
2026-08-29 04:48:57,781 | INFO    | quant_system                 | Cycle 8 | regime=2 | no orders (regime_state_2_shock)
2026-08-29 04:48:58,782 | INFO    | quant_system                 | Cycle 9 | regime=2 | no orders (regime_state_2_shock)
2026-08-29 04:48:59,783 | INFO    | quant_system                 | Cycle 10 | regime=2 | no orders (regime_state_2_shock)
2026-08-29 04:49:00,784 | INFO    | quant_system                 | Cycle 11 | regime=2 | no orders (regime_state_2_shock)
2026-08-29 04:49:01,785 | INFO    | quant_system                 | Cycle 12 | regime=2 | no orders (regime_state_2_shock)
2026-08-29 04:49:02,786 | INFO    | quant_system                 | Cycle 13 | regime=2 | no orders (regime_state_2_shock)
2026-08-29 04:49:03,786 | WARNING | quant_system                 | Shutdown requested (halt_file) - stopping before cycle 14.
2026-08-29 04:49:03,787 | INFO    | quant_system                 | Shutdown requested (halt_file) - no open positions.
2026-08-29 04:49:03,787 | INFO    | quant_system                 | Live session finished: {
  "submitted": 0,
  "filled": 0,
  "rejected": 0,
  "skipped": 0,
  "retries": 0,
  "final_equity": 1000000.0,
  "open_positions": 0,
  "demo_mode": true,
  "daily_trade_limit": -1,
  "notifier": {
    "started": false,
    "toast_backend": "none",
    "backend_note": "toasts disabled by configuration",
    "toasts_delivered": 0,
    "announced": 0,
    "filtered": {
      "notifier_disabled": 0,
      "not_a_confirmed_fill": 0,
      "zero_filled_quantity": 0,
      "duplicate_order_id": 0,
      "backend_unavailable": 0,
      "unknown_symbol": 0
    },
    "voice": {
      "enabled": false
    }
  }
}
2026-08-29 04:49:25,485 | INFO    | quant_system                 | Logging to /home/user/quant_system/reports/logs/quant_system.log
2026-08-29 04:49:25,485 | INFO    | quant_system                 | quant_system v1.0.0 | mode=live source=synthetic 2024-01-01..2025-06-30
2026-08-29 04:49:25,485 | INFO    | quant_system                 | Trade governance: mode=DEMO (unlimited) daily_trade_limit=unlimited
2026-08-29 04:49:25,485 | INFO    | quant_system.utils.notifier  | Notifier started (toast=none voice=off)
2026-08-29 04:49:25,486 | INFO    | quant_system                 | Notifier: toasts=False (toasts disabled by configuration) voice=False (speak)
2026-08-29 04:49:25,498 | INFO    | quant_system                 | Loaded 5 symbols x 391 bars from {'XAUUSD': 'synthetic', 'XAGUSD': 'synthetic', 'EURUSD': 'synthetic', 'USDCHF': 'synthetic', 'USDJPY': 'synthetic'}
2026-08-29 04:49:26,056 | INFO    | quant_system.execution.brokers.simulated_broker | Simulated broker connected.
2026-08-29 04:49:26,057 | INFO    | quant_system                 | Broker simulated connected (equity=1000000.00)
2026-08-29 04:49:32,335 | INFO    | quant_system                 | Logging to /home/user/quant_system/reports/logs/quant_system.log
2026-08-29 04:49:32,336 | INFO    | quant_system                 | quant_system v1.0.0 | mode=live source=synthetic 2024-01-01..2025-06-30
2026-08-29 04:49:32,336 | INFO    | quant_system                 | Trade governance: mode=DEMO (unlimited) daily_trade_limit=unlimited
2026-08-29 04:49:32,336 | INFO    | quant_system.utils.notifier  | Notifier started (toast=none voice=off)
2026-08-29 04:49:32,336 | INFO    | quant_system                 | Notifier: toasts=False (toasts disabled by configuration) voice=False (speak)
2026-08-29 04:49:32,345 | INFO    | quant_system                 | Loaded 5 symbols x 391 bars from {'XAUUSD': 'synthetic', 'XAGUSD': 'synthetic', 'EURUSD': 'synthetic', 'USDCHF': 'synthetic', 'USDJPY': 'synthetic'}
2026-08-29 04:49:32,878 | INFO    | quant_system.execution.brokers.simulated_broker | Simulated broker connected.
2026-08-29 04:49:32,878 | INFO    | quant_system                 | Broker simulated connected (equity=1000000.00)
2026-08-29 04:49:46,286 | INFO    | quant_system                 | Logging to /home/user/quant_system/reports/logs/quant_system.log
2026-08-29 04:49:46,286 | INFO    | quant_system                 | quant_system v1.0.0 | mode=live source=synthetic 2024-01-01..2025-06-30
2026-08-29 04:49:46,286 | INFO    | quant_system                 | Trade governance: mode=DEMO (unlimited) daily_trade_limit=unlimited
2026-08-29 04:49:46,286 | INFO    | quant_system.utils.notifier  | Notifier started (toast=none voice=off)
2026-08-29 04:49:46,287 | INFO    | quant_system                 | Notifier: toasts=False (toasts disabled by configuration) voice=False (speak)
2026-08-29 04:49:46,296 | INFO    | quant_system                 | Loaded 5 symbols x 391 bars from {'XAUUSD': 'synthetic', 'XAGUSD': 'synthetic', 'EURUSD': 'synthetic', 'USDCHF': 'synthetic', 'USDJPY': 'synthetic'}
2026-08-29 04:49:46,852 | INFO    | quant_system.execution.brokers.simulated_broker | Simulated broker connected.
2026-08-29 04:49:46,852 | INFO    | quant_system                 | Broker simulated connected (equity=1000000.00)
2026-08-29 04:49:47,365 | INFO    | quant_system.utils.notifier  | TRADE ALERT | [SELL] XAUUSD | 0.73 | 4,085.61 | SL 4,294.20 | TP - | State 1 Momentum
2026-08-29 04:49:47,365 | INFO    | quant_system                 | Cycle 1 | regime=1 | orders=1 filled=1
2026-08-29 04:49:48,367 | INFO    | quant_system                 | Cycle 2 | regime=1 | orders=0 filled=0
2026-08-29 04:49:49,368 | INFO    | quant_system                 | Cycle 3 | regime=1 | orders=0 filled=0
2026-08-29 04:49:50,370 | INFO    | quant_system                 | Cycle 4 | regime=1 | orders=0 filled=0
2026-08-29 04:49:51,372 | INFO    | quant_system                 | Cycle 5 | regime=1 | orders=0 filled=0
2026-08-29 04:49:52,373 | INFO    | quant_system                 | Cycle 6 | regime=1 | orders=0 filled=0
2026-08-29 04:49:53,375 | INFO    | quant_system                 | Cycle 7 | regime=1 | orders=0 filled=0
2026-08-29 04:49:54,376 | INFO    | quant_system                 | Cycle 8 | regime=1 | orders=0 filled=0
2026-08-29 04:49:55,377 | INFO    | quant_system                 | Cycle 9 | regime=1 | orders=0 filled=0
2026-08-29 04:49:56,379 | INFO    | quant_system                 | Cycle 10 | regime=1 | orders=0 filled=0
2026-08-29 04:49:57,381 | INFO    | quant_system                 | Cycle 11 | regime=1 | orders=0 filled=0
2026-08-29 04:49:58,383 | INFO    | quant_system                 | Cycle 12 | regime=1 | orders=0 filled=0
2026-08-29 04:49:59,384 | INFO    | quant_system                 | Cycle 13 | regime=1 | orders=0 filled=0
2026-08-29 04:50:00,384 | WARNING | quant_system                 | Shutdown requested (halt_file) - stopping before cycle 14.
2026-08-29 04:50:00,385 | WARNING | quant_system                 | Shutdown requested (halt_file) - flattening 1 position(s): ['XAUUSD']
2026-08-29 04:50:00,385 | WARNING | quant_system                 | Flatten result: ['filled']
2026-08-29 04:50:00,386 | INFO    | quant_system                 | Live session finished: {
  "submitted": 2,
  "filled": 2,
  "rejected": 0,
  "skipped": 12,
  "retries": 0,
  "final_equity": 999985.0628599678,
  "open_positions": 0,
  "demo_mode": true,
  "daily_trade_limit": -1,
  "notifier": {
    "started": false,
    "toast_backend": "none",
    "backend_note": "toasts disabled by configuration",
    "toasts_delivered": 1,
    "announced": 1,
    "filtered": {
      "notifier_disabled": 0,
      "not_a_confirmed_fill": 0,
      "zero_filled_quantity": 0,
      "duplicate_order_id": 0,
      "backend_unavailable": 0,
      "unknown_symbol": 0
    },
    "voice": {
      "enabled": false
    }
  }
}
2026-08-29 04:50:12,269 | INFO    | quant_system                 | Logging to /home/user/quant_system/reports/logs/quant_system.log
2026-08-29 04:50:12,269 | INFO    | quant_system                 | quant_system v1.0.0 | mode=live source=synthetic 2024-01-01..2025-06-30
2026-08-29 04:50:12,269 | INFO    | quant_system                 | Trade governance: mode=DEMO (unlimited) daily_trade_limit=unlimited
2026-08-29 04:50:12,269 | INFO    | quant_system.utils.notifier  | Notifier started (toast=none voice=off)
2026-08-29 04:50:12,269 | INFO    | quant_system                 | Notifier: toasts=False (toasts disabled by configuration) voice=False (speak)
2026-08-29 04:50:12,280 | INFO    | quant_system                 | Loaded 5 symbols x 391 bars from {'XAUUSD': 'synthetic', 'XAGUSD': 'synthetic', 'EURUSD': 'synthetic', 'USDCHF': 'synthetic', 'USDJPY': 'synthetic'}
2026-08-29 04:50:12,831 | INFO    | quant_system.execution.brokers.simulated_broker | Simulated broker connected.
2026-08-29 04:50:12,831 | INFO    | quant_system                 | Broker simulated connected (equity=1000000.00)
2026-08-29 04:50:13,346 | INFO    | quant_system                 | Cycle 1 | regime=2 | no orders (regime_state_2_shock)
2026-08-29 04:50:14,347 | INFO    | quant_system                 | Cycle 2 | regime=2 | no orders (regime_state_2_shock)
2026-08-29 04:50:15,348 | INFO    | quant_system                 | Cycle 3 | regime=2 | no orders (regime_state_2_shock)
2026-08-29 04:50:16,349 | INFO    | quant_system                 | Cycle 4 | regime=2 | no orders (regime_state_2_shock)
2026-08-29 04:50:17,350 | INFO    | quant_system                 | Cycle 5 | regime=2 | no orders (regime_state_2_shock)
2026-08-29 04:50:18,351 | INFO    | quant_system                 | Cycle 6 | regime=2 | no orders (regime_state_2_shock)
2026-08-29 04:50:19,352 | INFO    | quant_system                 | Cycle 7 | regime=2 | no orders (regime_state_2_shock)
2026-08-29 04:50:20,353 | INFO    | quant_system                 | Cycle 8 | regime=2 | no orders (regime_state_2_shock)
2026-08-29 04:50:21,354 | INFO    | quant_system                 | Cycle 9 | regime=2 | no orders (regime_state_2_shock)
2026-08-29 04:50:22,355 | INFO    | quant_system                 | Cycle 10 | regime=2 | no orders (regime_state_2_shock)
2026-08-29 04:50:23,356 | INFO    | quant_system                 | Cycle 11 | regime=2 | no orders (regime_state_2_shock)
2026-08-29 04:50:24,358 | INFO    | quant_system                 | Cycle 12 | regime=2 | no orders (regime_state_2_shock)
2026-08-29 04:50:25,360 | INFO    | quant_system                 | Cycle 13 | regime=2 | no orders (regime_state_2_shock)
2026-08-29 04:50:26,362 | INFO    | quant_system                 | Cycle 14 | regime=2 | no orders (regime_state_2_shock)
2026-08-29 04:50:27,363 | INFO    | quant_system                 | Cycle 15 | regime=2 | no orders (regime_state_2_shock)
2026-08-29 04:50:28,364 | INFO    | quant_system                 | Cycle 16 | regime=2 | no orders (regime_state_2_shock)
2026-08-29 04:50:29,365 | INFO    | quant_system                 | Cycle 17 | regime=2 | no orders (regime_state_2_shock)
2026-08-29 04:50:30,366 | INFO    | quant_system                 | Cycle 18 | regime=2 | no orders (regime_state_2_shock)
2026-08-29 04:50:31,367 | INFO    | quant_system                 | Cycle 19 | regime=2 | no orders (regime_state_2_shock)
2026-08-29 04:50:32,369 | INFO    | quant_system                 | Cycle 20 | regime=2 | no orders (regime_state_2_shock)
2026-08-29 04:50:33,370 | INFO    | quant_system                 | Cycle 21 | regime=2 | no orders (regime_state_2_shock)
2026-08-29 04:50:34,371 | INFO    | quant_system                 | Cycle 22 | regime=2 | no orders (regime_state_2_shock)
2026-08-29 04:50:35,372 | INFO    | quant_system                 | Cycle 23 | regime=2 | no orders (regime_state_2_shock)
2026-08-29 04:50:36,373 | INFO    | quant_system                 | Cycle 24 | regime=2 | no orders (regime_state_2_shock)
2026-08-29 04:50:37,375 | INFO    | quant_system                 | Cycle 25 | regime=2 | no orders (regime_state_2_shock)
2026-08-29 04:50:38,376 | INFO    | quant_system                 | Cycle 26 | regime=2 | no orders (regime_state_2_shock)
2026-08-29 04:50:39,377 | INFO    | quant_system                 | Cycle 27 | regime=2 | no orders (regime_state_2_shock)
2026-08-29 04:50:40,378 | INFO    | quant_system                 | Cycle 28 | regime=2 | no orders (regime_state_2_shock)
2026-08-29 04:50:41,379 | INFO    | quant_system                 | Cycle 29 | regime=2 | no orders (regime_state_2_shock)
2026-08-29 04:50:42,381 | INFO    | quant_system                 | Cycle 30 | regime=2 | no orders (regime_state_2_shock)
2026-08-29 04:50:43,383 | INFO    | quant_system                 | Cycle 31 | regime=2 | no orders (regime_state_2_shock)
2026-08-29 04:50:44,384 | INFO    | quant_system                 | Cycle 32 | regime=2 | no orders (regime_state_2_shock)
2026-08-29 04:50:45,385 | INFO    | quant_system                 | Cycle 33 | regime=2 | no orders (regime_state_2_shock)
2026-08-29 04:50:46,387 | INFO    | quant_system                 | Cycle 34 | regime=2 | no orders (regime_state_2_shock)
2026-08-29 04:50:47,388 | INFO    | quant_system                 | Cycle 35 | regime=2 | no orders (regime_state_2_shock)
2026-08-29 04:50:48,389 | INFO    | quant_system                 | Cycle 36 | regime=2 | no orders (regime_state_2_shock)
2026-08-29 04:50:49,390 | INFO    | quant_system                 | Cycle 37 | regime=2 | no orders (regime_state_2_shock)
2026-08-29 04:50:50,391 | INFO    | quant_system                 | Cycle 38 | regime=2 | no orders (regime_state_2_shock)
2026-08-29 04:50:51,392 | INFO    | quant_system                 | Cycle 39 | regime=2 | no orders (regime_state_2_shock)
2026-08-29 04:50:52,393 | INFO    | quant_system                 | Cycle 40 | regime=2 | no orders (regime_state_2_shock)
2026-08-29 04:50:53,394 | INFO    | quant_system                 | Cycle 41 | regime=2 | no orders (regime_state_2_shock)
2026-08-29 04:50:54,395 | INFO    | quant_system                 | Cycle 42 | regime=2 | no orders (regime_state_2_shock)
2026-08-29 04:50:55,396 | INFO    | quant_system                 | Cycle 43 | regime=2 | no orders (regime_state_2_shock)
2026-08-29 04:50:56,397 | INFO    | quant_system                 | Cycle 44 | regime=2 | no orders (regime_state_2_shock)
2026-08-29 04:50:57,398 | INFO    | quant_system                 | Cycle 45 | regime=2 | no orders (regime_state_2_shock)
2026-08-29 04:50:58,399 | INFO    | quant_system                 | Cycle 46 | regime=2 | no orders (regime_state_2_shock)
2026-08-29 04:50:59,400 | INFO    | quant_system                 | Cycle 47 | regime=2 | no orders (regime_state_2_shock)
2026-08-29 04:51:00,401 | INFO    | quant_system                 | Cycle 48 | regime=2 | no orders (regime_state_2_shock)
2026-08-29 04:51:01,402 | INFO    | quant_system                 | Cycle 49 | regime=2 | no orders (regime_state_2_shock)
2026-08-29 04:51:02,404 | INFO    | quant_system                 | Cycle 50 | regime=2 | no orders (regime_state_2_shock)
2026-08-29 04:51:03,405 | INFO    | quant_system                 | Cycle 51 | regime=2 | no orders (regime_state_2_shock)
2026-08-29 04:51:04,406 | INFO    | quant_system                 | Cycle 52 | regime=2 | no orders (regime_state_2_shock)
2026-08-29 04:51:05,407 | INFO    | quant_system                 | Cycle 53 | regime=2 | no orders (regime_state_2_shock)
2026-08-29 04:51:06,408 | INFO    | quant_system                 | Cycle 54 | regime=2 | no orders (regime_state_2_shock)
2026-08-29 04:51:07,409 | INFO    | quant_system                 | Cycle 55 | regime=2 | no orders (regime_state_2_shock)
2026-08-29 04:51:08,410 | INFO    | quant_system                 | Cycle 56 | regime=2 | no orders (regime_state_2_shock)
2026-08-29 04:51:09,412 | INFO    | quant_system                 | Cycle 57 | regime=2 | no orders (regime_state_2_shock)
2026-08-29 04:51:10,413 | INFO    | quant_system                 | Cycle 58 | regime=2 | no orders (regime_state_2_shock)
2026-08-29 04:51:11,415 | INFO    | quant_system                 | Cycle 59 | regime=2 | no orders (regime_state_2_shock)
2026-08-29 04:51:12,416 | INFO    | quant_system                 | Cycle 60 | regime=2 | no orders (regime_state_2_shock)
2026-08-29 04:51:13,417 | INFO    | quant_system                 | Cycle 61 | regime=2 | no orders (regime_state_2_shock)
2026-08-29 04:51:14,419 | INFO    | quant_system                 | Cycle 62 | regime=2 | no orders (regime_state_2_shock)
2026-08-29 04:51:15,420 | INFO    | quant_system                 | Cycle 63 | regime=2 | no orders (regime_state_2_shock)
2026-08-29 04:51:16,421 | INFO    | quant_system                 | Cycle 64 | regime=2 | no orders (regime_state_2_shock)
2026-08-29 04:51:17,423 | INFO    | quant_system                 | Cycle 65 | regime=2 | no orders (regime_state_2_shock)
2026-08-29 04:51:18,424 | INFO    | quant_system                 | Cycle 66 | regime=2 | no orders (regime_state_2_shock)
2026-08-29 04:51:19,425 | INFO    | quant_system                 | Cycle 67 | regime=2 | no orders (regime_state_2_shock)
2026-08-29 04:51:20,425 | INFO    | quant_system                 | Cycle 68 | regime=2 | no orders (regime_state_2_shock)
2026-08-29 04:51:21,427 | INFO    | quant_system                 | Cycle 69 | regime=2 | no orders (regime_state_2_shock)
2026-08-29 04:51:22,428 | INFO    | quant_system                 | Cycle 70 | regime=2 | no orders (regime_state_2_shock)
2026-08-29 04:51:23,429 | INFO    | quant_system                 | Cycle 71 | regime=2 | no orders (regime_state_2_shock)
2026-08-29 04:51:24,430 | INFO    | quant_system                 | Cycle 72 | regime=2 | no orders (regime_state_2_shock)
2026-08-29 04:51:25,431 | INFO    | quant_system                 | Cycle 73 | regime=2 | no orders (regime_state_2_shock)
2026-08-29 04:51:26,432 | INFO    | quant_system                 | Cycle 74 | regime=2 | no orders (regime_state_2_shock)
2026-08-29 04:51:27,432 | INFO    | quant_system                 | Cycle 75 | regime=2 | no orders (regime_state_2_shock)
2026-08-29 04:51:28,433 | INFO    | quant_system                 | Cycle 76 | regime=2 | no orders (regime_state_2_shock)
2026-08-29 04:51:29,434 | INFO    | quant_system                 | Cycle 77 | regime=2 | no orders (regime_state_2_shock)
2026-08-29 04:51:30,435 | INFO    | quant_system                 | Cycle 78 | regime=2 | no orders (regime_state_2_shock)
2026-08-29 04:51:31,436 | INFO    | quant_system                 | Cycle 79 | regime=2 | no orders (regime_state_2_shock)
2026-08-29 04:51:32,437 | INFO    | quant_system                 | Cycle 80 | regime=2 | no orders (regime_state_2_shock)
2026-08-29 04:51:33,438 | INFO    | quant_system                 | Cycle 81 | regime=2 | no orders (regime_state_2_shock)
2026-08-29 04:51:34,439 | INFO    | quant_system                 | Cycle 82 | regime=2 | no orders (regime_state_2_shock)
2026-08-29 04:51:35,440 | INFO    | quant_system                 | Cycle 83 | regime=2 | no orders (regime_state_2_shock)
2026-08-29 04:51:36,441 | INFO    | quant_system                 | Cycle 84 | regime=2 | no orders (regime_state_2_shock)
2026-08-29 04:51:37,442 | INFO    | quant_system                 | Cycle 85 | regime=2 | no orders (regime_state_2_shock)
2026-08-29 04:51:38,443 | INFO    | quant_system                 | Cycle 86 | regime=2 | no orders (regime_state_2_shock)
2026-08-29 04:51:39,444 | INFO    | quant_system                 | Cycle 87 | regime=2 | no orders (regime_state_2_shock)
2026-08-29 04:51:40,446 | INFO    | quant_system                 | Cycle 88 | regime=2 | no orders (regime_state_2_shock)
2026-08-29 04:51:41,447 | INFO    | quant_system                 | Cycle 89 | regime=2 | no orders (regime_state_2_shock)
2026-08-29 04:51:42,448 | INFO    | quant_system                 | Cycle 90 | regime=2 | no orders (regime_state_2_shock)
2026-08-29 04:51:43,449 | INFO    | quant_system                 | Cycle 91 | regime=2 | no orders (regime_state_2_shock)
2026-08-29 04:51:44,450 | INFO    | quant_system                 | Cycle 92 | regime=2 | no orders (regime_state_2_shock)
2026-08-29 04:51:45,451 | INFO    | quant_system                 | Cycle 93 | regime=2 | no orders (regime_state_2_shock)
2026-08-29 04:51:46,452 | INFO    | quant_system                 | Cycle 94 | regime=2 | no orders (regime_state_2_shock)
2026-08-29 04:51:47,453 | INFO    | quant_system                 | Cycle 95 | regime=2 | no orders (regime_state_2_shock)
2026-08-29 04:51:48,454 | INFO    | quant_system                 | Cycle 96 | regime=2 | no orders (regime_state_2_shock)
2026-08-29 04:51:49,455 | INFO    | quant_system                 | Cycle 97 | regime=2 | no orders (regime_state_2_shock)
2026-08-29 04:51:50,456 | INFO    | quant_system                 | Cycle 98 | regime=2 | no orders (regime_state_2_shock)
2026-08-29 04:51:51,457 | INFO    | quant_system                 | Cycle 99 | regime=2 | no orders (regime_state_2_shock)
2026-08-29 04:51:52,458 | INFO    | quant_system                 | Cycle 100 | regime=2 | no orders (regime_state_2_shock)
2026-08-29 04:51:53,459 | INFO    | quant_system                 | Cycle 101 | regime=2 | no orders (regime_state_2_shock)
2026-08-29 04:51:54,229 | WARNING | quant_system                 | SIGINT received - finishing the current cycle, then shutting down cleanly. Send it again to abort right now.
2026-08-29 04:51:54,459 | WARNING | quant_system                 | Shutdown requested (signal) - stopping before cycle 102.
2026-08-29 04:51:54,459 | INFO    | quant_system                 | Shutdown requested (signal) - no open positions.
2026-08-29 04:51:54,460 | INFO    | quant_system                 | Live session finished: {
  "submitted": 0,
  "filled": 0,
  "rejected": 0,
  "skipped": 0,
  "retries": 0,
  "final_equity": 1000000.0,
  "open_positions": 0,
  "demo_mode": true,
  "daily_trade_limit": -1,
  "notifier": {
    "started": false,
    "toast_backend": "none",
    "backend_note": "toasts disabled by configuration",
    "toasts_delivered": 0,
    "announced": 0,
    "filtered": {
      "notifier_disabled": 0,
      "not_a_confirmed_fill": 0,
      "zero_filled_quantity": 0,
      "duplicate_order_id": 0,
      "backend_unavailable": 0,
      "unknown_symbol": 0
    },
    "voice": {
      "enabled": false
    }
  }
}
2026-08-29 04:53:22,078 | INFO    | quant_system                 | Logging to /home/user/quant_system/reports/logs/quant_system.log
2026-08-29 04:53:22,078 | INFO    | quant_system                 | quant_system v1.0.0 | mode=backtest source=auto 2020-01-01..2025-12-31
2026-08-29 04:53:22,570 | ERROR   | yfinance                     | HTTP Error 404: {"quoteSummary":{"result":null,"error":{"code":"Not Found","description":"Quote not found for symbol: XAUUSD=X"}}}
2026-08-29 04:53:22,629 | ERROR   | yfinance                     | $XAUUSD=X: possibly delisted; no timezone found
2026-08-29 04:53:22,630 | ERROR   | yfinance                     | 
1 Failed download:
2026-08-29 04:53:22,630 | ERROR   | yfinance                     | ['XAUUSD=X']: possibly delisted; no timezone found
2026-08-29 04:53:22,732 | INFO    | quant_system.data.ingestion  | Loaded XAUUSD from yfinance ticker GC=F (1509 bars)
2026-08-29 04:53:22,988 | ERROR   | yfinance                     | HTTP Error 404: {"quoteSummary":{"result":null,"error":{"code":"Not Found","description":"Quote not found for symbol: XAGUSD=X"}}}
2026-08-29 04:53:23,049 | ERROR   | yfinance                     | $XAGUSD=X: possibly delisted; no timezone found
2026-08-29 04:53:23,050 | ERROR   | yfinance                     | 
1 Failed download:
2026-08-29 04:53:23,050 | ERROR   | yfinance                     | ['XAGUSD=X']: possibly delisted; no timezone found
2026-08-29 04:53:23,149 | INFO    | quant_system.data.ingestion  | Loaded XAGUSD from yfinance ticker SI=F (1509 bars)
2026-08-29 04:53:23,256 | INFO    | quant_system.data.ingestion  | Loaded EURUSD from yfinance ticker EURUSD=X (1561 bars)
2026-08-29 04:53:23,361 | INFO    | quant_system.data.ingestion  | Loaded USDCHF from yfinance ticker USDCHF=X (1561 bars)
2026-08-29 04:53:23,464 | INFO    | quant_system.data.ingestion  | Loaded USDJPY from yfinance ticker USDJPY=X (1561 bars)
2026-08-29 04:53:23,471 | INFO    | quant_system                 | Loaded 5 symbols x 1508 bars from {'XAUUSD': 'yfinance', 'XAGUSD': 'yfinance', 'EURUSD': 'yfinance', 'USDCHF': 'yfinance', 'USDJPY': 'yfinance'}
2026-08-29 04:53:23,472 | INFO    | quant_system                 | Wrote /home/user/quant_system/reports/data_sources.json
2026-08-29 04:53:23,472 | INFO    | quant_system                 | Streaming HMM regimes over 1508 bars...
2026-08-29 04:53:30,570 | WARNING | hmmlearn.base                | Model is not converging.  Current: -1481.673587855603 is not greater than -1480.0860547785496. Delta is -1.587533077053422
2026-08-29 04:53:31,505 | INFO    | quant_system                 | Regime distribution: {'Low-Volatility / Range-Bound': '47.6%', 'High-Momentum / Strong Trend': '17.6%', 'High-Volatility / Market Shock': '34.7%'}
2026-08-29 04:53:33,148 | INFO    | quant_system.strategies.risk_preservation | State 2 detected at 2021-01-05 00:00:00 - de-risking 60% of 2 position(s).
2026-08-29 04:53:33,154 | INFO    | quant_system.strategies.risk_preservation | State 2 detected at 2021-01-07 00:00:00 - de-risking 60% of 2 position(s).
2026-08-29 04:53:33,357 | INFO    | quant_system.strategies.risk_preservation | State 2 detected at 2022-03-02 00:00:00 - de-risking 60% of 1 position(s).
2026-08-29 04:53:33,502 | INFO    | quant_system.strategies.risk_preservation | State 2 detected at 2023-03-03 00:00:00 - de-risking 60% of 1 position(s).
2026-08-29 04:53:33,695 | INFO    | quant_system.strategies.risk_preservation | State 2 detected at 2024-03-22 00:00:00 - de-risking 60% of 2 position(s).
2026-08-29 04:53:33,782 | INFO    | quant_system.strategies.risk_preservation | State 2 detected at 2024-10-14 00:00:00 - de-risking 60% of 1 position(s).
2026-08-29 04:53:33,833 | INFO    | quant_system.strategies.risk_preservation | State 2 detected at 2025-02-21 00:00:00 - de-risking 60% of 1 position(s).
2026-08-29 04:53:33,841 | INFO    | quant_system.strategies.risk_preservation | State 2 detected at 2025-02-25 00:00:00 - de-risking 60% of 1 position(s).
2026-08-29 04:53:33,847 | INFO    | quant_system.strategies.risk_preservation | State 2 detected at 2025-02-27 00:00:00 - de-risking 60% of 1 position(s).
2026-08-29 04:53:33,856 | INFO    | quant_system.strategies.risk_preservation | State 2 detected at 2025-03-06 00:00:00 - de-risking 60% of 1 position(s).
2026-08-29 04:53:33,949 | INFO    | quant_system.strategies.risk_preservation | State 2 detected at 2025-09-05 00:00:00 - de-risking 60% of 2 position(s).
2026-08-29 04:53:34,064 | INFO    | quant_system                 | 
                    start_equity : 1,000,000.0000
                    final_equity : 964,679.7096
                total_return_pct : -3.5320
                        cagr_pct : -0.5995
                    sharpe_ratio : -0.3886
                   sortino_ratio : -0.1933
                    calmar_ratio : -0.1122
                max_drawdown_pct : 5.3446
      max_drawdown_duration_bars : 665.0000
                   recovery_bars : 0.0000
                   drawdown_bars : 1,304.0000
       annualised_volatility_pct : 1.5178
                      var_95_pct : 0.1168
                     cvar_95_pct : 0.2442
                    hit_rate_pct : 13.6032
             active_hit_rate_pct : 47.3441
                    exposure_pct : 28.7326
                 best_period_pct : 0.9608
                worst_period_pct : -1.4058
                     num_periods : 1,507.0000
                     max_dd_peak : 2020-10-21
                   max_dd_trough : 2023-06-14
                      num_trades : 80
                        win_rate : 0.5125
                         avg_win : 3,158.9015
                        avg_loss : 3,943.6885
                      expectancy : -303.6111
                  expectancy_pct : -0.0006
                   profit_factor : 0.8421
                     largest_win : 15,339.5078
                    largest_loss : -15,919.5169
                    payoff_ratio : 0.8010
                   avg_bars_held : 14.8000
2026-08-29 04:53:34,088 | INFO    | quant_system                 | Wrote /home/user/quant_system/reports/backtest_summary.txt
2026-08-29 04:53:34,089 | INFO    | quant_system                 | Artifacts written to /home/user/quant_system/reports
2026-08-29 04:53:46,571 | INFO    | quant_system                 | Logging to /home/user/quant_system/reports/logs/quant_system.log
2026-08-29 04:53:46,572 | INFO    | quant_system                 | quant_system v1.0.0 | mode=both source=auto 2015-01-01..2025-12-31
2026-08-29 04:53:46,579 | INFO    | quant_system                 | Loaded 5 symbols x 2760 bars from {'XAUUSD': 'yfinance', 'XAGUSD': 'yfinance', 'EURUSD': 'yfinance', 'USDCHF': 'yfinance', 'USDJPY': 'yfinance'}
2026-08-29 04:53:46,580 | INFO    | quant_system                 | Wrote /home/user/quant_system/reports/data_sources.json
2026-08-29 04:53:46,580 | INFO    | quant_system                 | Streaming HMM regimes over 2760 bars...
2026-08-29 04:54:01,862 | INFO    | quant_system                 | Regime distribution: {'Low-Volatility / Range-Bound': '41.1%', 'High-Momentum / Strong Trend': '21.0%', 'High-Volatility / Market Shock': '37.9%'}
2026-08-29 04:54:04,712 | INFO    | quant_system.strategies.risk_preservation | State 2 detected at 2015-12-31 00:00:00 - de-risking 60% of 2 position(s).
2026-08-29 04:54:04,715 | INFO    | quant_system.strategies.risk_preservation | State 2 detected at 2016-01-05 00:00:00 - de-risking 60% of 2 position(s).
2026-08-29 04:54:04,718 | INFO    | quant_system.strategies.risk_preservation | State 2 detected at 2016-01-07 00:00:00 - de-risking 60% of 2 position(s).
2026-08-29 04:54:04,722 | INFO    | quant_system.strategies.risk_preservation | State 2 detected at 2016-01-12 00:00:00 - de-risking 60% of 2 position(s).
2026-08-29 04:54:04,726 | INFO    | quant_system.strategies.risk_preservation | State 2 detected at 2016-01-15 00:00:00 - de-risking 60% of 2 position(s).
2026-08-29 04:54:04,727 | INFO    | quant_system.strategies.risk_preservation | State 2 detected at 2016-01-20 00:00:00 - de-risking 60% of 2 position(s).
2026-08-29 04:54:04,730 | INFO    | quant_system.strategies.risk_preservation | State 2 detected at 2016-01-22 00:00:00 - de-risking 60% of 2 position(s).
2026-08-29 04:54:04,732 | INFO    | quant_system.strategies.risk_preservation | State 2 detected at 2016-01-26 00:00:00 - de-risking 60% of 2 position(s).
2026-08-29 04:54:04,739 | INFO    | quant_system.strategies.risk_preservation | State 2 detected at 2016-01-29 00:00:00 - de-risking 60% of 2 position(s).
2026-08-29 04:54:04,744 | INFO    | quant_system.strategies.risk_preservation | State 2 detected at 2016-02-02 00:00:00 - de-risking 60% of 2 position(s).
2026-08-29 04:54:04,750 | INFO    | quant_system.strategies.risk_preservation | State 2 detected at 2016-02-04 00:00:00 - de-risking 60% of 2 position(s).
2026-08-29 04:54:04,756 | INFO    | quant_system.strategies.risk_preservation | State 2 detected at 2016-02-08 00:00:00 - de-risking 60% of 2 position(s).
2026-08-29 04:54:04,757 | INFO    | quant_system.strategies.risk_preservation | State 2 detected at 2016-02-10 00:00:00 - de-risking 60% of 2 position(s).
2026-08-29 04:54:04,761 | INFO    | quant_system.strategies.risk_preservation | State 2 detected at 2016-02-12 00:00:00 - de-risking 60% of 2 position(s).
2026-08-29 04:54:04,764 | INFO    | quant_system.strategies.risk_preservation | State 2 detected at 2016-02-17 00:00:00 - de-risking 60% of 2 position(s).
2026-08-29 04:54:04,768 | INFO    | quant_system.strategies.risk_preservation | State 2 detected at 2016-02-19 00:00:00 - de-risking 60% of 2 position(s).
2026-08-29 04:54:04,771 | INFO    | quant_system.strategies.risk_preservation | State 2 detected at 2016-02-23 00:00:00 - de-risking 60% of 2 position(s).
2026-08-29 04:54:04,775 | INFO    | quant_system.strategies.risk_preservation | State 2 detected at 2016-02-25 00:00:00 - de-risking 60% of 2 position(s).
2026-08-29 04:54:04,778 | INFO    | quant_system.strategies.risk_preservation | State 2 detected at 2016-02-29 00:00:00 - de-risking 60% of 2 position(s).
2026-08-29 04:54:04,782 | INFO    | quant_system.strategies.risk_preservation | State 2 detected at 2016-03-02 00:00:00 - de-risking 60% of 2 position(s).
2026-08-29 04:54:04,785 | INFO    | quant_system.strategies.risk_preservation | State 2 detected at 2016-03-04 00:00:00 - de-risking 60% of 2 position(s).
2026-08-29 04:54:04,789 | INFO    | quant_system.strategies.risk_preservation | State 2 detected at 2016-03-08 00:00:00 - de-risking 60% of 2 position(s).
2026-08-29 04:54:04,792 | INFO    | quant_system.strategies.risk_preservation | State 2 detected at 2016-03-10 00:00:00 - de-risking 60% of 2 position(s).
2026-08-29 04:54:04,796 | INFO    | quant_system.strategies.risk_preservation | State 2 detected at 2016-03-14 00:00:00 - de-risking 60% of 2 position(s).
2026-08-29 04:54:04,799 | INFO    | quant_system.strategies.risk_preservation | State 2 detected at 2016-03-16 00:00:00 - de-risking 60% of 2 position(s).
2026-08-29 04:54:04,804 | INFO    | quant_system.strategies.risk_preservation | State 2 detected at 2016-03-18 00:00:00 - de-risking 60% of 2 position(s).
2026-08-29 04:54:04,812 | INFO    | quant_system.strategies.risk_preservation | State 2 detected at 2016-03-23 00:00:00 - de-risking 60% of 2 position(s).
2026-08-29 04:54:04,814 | INFO    | quant_system.strategies.risk_preservation | State 2 detected at 2016-03-28 00:00:00 - de-risking 60% of 2 position(s).
2026-08-29 04:54:04,818 | INFO    | quant_system.strategies.risk_preservation | State 2 detected at 2016-03-30 00:00:00 - de-risking 60% of 2 position(s).
2026-08-29 04:54:04,823 | INFO    | quant_system.strategies.risk_preservation | State 2 detected at 2016-04-01 00:00:00 - de-risking 60% of 2 position(s).
2026-08-29 04:54:04,850 | INFO    | quant_system.strategies.risk_preservation | State 2 detected at 2016-05-05 00:00:00 - de-risking 60% of 2 position(s).
2026-08-29 04:54:04,852 | INFO    | quant_system.strategies.risk_preservation | State 2 detected at 2016-05-09 00:00:00 - de-risking 60% of 2 position(s).
2026-08-29 04:54:04,856 | INFO    | quant_system.strategies.risk_preservation | State 2 detected at 2016-05-11 00:00:00 - de-risking 60% of 1 position(s).
2026-08-29 04:54:04,863 | INFO    | quant_system.strategies.risk_preservation | State 2 detected at 2016-05-13 00:00:00 - de-risking 60% of 1 position(s).
2026-08-29 04:54:04,867 | INFO    | quant_system.strategies.risk_preservation | State 2 detected at 2016-05-17 00:00:00 - de-risking 60% of 1 position(s).
2026-08-29 04:54:04,869 | INFO    | quant_system.strategies.risk_preservation | State 2 detected at 2016-05-19 00:00:00 - de-risking 60% of 1 position(s).
2026-08-29 04:54:04,871 | INFO    | quant_system.strategies.risk_preservation | State 2 detected at 2016-05-23 00:00:00 - de-risking 60% of 1 position(s).
2026-08-29 04:54:04,873 | INFO    | quant_system.strategies.risk_preservation | State 2 detected at 2016-05-25 00:00:00 - de-risking 60% of 1 position(s).
2026-08-29 04:54:04,877 | INFO    | quant_system.strategies.risk_preservation | State 2 detected at 2016-05-31 00:00:00 - de-risking 60% of 1 position(s).
2026-08-29 04:54:04,881 | INFO    | quant_system.strategies.risk_preservation | State 2 detected at 2016-06-03 00:00:00 - de-risking 60% of 1 position(s).
2026-08-29 04:54:04,884 | INFO    | quant_system.strategies.risk_preservation | State 2 detected at 2016-06-07 00:00:00 - de-risking 60% of 1 position(s).
2026-08-29 04:54:04,886 | INFO    | quant_system.strategies.risk_preservation | State 2 detected at 2016-06-09 00:00:00 - de-risking 60% of 1 position(s).
2026-08-29 04:54:04,889 | INFO    | quant_system.strategies.risk_preservation | State 2 detected at 2016-06-13 00:00:00 - de-risking 60% of 1 position(s).
2026-08-29 04:54:04,891 | INFO    | quant_system.strategies.risk_preservation | State 2 detected at 2016-06-15 00:00:00 - de-risking 60% of 1 position(s).
2026-08-29 04:54:04,893 | INFO    | quant_system.strategies.risk_preservation | State 2 detected at 2016-06-17 00:00:00 - de-risking 60% of 1 position(s).
2026-08-29 04:54:04,895 | INFO    | quant_system.strategies.risk_preservation | State 2 detected at 2016-06-21 00:00:00 - de-risking 60% of 1 position(s).
2026-08-29 04:54:04,897 | INFO    | quant_system.strategies.risk_preservation | State 2 detected at 2016-06-24 00:00:00 - de-risking 60% of 1 position(s).
2026-08-29 04:54:04,901 | INFO    | quant_system.strategies.risk_preservation | State 2 detected at 2016-06-28 00:00:00 - de-risking 60% of 1 position(s).
2026-08-29 04:54:04,903 | INFO    | quant_system.strategies.risk_preservation | State 2 detected at 2016-06-30 00:00:00 - de-risking 60% of 1 position(s).
2026-08-29 04:54:04,905 | INFO    | quant_system.strategies.risk_preservation | State 2 detected at 2016-07-05 00:00:00 - de-risking 60% of 1 position(s).
2026-08-29 04:54:04,908 | INFO    | quant_system.strategies.risk_preservation | State 2 detected at 2016-07-07 00:00:00 - de-risking 60% of 1 position(s).
2026-08-29 04:54:04,910 | INFO    | quant_system.strategies.risk_preservation | State 2 detected at 2016-07-11 00:00:00 - de-risking 60% of 1 position(s).
2026-08-29 04:54:04,912 | INFO    | quant_system.strategies.risk_preservation | State 2 detected at 2016-07-13 00:00:00 - de-risking 60% of 1 position(s).
2026-08-29 04:54:04,914 | INFO    | quant_system.strategies.risk_preservation | State 2 detected at 2016-07-15 00:00:00 - de-risking 60% of 1 position(s).
2026-08-29 04:54:04,917 | INFO    | quant_system.strategies.risk_preservation | State 2 detected at 2016-07-19 00:00:00 - de-risking 60% of 1 position(s).
2026-08-29 04:54:04,919 | INFO    | quant_system.strategies.risk_preservation | State 2 detected at 2016-07-21 00:00:00 - de-risking 60% of 1 position(s).
2026-08-29 04:54:04,921 | INFO    | quant_system.strategies.risk_preservation | State 2 detected at 2016-07-25 00:00:00 - de-risking 60% of 1 position(s).
2026-08-29 04:54:04,923 | INFO    | quant_system.strategies.risk_preservation | State 2 detected at 2016-07-27 00:00:00 - de-risking 60% of 1 position(s).
2026-08-29 04:54:04,926 | INFO    | quant_system.strategies.risk_preservation | State 2 detected at 2016-07-29 00:00:00 - de-risking 60% of 1 position(s).
2026-08-29 04:54:04,929 | INFO    | quant_system.strategies.risk_preservation | State 2 detected at 2016-08-03 00:00:00 - de-risking 60% of 1 position(s).
2026-08-29 04:54:04,931 | INFO    | quant_system.strategies.risk_preservation | State 2 detected at 2016-08-05 00:00:00 - de-risking 60% of 1 position(s).
2026-08-29 04:54:04,933 | INFO    | quant_system.strategies.risk_preservation | State 2 detected at 2016-08-09 00:00:00 - de-risking 60% of 1 position(s).
2026-08-29 04:54:04,935 | INFO    | quant_system.strategies.risk_preservation | State 2 detected at 2016-08-11 00:00:00 - de-risking 60% of 1 position(s).
2026-08-29 04:54:04,937 | INFO    | quant_system.strategies.risk_preservation | State 2 detected at 2016-08-15 00:00:00 - de-risking 60% of 1 position(s).
2026-08-29 04:54:04,940 | INFO    | quant_system.strategies.risk_preservation | State 2 detected at 2016-08-17 00:00:00 - de-risking 60% of 1 position(s).
2026-08-29 04:54:04,942 | INFO    | quant_system.strategies.risk_preservation | State 2 detected at 2016-08-19 00:00:00 - de-risking 60% of 1 position(s).
2026-08-29 04:54:04,944 | INFO    | quant_system.strategies.risk_preservation | State 2 detected at 2016-08-23 00:00:00 - de-risking 60% of 1 position(s).
2026-08-29 04:54:04,946 | INFO    | quant_system.strategies.risk_preservation | State 2 detected at 2016-08-25 00:00:00 - de-risking 60% of 1 position(s).
2026-08-29 04:54:04,947 | INFO    | quant_system.strategies.risk_preservation | State 2 detected at 2016-08-29 00:00:00 - de-risking 60% of 1 position(s).
2026-08-29 04:54:04,949 | INFO    | quant_system.strategies.risk_preservation | State 2 detected at 2016-08-31 00:00:00 - de-risking 60% of 1 position(s).
2026-08-29 04:54:04,951 | INFO    | quant_system.strategies.risk_preservation | State 2 detected at 2016-09-02 00:00:00 - de-risking 60% of 1 position(s).
2026-08-29 04:54:04,953 | INFO    | quant_system.strategies.risk_preservation | State 2 detected at 2016-09-08 00:00:00 - de-risking 60% of 1 position(s).
2026-08-29 04:54:04,957 | INFO    | quant_system.strategies.risk_preservation | State 2 detected at 2016-09-12 00:00:00 - de-risking 60% of 1 position(s).
2026-08-29 04:54:04,960 | INFO    | quant_system.strategies.risk_preservation | State 2 detected at 2016-09-14 00:00:00 - de-risking 60% of 1 position(s).
2026-08-29 04:54:04,962 | INFO    | quant_system.strategies.risk_preservation | State 2 detected at 2016-09-16 00:00:00 - de-risking 60% of 1 position(s).
2026-08-29 04:54:04,964 | INFO    | quant_system.strategies.risk_preservation | State 2 detected at 2016-09-20 00:00:00 - de-risking 60% of 1 position(s).
2026-08-29 04:54:04,966 | INFO    | quant_system.strategies.risk_preservation | State 2 detected at 2016-09-22 00:00:00 - de-risking 60% of 1 position(s).
2026-08-29 04:54:04,968 | INFO    | quant_system.strategies.risk_preservation | State 2 detected at 2016-09-26 00:00:00 - de-risking 60% of 1 position(s).
2026-08-29 04:54:04,971 | INFO    | quant_system.strategies.risk_preservation | State 2 detected at 2016-09-28 00:00:00 - de-risking 60% of 1 position(s).
2026-08-29 04:54:04,973 | INFO    | quant_system.strategies.risk_preservation | State 2 detected at 2016-09-30 00:00:00 - de-risking 60% of 1 position(s).
2026-08-29 04:54:04,976 | INFO    | quant_system.strategies.risk_preservation | State 2 detected at 2016-10-05 00:00:00 - de-risking 60% of 1 position(s).
2026-08-29 04:54:04,979 | INFO    | quant_system.strategies.risk_preservation | State 2 detected at 2016-10-07 00:00:00 - de-risking 60% of 1 position(s).
2026-08-29 04:54:04,981 | INFO    | quant_system.strategies.risk_preservation | State 2 detected at 2016-10-12 00:00:00 - de-risking 60% of 1 position(s).
2026-08-29 04:54:04,984 | INFO    | quant_system.strategies.risk_preservation | State 2 detected at 2016-10-14 00:00:00 - de-risking 60% of 1 position(s).
2026-08-29 04:54:04,987 | INFO    | quant_system.strategies.risk_preservation | State 2 detected at 2016-10-20 00:00:00 - de-risking 60% of 1 position(s).
2026-08-29 04:54:04,991 | INFO    | quant_system.strategies.risk_preservation | State 2 detected at 2016-10-24 00:00:00 - de-risking 60% of 1 position(s).
2026-08-29 04:54:04,995 | INFO    | quant_system.strategies.risk_preservation | State 2 detected at 2016-10-26 00:00:00 - de-risking 60% of 1 position(s).
2026-08-29 04:54:04,999 | INFO    | quant_system.strategies.risk_preservation | State 2 detected at 2016-10-28 00:00:00 - de-risking 60% of 1 position(s).
2026-08-29 04:54:05,001 | INFO    | quant_system.strategies.risk_preservation | State 2 detected at 2016-11-01 00:00:00 - de-risking 60% of 1 position(s).
2026-08-29 04:54:05,003 | INFO    | quant_system.strategies.risk_preservation | State 2 detected at 2016-11-03 00:00:00 - de-risking 60% of 1 position(s).
2026-08-29 04:54:05,005 | INFO    | quant_system.strategies.risk_preservation | State 2 detected at 2016-11-07 00:00:00 - de-risking 60% of 1 position(s).
2026-08-29 04:54:05,008 | INFO    | quant_system.strategies.risk_preservation | State 2 detected at 2016-11-09 00:00:00 - de-risking 60% of 1 position(s).
2026-08-29 04:54:05,010 | INFO    | quant_system.strategies.risk_preservation | State 2 detected at 2016-11-14 00:00:00 - de-risking 60% of 1 position(s).
2026-08-29 04:54:05,014 | INFO    | quant_system.strategies.risk_preservation | State 2 detected at 2016-11-16 00:00:00 - de-risking 60% of 1 position(s).
2026-08-29 04:54:05,017 | INFO    | quant_system.strategies.risk_preservation | State 2 detected at 2016-11-18 00:00:00 - de-risking 60% of 1 position(s).
2026-08-29 04:54:05,020 | INFO    | quant_system.strategies.risk_preservation | State 2 detected at 2016-11-22 00:00:00 - de-risking 60% of 1 position(s).
2026-08-29 04:54:05,023 | INFO    | quant_system.strategies.risk_preservation | State 2 detected at 2016-11-25 00:00:00 - de-risking 60% of 1 position(s).
2026-08-29 04:54:05,026 | INFO    | quant_system.strategies.risk_preservation | State 2 detected at 2016-11-29 00:00:00 - de-risking 60% of 1 position(s).
2026-08-29 04:54:05,030 | INFO    | quant_system.strategies.risk_preservation | State 2 detected at 2016-12-01 00:00:00 - de-risking 60% of 1 position(s).
2026-08-29 04:54:05,032 | INFO    | quant_system.strategies.risk_preservation | State 2 detected at 2016-12-05 00:00:00 - de-risking 60% of 1 position(s).
2026-08-29 04:54:05,034 | INFO    | quant_system.strategies.risk_preservation | State 2 detected at 2016-12-07 00:00:00 - de-risking 60% of 1 position(s).
2026-08-29 04:54:05,036 | INFO    | quant_system.strategies.risk_preservation | State 2 detected at 2016-12-09 00:00:00 - de-risking 60% of 1 position(s).
2026-08-29 04:54:05,038 | INFO    | quant_system.strategies.risk_preservation | State 2 detected at 2016-12-13 00:00:00 - de-risking 60% of 1 position(s).
2026-08-29 04:54:05,041 | INFO    | quant_system.strategies.risk_preservation | State 2 detected at 2016-12-15 00:00:00 - de-risking 60% of 1 position(s).
2026-08-29 04:54:05,043 | INFO    | quant_system.strategies.risk_preservation | State 2 detected at 2016-12-19 00:00:00 - de-risking 60% of 1 position(s).
2026-08-29 04:54:05,045 | INFO    | quant_system.strategies.risk_preservation | State 2 detected at 2016-12-21 00:00:00 - de-risking 60% of 1 position(s).
2026-08-29 04:54:05,047 | INFO    | quant_system.strategies.risk_preservation | State 2 detected at 2016-12-23 00:00:00 - de-risking 60% of 1 position(s).
2026-08-29 04:54:05,049 | INFO    | quant_system.strategies.risk_preservation | State 2 detected at 2016-12-28 00:00:00 - de-risking 60% of 1 position(s).
2026-08-29 04:54:05,052 | INFO    | quant_system.strategies.risk_preservation | State 2 detected at 2016-12-30 00:00:00 - de-risking 60% of 1 position(s).
2026-08-29 04:54:05,054 | INFO    | quant_system.strategies.risk_preservation | State 2 detected at 2017-01-04 00:00:00 - de-risking 60% of 1 position(s).
2026-08-29 04:54:05,056 | INFO    | quant_system.strategies.risk_preservation | State 2 detected at 2017-01-06 00:00:00 - de-risking 60% of 1 position(s).
2026-08-29 04:54:05,059 | INFO    | quant_system.strategies.risk_preservation | State 2 detected at 2017-01-10 00:00:00 - de-risking 60% of 1 position(s).
2026-08-29 04:54:05,061 | INFO    | quant_system.strategies.risk_preservation | State 2 detected at 2017-01-12 00:00:00 - de-risking 60% of 1 position(s).
2026-08-29 04:54:05,063 | INFO    | quant_system.strategies.risk_preservation | State 2 detected at 2017-01-17 00:00:00 - de-risking 60% of 1 position(s).
2026-08-29 04:54:05,065 | INFO    | quant_system.strategies.risk_preservation | State 2 detected at 2017-01-19 00:00:00 - de-risking 60% of 1 position(s).
2026-08-29 04:54:05,068 | INFO    | quant_system.strategies.risk_preservation | State 2 detected at 2017-01-23 00:00:00 - de-risking 60% of 1 position(s).
2026-08-29 04:54:05,070 | INFO    | quant_system.strategies.risk_preservation | State 2 detected at 2017-01-25 00:00:00 - de-risking 60% of 1 position(s).
2026-08-29 04:54:05,072 | INFO    | quant_system.strategies.risk_preservation | State 2 detected at 2017-01-27 00:00:00 - de-risking 60% of 1 position(s).
2026-08-29 04:54:05,074 | INFO    | quant_system.strategies.risk_preservation | State 2 detected at 2017-01-31 00:00:00 - de-risking 60% of 1 position(s).
2026-08-29 04:54:05,076 | INFO    | quant_system.strategies.risk_preservation | State 2 detected at 2017-02-02 00:00:00 - de-risking 60% of 1 position(s).
2026-08-29 04:54:05,784 | INFO    | quant_system.strategies.risk_preservation | State 2 detected at 2020-01-27 00:00:00 - de-risking 60% of 1 position(s).
2026-08-29 04:54:05,793 | INFO    | quant_system.strategies.risk_preservation | State 2 detected at 2020-01-29 00:00:00 - de-risking 60% of 1 position(s).
2026-08-29 04:54:05,799 | INFO    | quant_system.strategies.risk_preservation | State 2 detected at 2020-02-03 00:00:00 - de-risking 60% of 1 position(s).
2026-08-29 04:54:05,804 | INFO    | quant_system.strategies.risk_preservation | State 2 detected at 2020-02-05 00:00:00 - de-risking 60% of 1 position(s).
2026-08-29 04:54:05,810 | INFO    | quant_system.strategies.risk_preservation | State 2 detected at 2020-02-07 00:00:00 - de-risking 60% of 1 position(s).
2026-08-29 04:54:05,817 | INFO    | quant_system.strategies.risk_preservation | State 2 detected at 2020-02-11 00:00:00 - de-risking 60% of 1 position(s).
2026-08-29 04:54:05,869 | INFO    | quant_system.strategies.risk_preservation | State 2 detected at 2020-03-16 00:00:00 - de-risking 60% of 1 position(s).
2026-08-29 04:54:05,875 | INFO    | quant_system.strategies.risk_preservation | State 2 detected at 2020-03-18 00:00:00 - de-risking 60% of 1 position(s).
2026-08-29 04:54:06,098 | INFO    | quant_system.strategies.risk_preservation | State 2 detected at 2020-10-21 00:00:00 - de-risking 60% of 1 position(s).
2026-08-29 04:54:06,159 | INFO    | quant_system.strategies.risk_preservation | State 2 detected at 2020-12-09 00:00:00 - de-risking 60% of 2 position(s).
2026-08-29 04:54:06,188 | INFO    | quant_system.strategies.risk_preservation | State 2 detected at 2021-01-14 00:00:00 - de-risking 60% of 1 position(s).
2026-08-29 04:54:06,194 | INFO    | quant_system.strategies.risk_preservation | State 2 detected at 2021-01-19 00:00:00 - de-risking 60% of 1 position(s).
2026-08-29 04:54:06,200 | INFO    | quant_system.strategies.risk_preservation | State 2 detected at 2021-01-21 00:00:00 - de-risking 60% of 1 position(s).
2026-08-29 04:54:06,207 | INFO    | quant_system.strategies.risk_preservation | State 2 detected at 2021-01-25 00:00:00 - de-risking 60% of 1 position(s).
2026-08-29 04:54:06,213 | INFO    | quant_system.strategies.risk_preservation | State 2 detected at 2021-01-27 00:00:00 - de-risking 60% of 1 position(s).
2026-08-29 04:54:06,219 | INFO    | quant_system.strategies.risk_preservation | State 2 detected at 2021-01-29 00:00:00 - de-risking 60% of 1 position(s).
2026-08-29 04:54:06,225 | INFO    | quant_system.strategies.risk_preservation | State 2 detected at 2021-02-02 00:00:00 - de-risking 60% of 1 position(s).
2026-08-29 04:54:06,231 | INFO    | quant_system.strategies.risk_preservation | State 2 detected at 2021-02-04 00:00:00 - de-risking 60% of 1 position(s).
2026-08-29 04:54:06,238 | INFO    | quant_system.strategies.risk_preservation | State 2 detected at 2021-02-08 00:00:00 - de-risking 60% of 1 position(s).
2026-08-29 04:54:06,245 | INFO    | quant_system.strategies.risk_preservation | State 2 detected at 2021-02-10 00:00:00 - de-risking 60% of 1 position(s).
2026-08-29 04:54:06,347 | INFO    | quant_system.strategies.risk_preservation | State 2 detected at 2021-05-19 00:00:00 - de-risking 60% of 1 position(s).
2026-08-29 04:54:06,553 | INFO    | quant_system.strategies.risk_preservation | State 2 detected at 2022-03-14 00:00:00 - de-risking 60% of 1 position(s).
2026-08-29 04:54:06,561 | INFO    | quant_system.strategies.risk_preservation | State 2 detected at 2022-03-21 00:00:00 - de-risking 60% of 1 position(s).
2026-08-29 04:54:06,567 | INFO    | quant_system.strategies.risk_preservation | State 2 detected at 2022-03-23 00:00:00 - de-risking 60% of 1 position(s).
2026-08-29 04:54:06,573 | INFO    | quant_system.strategies.risk_preservation | State 2 detected at 2022-03-25 00:00:00 - de-risking 60% of 1 position(s).
2026-08-29 04:54:06,579 | INFO    | quant_system.strategies.risk_preservation | State 2 detected at 2022-03-29 00:00:00 - de-risking 60% of 1 position(s).
2026-08-29 04:54:06,585 | INFO    | quant_system.strategies.risk_preservation | State 2 detected at 2022-03-31 00:00:00 - de-risking 60% of 1 position(s).
2026-08-29 04:54:06,592 | INFO    | quant_system.strategies.risk_preservation | State 2 detected at 2022-04-05 00:00:00 - de-risking 60% of 1 position(s).
2026-08-29 04:54:06,598 | INFO    | quant_system.strategies.risk_preservation | State 2 detected at 2022-04-07 00:00:00 - de-risking 60% of 1 position(s).
2026-08-29 04:54:06,607 | INFO    | quant_system.strategies.risk_preservation | State 2 detected at 2022-04-13 00:00:00 - de-risking 60% of 1 position(s).
2026-08-29 04:54:06,616 | INFO    | quant_system.strategies.risk_preservation | State 2 detected at 2022-04-22 00:00:00 - de-risking 60% of 1 position(s).
2026-08-29 04:54:06,623 | INFO    | quant_system.strategies.risk_preservation | State 2 detected at 2022-04-27 00:00:00 - de-risking 60% of 1 position(s).
2026-08-29 04:54:06,629 | INFO    | quant_system.strategies.risk_preservation | State 2 detected at 2022-04-29 00:00:00 - de-risking 60% of 1 position(s).
2026-08-29 04:54:06,637 | INFO    | quant_system.strategies.risk_preservation | State 2 detected at 2022-05-05 00:00:00 - de-risking 60% of 1 position(s).
2026-08-29 04:54:06,644 | INFO    | quant_system.strategies.risk_preservation | State 2 detected at 2022-05-09 00:00:00 - de-risking 60% of 1 position(s).
2026-08-29 04:54:06,651 | INFO    | quant_system.strategies.risk_preservation | State 2 detected at 2022-05-11 00:00:00 - de-risking 60% of 1 position(s).
2026-08-29 04:54:06,720 | INFO    | quant_system.strategies.risk_preservation | State 2 detected at 2022-07-11 00:00:00 - de-risking 60% of 1 position(s).
2026-08-29 04:54:06,896 | INFO    | quant_system.strategies.risk_preservation | State 2 detected at 2023-09-15 00:00:00 - de-risking 60% of 2 position(s).
2026-08-29 04:54:06,905 | INFO    | quant_system.strategies.risk_preservation | State 2 detected at 2023-09-21 00:00:00 - de-risking 60% of 2 position(s).
2026-08-29 04:54:06,907 | INFO    | quant_system.strategies.risk_preservation | State 2 detected at 2023-09-25 00:00:00 - de-risking 60% of 2 position(s).
2026-08-29 04:54:06,912 | INFO    | quant_system.strategies.risk_preservation | State 2 detected at 2023-09-27 00:00:00 - de-risking 60% of 2 position(s).
2026-08-29 04:54:06,923 | INFO    | quant_system.strategies.risk_preservation | State 2 detected at 2023-09-29 00:00:00 - de-risking 60% of 2 position(s).
2026-08-29 04:54:06,925 | INFO    | quant_system.strategies.risk_preservation | State 2 detected at 2023-10-03 00:00:00 - de-risking 60% of 2 position(s).
2026-08-29 04:54:06,935 | INFO    | quant_system.strategies.risk_preservation | State 2 detected at 2023-10-05 00:00:00 - de-risking 60% of 2 position(s).
2026-08-29 04:54:06,943 | INFO    | quant_system.strategies.risk_preservation | State 2 detected at 2023-10-09 00:00:00 - de-risking 60% of 2 position(s).
2026-08-29 04:54:06,950 | INFO    | quant_system.strategies.risk_preservation | State 2 detected at 2023-10-11 00:00:00 - de-risking 60% of 2 position(s).
2026-08-29 04:54:06,957 | INFO    | quant_system.strategies.risk_preservation | State 2 detected at 2023-10-13 00:00:00 - de-risking 60% of 2 position(s).
2026-08-29 04:54:06,965 | INFO    | quant_system.strategies.risk_preservation | State 2 detected at 2023-10-17 00:00:00 - de-risking 60% of 2 position(s).
2026-08-29 04:54:06,972 | INFO    | quant_system.strategies.risk_preservation | State 2 detected at 2023-10-19 00:00:00 - de-risking 60% of 2 position(s).
2026-08-29 04:54:06,979 | INFO    | quant_system.strategies.risk_preservation | State 2 detected at 2023-10-23 00:00:00 - de-risking 60% of 2 position(s).
2026-08-29 04:54:06,987 | INFO    | quant_system.strategies.risk_preservation | State 2 detected at 2023-10-25 00:00:00 - de-risking 60% of 2 position(s).
2026-08-29 04:54:06,994 | INFO    | quant_system.strategies.risk_preservation | State 2 detected at 2023-10-27 00:00:00 - de-risking 60% of 2 position(s).
2026-08-29 04:54:06,996 | INFO    | quant_system.strategies.risk_preservation | State 2 detected at 2023-10-31 00:00:00 - de-risking 60% of 2 position(s).
2026-08-29 04:54:07,001 | INFO    | quant_system.strategies.risk_preservation | State 2 detected at 2023-11-02 00:00:00 - de-risking 60% of 2 position(s).
2026-08-29 04:54:07,011 | INFO    | quant_system.strategies.risk_preservation | State 2 detected at 2023-11-07 00:00:00 - de-risking 60% of 2 position(s).
2026-08-29 04:54:07,013 | INFO    | quant_system.strategies.risk_preservation | State 2 detected at 2023-11-09 00:00:00 - de-risking 60% of 2 position(s).
2026-08-29 04:54:07,056 | INFO    | quant_system.strategies.risk_preservation | State 2 detected at 2023-12-13 00:00:00 - de-risking 60% of 2 position(s).
2026-08-29 04:54:07,142 | INFO    | quant_system.strategies.risk_preservation | State 2 detected at 2024-05-13 00:00:00 - de-risking 60% of 1 position(s).
2026-08-29 04:54:07,226 | INFO    | quant_system.strategies.risk_preservation | State 2 detected at 2025-01-09 00:00:00 - de-risking 60% of 1 position(s).
2026-08-29 04:54:07,247 | INFO    | quant_system.strategies.risk_preservation | State 2 detected at 2025-02-14 00:00:00 - de-risking 60% of 1 position(s).
2026-08-29 04:54:07,462 | INFO    | quant_system                 | 
                    start_equity : 1,000,000.0000
                    final_equity : 1,004,420.6608
                total_return_pct : 0.4421
                        cagr_pct : 0.0403
                    sharpe_ratio : 0.0743
                   sortino_ratio : 0.0516
                    calmar_ratio : 0.0370
                max_drawdown_pct : 1.0877
      max_drawdown_duration_bars : 8.0000
                   recovery_bars : 1,528.0000
                   drawdown_bars : 2,538.0000
       annualised_volatility_pct : 0.5633
                      var_95_pct : 0.0039
                     cvar_95_pct : 0.0440
                    hit_rate_pct : 22.1819
             active_hit_rate_pct : 48.1132
                    exposure_pct : 46.1037
                 best_period_pct : 0.8192
                worst_period_pct : -0.7292
                     num_periods : 2,759.0000
                     max_dd_peak : 2015-12-14
                   max_dd_trough : 2015-12-24
                      num_trades : 288
                        win_rate : 0.5208
                         avg_win : 145.3918
                        avg_loss : 127.5533
                      expectancy : 14.6056
                  expectancy_pct : -42,313.0841
                   profit_factor : 1.2390
                     largest_win : 2,881.6955
                    largest_loss : -1,183.3723
                    payoff_ratio : 1.1399
                   avg_bars_held : 61.7118
2026-08-29 04:54:07,495 | INFO    | quant_system                 | Wrote /home/user/quant_system/reports/backtest_summary.txt
2026-08-29 04:54:07,499 | INFO    | quant_system.backtesting.walk_forward | Segment 1/39  IS 2015-01-02..2016-01-04  OOS 2016-01-04..2016-04-05
2026-08-29 04:54:09,379 | INFO    | quant_system.strategies.risk_preservation | State 2 detected at 2016-02-01 00:00:00 - de-risking 60% of 2 position(s).
2026-08-29 04:54:09,383 | INFO    | quant_system.strategies.risk_preservation | State 2 detected at 2016-02-03 00:00:00 - de-risking 60% of 2 position(s).
2026-08-29 04:54:09,387 | INFO    | quant_system.strategies.risk_preservation | State 2 detected at 2016-02-05 00:00:00 - de-risking 60% of 2 position(s).
2026-08-29 04:54:09,390 | INFO    | quant_system.strategies.risk_preservation | State 2 detected at 2016-02-10 00:00:00 - de-risking 60% of 2 position(s).
2026-08-29 04:54:09,394 | INFO    | quant_system.strategies.risk_preservation | State 2 detected at 2016-02-16 00:00:00 - de-risking 60% of 2 position(s).
2026-08-29 04:54:09,395 | INFO    | quant_system.strategies.risk_preservation | State 2 detected at 2016-02-18 00:00:00 - de-risking 60% of 2 position(s).
2026-08-29 04:54:09,398 | INFO    | quant_system.strategies.risk_preservation | State 2 detected at 2016-02-22 00:00:00 - de-risking 60% of 2 position(s).
2026-08-29 04:54:09,401 | INFO    | quant_system.strategies.risk_preservation | State 2 detected at 2016-02-24 00:00:00 - de-risking 60% of 2 position(s).
2026-08-29 04:54:09,405 | INFO    | quant_system.strategies.risk_preservation | State 2 detected at 2016-02-29 00:00:00 - de-risking 60% of 2 position(s).
2026-08-29 04:54:09,409 | INFO    | quant_system.strategies.risk_preservation | State 2 detected at 2016-03-02 00:00:00 - de-risking 60% of 2 position(s).
2026-08-29 04:54:09,412 | INFO    | quant_system.strategies.risk_preservation | State 2 detected at 2016-03-04 00:00:00 - de-risking 60% of 2 position(s).
2026-08-29 04:54:09,416 | INFO    | quant_system.strategies.risk_preservation | State 2 detected at 2016-03-08 00:00:00 - de-risking 60% of 2 position(s).
2026-08-29 04:54:09,419 | INFO    | quant_system.strategies.risk_preservation | State 2 detected at 2016-03-10 00:00:00 - de-risking 60% of 2 position(s).
2026-08-29 04:54:09,423 | INFO    | quant_system.strategies.risk_preservation | State 2 detected at 2016-03-14 00:00:00 - de-risking 60% of 2 position(s).
2026-08-29 04:54:09,426 | INFO    | quant_system.strategies.risk_preservation | State 2 detected at 2016-03-16 00:00:00 - de-risking 60% of 2 position(s).
2026-08-29 04:54:09,429 | INFO    | quant_system.strategies.risk_preservation | State 2 detected at 2016-03-18 00:00:00 - de-risking 60% of 2 position(s).
2026-08-29 04:54:09,433 | INFO    | quant_system.strategies.risk_preservation | State 2 detected at 2016-03-22 00:00:00 - de-risking 60% of 2 position(s).
2026-08-29 04:54:09,436 | INFO    | quant_system.strategies.risk_preservation | State 2 detected at 2016-03-24 00:00:00 - de-risking 60% of 2 position(s).
2026-08-29 04:54:09,440 | INFO    | quant_system.strategies.risk_preservation | State 2 detected at 2016-03-29 00:00:00 - de-risking 60% of 2 position(s).
2026-08-29 04:54:09,443 | INFO    | quant_system.strategies.risk_preservation | State 2 detected at 2016-03-31 00:00:00 - de-risking 60% of 2 position(s).
2026-08-29 04:54:09,447 | INFO    | quant_system.strategies.risk_preservation | State 2 detected at 2016-04-04 00:00:00 - de-risking 60% of 2 position(s).
2026-08-29 04:54:09,479 | INFO    | quant_system.backtesting.walk_forward |   best={'fast_base': 15, 'slow_base': 40, 'entry_z': 2.4}  IS 0.762 -> OOS 0.664  (degradation 12.9%, accepted)
2026-08-29 04:54:09,480 | INFO    | quant_system.backtesting.walk_forward | Segment 2/39  IS 2015-04-06..2016-04-05  OOS 2016-04-05..2016-07-05
2026-08-29 04:54:09,828 | INFO    | quant_system.strategies.risk_preservation | State 2 detected at 2016-02-01 00:00:00 - de-risking 60% of 2 position(s).
2026-08-29 04:54:09,832 | INFO    | quant_system.strategies.risk_preservation | State 2 detected at 2016-02-03 00:00:00 - de-risking 60% of 2 position(s).
2026-08-29 04:54:09,836 | INFO    | quant_system.strategies.risk_preservation | State 2 detected at 2016-02-05 00:00:00 - de-risking 60% of 2 position(s).
2026-08-29 04:54:09,839 | INFO    | quant_system.strategies.risk_preservation | State 2 detected at 2016-02-10 00:00:00 - de-risking 60% of 2 position(s).
2026-08-29 04:54:09,842 | INFO    | quant_system.strategies.risk_preservation | State 2 detected at 2016-02-16 00:00:00 - de-risking 60% of 2 position(s).
2026-08-29 04:54:09,844 | INFO    | quant_system.strategies.risk_preservation | State 2 detected at 2016-02-18 00:00:00 - de-risking 60% of 2 position(s).
2026-08-29 04:54:09,846 | INFO    | quant_system.strategies.risk_preservation | State 2 detected at 2016-02-22 00:00:00 - de-risking 60% of 2 position(s).
2026-08-29 04:54:09,849 | INFO    | quant_system.strategies.risk_preservation | State 2 detected at 2016-02-24 00:00:00 - de-risking 60% of 2 position(s).
2026-08-29 04:54:09,853 | INFO    | quant_system.strategies.risk_preservation | State 2 detected at 2016-02-29 00:00:00 - de-risking 60% of 2 position(s).
2026-08-29 04:54:09,857 | INFO    | quant_system.strategies.risk_preservation | State 2 detected at 2016-03-02 00:00:00 - de-risking 60% of 2 position(s).
2026-08-29 04:54:09,860 | INFO    | quant_system.strategies.risk_preservation | State 2 detected at 2016-03-04 00:00:00 - de-risking 60% of 2 position(s).
2026-08-29 04:54:09,864 | INFO    | quant_system.strategies.risk_preservation | State 2 detected at 2016-03-08 00:00:00 - de-risking 60% of 2 position(s).
2026-08-29 04:54:09,867 | INFO    | quant_system.strategies.risk_preservation | State 2 detected at 2016-03-10 00:00:00 - de-risking 60% of 2 position(s).
2026-08-29 04:54:09,870 | INFO    | quant_system.strategies.risk_preservation | State 2 detected at 2016-03-14 00:00:00 - de-risking 60% of 2 position(s).
2026-08-29 04:54:09,874 | INFO    | quant_system.strategies.risk_preservation | State 2 detected at 2016-03-16 00:00:00 - de-risking 60% of 2 position(s).
2026-08-29 04:54:09,877 | INFO    | quant_system.strategies.risk_preservation | State 2 detected at 2016-03-18 00:00:00 - de-risking 60% of 2 position(s).
2026-08-29 04:54:09,881 | INFO    | quant_system.strategies.risk_preservation | State 2 detected at 2016-03-22 00:00:00 - de-risking 60% of 2 position(s).
2026-08-29 04:54:09,886 | INFO    | quant_system.strategies.risk_preservation | State 2 detected at 2016-03-24 00:00:00 - de-risking 60% of 2 position(s).
2026-08-29 04:54:09,894 | INFO    | quant_system.strategies.risk_preservation | State 2 detected at 2016-03-29 00:00:00 - de-risking 60% of 2 position(s).
2026-08-29 04:54:09,897 | INFO    | quant_system.strategies.risk_preservation | State 2 detected at 2016-03-31 00:00:00 - de-risking 60% of 2 position(s).
2026-08-29 04:54:09,901 | INFO    | quant_system.strategies.risk_preservation | State 2 detected at 2016-04-04 00:00:00 - de-risking 60% of 2 position(s).
2026-08-29 04:54:10,049 | INFO    | quant_system.strategies.risk_preservation | State 2 detected at 2016-02-01 00:00:00 - de-risking 60% of 2 position(s).
2026-08-29 04:54:10,053 | INFO    | quant_system.strategies.risk_preservation | State 2 detected at 2016-02-03 00:00:00 - de-risking 60% of 2 position(s).
2026-08-29 04:54:10,057 | INFO    | quant_system.strategies.risk_preservation | State 2 detected at 2016-02-05 00:00:00 - de-risking 60% of 2 position(s).
2026-08-29 04:54:10,060 | INFO    | quant_system.strategies.risk_preservation | State 2 detected at 2016-02-10 00:00:00 - de-risking 60% of 2 position(s).
2026-08-29 04:54:10,063 | INFO    | quant_system.strategies.risk_preservation | State 2 detected at 2016-02-16 00:00:00 - de-risking 60% of 2 position(s).
2026-08-29 04:54:10,064 | INFO    | quant_system.strategies.risk_preservation | State 2 detected at 2016-02-18 00:00:00 - de-risking 60% of 2 position(s).
2026-08-29 04:54:10,067 | INFO    | quant_system.strategies.risk_preservation | State 2 detected at 2016-02-22 00:00:00 - de-risking 60% of 2 position(s).
2026-08-29 04:54:10,070 | INFO    | quant_system.strategies.risk_preservation | State 2 detected at 2016-02-24 00:00:00 - de-risking 60% of 2 position(s).
2026-08-29 04:54:10,074 | INFO    | quant_system.strategies.risk_preservation | State 2 detected at 2016-02-29 00:00:00 - de-risking 60% of 2 position(s).
2026-08-29 04:54:10,077 | INFO    | quant_system.strategies.risk_preservation | State 2 detected at 2016-03-02 00:00:00 - de-risking 60% of 2 position(s).
2026-08-29 04:54:10,081 | INFO    | quant_system.strategies.risk_preservation | State 2 detected at 2016-03-04 00:00:00 - de-risking 60% of 2 position(s).
2026-08-29 04:54:10,084 | INFO    | quant_system.strategies.risk_preservation | State 2 detected at 2016-03-08 00:00:00 - de-risking 60% of 2 position(s).
2026-08-29 04:54:10,088 | INFO    | quant_system.strategies.risk_preservation | State 2 detected at 2016-03-10 00:00:00 - de-risking 60% of 2 position(s).
2026-08-29 04:54:10,091 | INFO    | quant_system.strategies.risk_preservation | State 2 detected at 2016-03-14 00:00:00 - de-risking 60% of 2 position(s).
2026-08-29 04:54:10,095 | INFO    | quant_system.strategies.risk_preservation | State 2 detected at 2016-03-16 00:00:00 - de-risking 60% of 2 position(s).
2026-08-29 04:54:10,098 | INFO    | quant_system.strategies.risk_preservation | State 2 detected at 2016-03-18 00:00:00 - de-risking 60% of 2 position(s).
2026-08-29 04:54:10,101 | INFO    | quant_system.strategies.risk_preservation | State 2 detected at 2016-03-22 00:00:00 - de-risking 60% of 2 position(s).
2026-08-29 04:54:10,105 | INFO    | quant_system.strategies.risk_preservation | State 2 detected at 2016-03-24 00:00:00 - de-risking 60% of 2 position(s).
2026-08-29 04:54:10,108 | INFO    | quant_system.strategies.risk_preservation | State 2 detected at 2016-03-29 00:00:00 - de-risking 60% of 2 position(s).
2026-08-29 04:54:10,112 | INFO    | quant_system.strategies.risk_preservation | State 2 detected at 2016-03-31 00:00:00 - de-risking 60% of 2 position(s).
2026-08-29 04:54:10,115 | INFO    | quant_system.strategies.risk_preservation | State 2 detected at 2016-04-04 00:00:00 - de-risking 60% of 2 position(s).
2026-08-29 04:54:10,267 | INFO    | quant_system.strategies.risk_preservation | State 2 detected at 2016-02-01 00:00:00 - de-risking 60% of 2 position(s).
2026-08-29 04:54:10,271 | INFO    | quant_system.strategies.risk_preservation | State 2 detected at 2016-02-03 00:00:00 - de-risking 60% of 2 position(s).
2026-08-29 04:54:10,275 | INFO    | quant_system.strategies.risk_preservation | State 2 detected at 2016-02-05 00:00:00 - de-risking 60% of 2 position(s).
2026-08-29 04:54:10,278 | INFO    | quant_system.strategies.risk_preservation | State 2 detected at 2016-02-10 00:00:00 - de-risking 60% of 2 position(s).
2026-08-29 04:54:10,281 | INFO    | quant_system.strategies.risk_preservation | State 2 detected at 2016-02-16 00:00:00 - de-risking 60% of 2 position(s).
2026-08-29 04:54:10,283 | INFO    | quant_system.strategies.risk_preservation | State 2 detected at 2016-02-18 00:00:00 - de-risking 60% of 2 position(s).
2026-08-29 04:54:10,286 | INFO    | quant_system.strategies.risk_preservation | State 2 detected at 2016-02-22 00:00:00 - de-risking 60% of 2 position(s).
2026-08-29 04:54:10,289 | INFO    | quant_system.strategies.risk_preservation | State 2 detected at 2016-02-24 00:00:00 - de-risking 60% of 2 position(s).
2026-08-29 04:54:10,293 | INFO    | quant_system.strategies.risk_preservation | State 2 detected at 2016-02-29 00:00:00 - de-risking 60% of 2 position(s).
2026-08-29 04:54:10,296 | INFO    | quant_system.strategies.risk_preservation | State 2 detected at 2016-03-02 00:00:00 - de-risking 60% of 2 position(s).
2026-08-29 04:54:10,299 | INFO    | quant_system.strategies.risk_preservation | State 2 detected at 2016-03-04 00:00:00 - de-risking 60% of 2 position(s).
2026-08-29 04:54:10,303 | INFO    | quant_system.strategies.risk_preservation | State 2 detected at 2016-03-08 00:00:00 - de-risking 60% of 2 position(s).
2026-08-29 04:54:10,306 | INFO    | quant_system.strategies.risk_preservation | State 2 detected at 2016-03-10 00:00:00 - de-risking 60% of 2 position(s).
2026-08-29 04:54:10,309 | INFO    | quant_system.strategies.risk_preservation | State 2 detected at 2016-03-14 00:00:00 - de-risking 60% of 2 position(s).
2026-08-29 04:54:10,313 | INFO    | quant_system.strategies.risk_preservation | State 2 detected at 2016-03-16 00:00:00 - de-risking 60% of 2 position(s).
2026-08-29 04:54:10,316 | INFO    | quant_system.strategies.risk_preservation | State 2 detected at 2016-03-18 00:00:00 - de-risking 60% of 2 position(s).
2026-08-29 04:54:10,320 | INFO    | quant_system.strategies.risk_preservation | State 2 detected at 2016-03-22 00:00:00 - de-risking 60% of 2 position(s).
2026-08-29 04:54:10,323 | INFO    | quant_system.strategies.risk_preservation | State 2 detected at 2016-03-24 00:00:00 - de-risking 60% of 2 position(s).
2026-08-29 04:54:10,327 | INFO    | quant_system.strategies.risk_preservation | State 2 detected at 2016-03-29 00:00:00 - de-risking 60% of 2 position(s).
2026-08-29 04:54:10,330 | INFO    | quant_system.strategies.risk_preservation | State 2 detected at 2016-03-31 00:00:00 - de-risking 60% of 2 position(s).
2026-08-29 04:54:10,333 | INFO    | quant_system.strategies.risk_preservation | State 2 detected at 2016-04-04 00:00:00 - de-risking 60% of 2 position(s).
2026-08-29 04:54:10,480 | INFO    | quant_system.strategies.risk_preservation | State 2 detected at 2016-02-01 00:00:00 - de-risking 60% of 2 position(s).
2026-08-29 04:54:10,484 | INFO    | quant_system.strategies.risk_preservation | State 2 detected at 2016-02-03 00:00:00 - de-risking 60% of 2 position(s).
2026-08-29 04:54:10,488 | INFO    | quant_system.strategies.risk_preservation | State 2 detected at 2016-02-05 00:00:00 - de-risking 60% of 2 position(s).
2026-08-29 04:54:10,491 | INFO    | quant_system.strategies.risk_preservation | State 2 detected at 2016-02-10 00:00:00 - de-risking 60% of 2 position(s).
2026-08-29 04:54:10,494 | INFO    | quant_system.strategies.risk_preservation | State 2 detected at 2016-02-16 00:00:00 - de-risking 60% of 2 position(s).
2026-08-29 04:54:10,496 | INFO    | quant_system.strategies.risk_preservation | State 2 detected at 2016-02-18 00:00:00 - de-risking 60% of 2 position(s).
2026-08-29 04:54:10,499 | INFO    | quant_system.strategies.risk_preservation | State 2 detected at 2016-02-22 00:00:00 - de-risking 60% of 2 position(s).
2026-08-29 04:54:10,502 | INFO    | quant_system.strategies.risk_preservation | State 2 detected at 2016-02-24 00:00:00 - de-risking 60% of 2 position(s).
2026-08-29 04:54:10,506 | INFO    | quant_system.strategies.risk_preservation | State 2 detected at 2016-02-29 00:00:00 - de-risking 60% of 2 position(s).
2026-08-29 04:54:10,509 | INFO    | quant_system.strategies.risk_preservation | State 2 detected at 2016-03-02 00:00:00 - de-risking 60% of 2 position(s).
2026-08-29 04:54:10,512 | INFO    | quant_system.strategies.risk_preservation | State 2 detected at 2016-03-04 00:00:00 - de-risking 60% of 2 position(s).
2026-08-29 04:54:10,516 | INFO    | quant_system.strategies.risk_preservation | State 2 detected at 2016-03-08 00:00:00 - de-risking 60% of 2 position(s).
2026-08-29 04:54:10,519 | INFO    | quant_system.strategies.risk_preservation | State 2 detected at 2016-03-10 00:00:00 - de-risking 60% of 2 position(s).
2026-08-29 04:54:10,523 | INFO    | quant_system.strategies.risk_preservation | State 2 detected at 2016-03-14 00:00:00 - de-risking 60% of 2 position(s).
2026-08-29 04:54:10,526 | INFO    | quant_system.strategies.risk_preservation | State 2 detected at 2016-03-16 00:00:00 - de-risking 60% of 2 position(s).
2026-08-29 04:54:10,530 | INFO    | quant_system.strategies.risk_preservation | State 2 detected at 2016-03-18 00:00:00 - de-risking 60% of 2 position(s).
2026-08-29 04:54:10,533 | INFO    | quant_system.strategies.risk_preservation | State 2 detected at 2016-03-22 00:00:00 - de-risking 60% of 2 position(s).
2026-08-29 04:54:10,537 | INFO    | quant_system.strategies.risk_preservation | State 2 detected at 2016-03-24 00:00:00 - de-risking 60% of 2 position(s).
2026-08-29 04:54:10,540 | INFO    | quant_system.strategies.risk_preservation | State 2 detected at 2016-03-29 00:00:00 - de-risking 60% of 2 position(s).
2026-08-29 04:54:10,543 | INFO    | quant_system.strategies.risk_preservation | State 2 detected at 2016-03-31 00:00:00 - de-risking 60% of 2 position(s).
2026-08-29 04:54:10,547 | INFO    | quant_system.strategies.risk_preservation | State 2 detected at 2016-04-04 00:00:00 - de-risking 60% of 2 position(s).
2026-08-29 04:54:10,697 | INFO    | quant_system.strategies.risk_preservation | State 2 detected at 2016-02-01 00:00:00 - de-risking 60% of 2 position(s).
2026-08-29 04:54:10,701 | INFO    | quant_system.strategies.risk_preservation | State 2 detected at 2016-02-03 00:00:00 - de-risking 60% of 2 position(s).
2026-08-29 04:54:10,705 | INFO    | quant_system.strategies.risk_preservation | State 2 detected at 2016-02-05 00:00:00 - de-risking 60% of 2 position(s).
2026-08-29 04:54:10,708 | INFO    | quant_system.strategies.risk_preservation | State 2 detected at 2016-02-10 00:00:00 - de-risking 60% of 2 position(s).
2026-08-29 04:54:10,711 | INFO    | quant_system.strategies.risk_preservation | State 2 detected at 2016-02-16 00:00:00 - de-risking 60% of 2 position(s).
2026-08-29 04:54:10,712 | INFO    | quant_system.strategies.risk_preservation | State 2 detected at 2016-02-18 00:00:00 - de-risking 60% of 2 position(s).
2026-08-29 04:54:10,715 | INFO    | quant_system.strategies.risk_preservation | State 2 detected at 2016-02-22 00:00:00 - de-risking 60% of 2 position(s).
2026-08-29 04:54:10,719 | INFO    | quant_system.strategies.risk_preservation | State 2 detected at 2016-02-24 00:00:00 - de-risking 60% of 2 position(s).
2026-08-29 04:54:10,723 | INFO    | quant_system.strategies.risk_preservation | State 2 detected at 2016-02-29 00:00:00 - de-risking 60% of 2 position(s).
2026-08-29 04:54:10,726 | INFO    | quant_system.strategies.risk_preservation | State 2 detected at 2016-03-02 00:00:00 - de-risking 60% of 2 position(s).
2026-08-29 04:54:10,729 | INFO    | quant_system.strategies.risk_preservation | State 2 detected at 2016-03-04 00:00:00 - de-risking 60% of 2 position(s).
2026-08-29 04:54:10,733 | INFO    | quant_system.strategies.risk_preservation | State 2 detected at 2016-03-08 00:00:00 - de-risking 60% of 2 position(s).
2026-08-29 04:54:10,736 | INFO    | quant_system.strategies.risk_preservation | State 2 detected at 2016-03-10 00:00:00 - de-risking 60% of 2 position(s).
2026-08-29 04:54:10,740 | INFO    | quant_system.strategies.risk_preservation | State 2 detected at 2016-03-14 00:00:00 - de-risking 60% of 2 position(s).
2026-08-29 04:54:10,743 | INFO    | quant_system.strategies.risk_preservation | State 2 detected at 2016-03-16 00:00:00 - de-risking 60% of 2 position(s).
2026-08-29 04:54:10,747 | INFO    | quant_system.strategies.risk_preservation | State 2 detected at 2016-03-18 00:00:00 - de-risking 60% of 2 position(s).
2026-08-29 04:54:10,750 | INFO    | quant_system.strategies.risk_preservation | State 2 detected at 2016-03-22 00:00:00 - de-risking 60% of 2 position(s).
2026-08-29 04:54:10,753 | INFO    | quant_system.strategies.risk_preservation | State 2 detected at 2016-03-24 00:00:00 - de-risking 60% of 2 position(s).
2026-08-29 04:54:10,757 | INFO    | quant_system.strategies.risk_preservation | State 2 detected at 2016-03-29 00:00:00 - de-risking 60% of 2 position(s).
2026-08-29 04:54:10,760 | INFO    | quant_system.strategies.risk_preservation | State 2 detected at 2016-03-31 00:00:00 - de-risking 60% of 2 position(s).
2026-08-29 04:54:10,764 | INFO    | quant_system.strategies.risk_preservation | State 2 detected at 2016-04-04 00:00:00 - de-risking 60% of 2 position(s).
2026-08-29 04:54:11,119 | INFO    | quant_system.strategies.risk_preservation | State 2 detected at 2016-02-01 00:00:00 - de-risking 60% of 2 position(s).
2026-08-29 04:54:11,123 | INFO    | quant_system.strategies.risk_preservation | State 2 detected at 2016-02-03 00:00:00 - de-risking 60% of 2 position(s).
2026-08-29 04:54:11,127 | INFO    | quant_system.strategies.risk_preservation | State 2 detected at 2016-02-05 00:00:00 - de-risking 60% of 2 position(s).
2026-08-29 04:54:11,130 | INFO    | quant_system.strategies.risk_preservation | State 2 detected at 2016-02-10 00:00:00 - de-risking 60% of 2 position(s).
2026-08-29 04:54:11,133 | INFO    | quant_system.strategies.risk_preservation | State 2 detected at 2016-02-16 00:00:00 - de-risking 60% of 2 position(s).
2026-08-29 04:54:11,134 | INFO    | quant_system.strategies.risk_preservation | State 2 detected at 2016-02-18 00:00:00 - de-risking 60% of 2 position(s).
2026-08-29 04:54:11,137 | INFO    | quant_system.strategies.risk_preservation | State 2 detected at 2016-02-22 00:00:00 - de-risking 60% of 2 position(s).
2026-08-29 04:54:11,140 | INFO    | quant_system.strategies.risk_preservation | State 2 detected at 2016-02-24 00:00:00 - de-risking 60% of 2 position(s).
2026-08-29 04:54:11,144 | INFO    | quant_system.strategies.risk_preservation | State 2 detected at 2016-02-29 00:00:00 - de-risking 60% of 2 position(s).
2026-08-29 04:54:11,147 | INFO    | quant_system.strategies.risk_preservation | State 2 detected at 2016-03-02 00:00:00 - de-risking 60% of 2 position(s).
2026-08-29 04:54:11,151 | INFO    | quant_system.strategies.risk_preservation | State 2 detected at 2016-03-04 00:00:00 - de-risking 60% of 2 position(s).
2026-08-29 04:54:11,154 | INFO    | quant_system.strategies.risk_preservation | State 2 detected at 2016-03-08 00:00:00 - de-risking 60% of 2 position(s).
2026-08-29 04:54:11,158 | INFO    | quant_system.strategies.risk_preservation | State 2 detected at 2016-03-10 00:00:00 - de-risking 60% of 2 position(s).
2026-08-29 04:54:11,161 | INFO    | quant_system.strategies.risk_preservation | State 2 detected at 2016-03-14 00:00:00 - de-risking 60% of 2 position(s).
2026-08-29 04:54:11,164 | INFO    | quant_system.strategies.risk_preservation | State 2 detected at 2016-03-16 00:00:00 - de-risking 60% of 2 position(s).
2026-08-29 04:54:11,168 | INFO    | quant_system.strategies.risk_preservation | State 2 detected at 2016-03-18 00:00:00 - de-risking 60% of 2 position(s).
2026-08-29 04:54:11,171 | INFO    | quant_system.strategies.risk_preservation | State 2 detected at 2016-03-22 00:00:00 - de-risking 60% of 2 position(s).
2026-08-29 04:54:11,175 | INFO    | quant_system.strategies.risk_preservation | State 2 detected at 2016-03-24 00:00:00 - de-risking 60% of 2 position(s).
2026-08-29 04:54:11,181 | INFO    | quant_system.strategies.risk_preservation | State 2 detected at 2016-03-29 00:00:00 - de-risking 60% of 2 position(s).
2026-08-29 04:54:11,185 | INFO    | quant_system.strategies.risk_preservation | State 2 detected at 2016-03-31 00:00:00 - de-risking 60% of 2 position(s).
2026-08-29 04:54:11,189 | INFO    | quant_system.strategies.risk_preservation | State 2 detected at 2016-04-04 00:00:00 - de-risking 60% of 2 position(s).
2026-08-29 04:54:11,337 | INFO    | quant_system.strategies.risk_preservation | State 2 detected at 2016-02-01 00:00:00 - de-risking 60% of 2 position(s).
2026-08-29 04:54:11,341 | INFO    | quant_system.strategies.risk_preservation | State 2 detected at 2016-02-03 00:00:00 - de-risking 60% of 2 position(s).
2026-08-29 04:54:11,345 | INFO    | quant_system.strategies.risk_preservation | State 2 detected at 2016-02-05 00:00:00 - de-risking 60% of 2 position(s).
2026-08-29 04:54:11,348 | INFO    | quant_system.strategies.risk_preservation | State 2 detected at 2016-02-10 00:00:00 - de-risking 60% of 2 position(s).
2026-08-29 04:54:11,351 | INFO    | quant_system.strategies.risk_preservation | State 2 detected at 2016-02-16 00:00:00 - de-risking 60% of 2 position(s).
2026-08-29 04:54:11,352 | INFO    | quant_system.strategies.risk_preservation | State 2 detected at 2016-02-18 00:00:00 - de-risking 60% of 2 position(s).
2026-08-29 04:54:11,355 | INFO    | quant_system.strategies.risk_preservation | State 2 detected at 2016-02-22 00:00:00 - de-risking 60% of 2 position(s).
2026-08-29 04:54:11,358 | INFO    | quant_system.strategies.risk_preservation | State 2 detected at 2016-02-24 00:00:00 - de-risking 60% of 2 position(s).
2026-08-29 04:54:11,362 | INFO    | quant_system.strategies.risk_preservation | State 2 detected at 2016-02-29 00:00:00 - de-risking 60% of 2 position(s).
2026-08-29 04:54:11,365 | INFO    | quant_system.strategies.risk_preservation | State 2 detected at 2016-03-02 00:00:00 - de-risking 60% of 2 position(s).
2026-08-29 04:54:11,369 | INFO    | quant_system.strategies.risk_preservation | State 2 detected at 2016-03-04 00:00:00 - de-risking 60% of 2 position(s).
2026-08-29 04:54:11,372 | INFO    | quant_system.strategies.risk_preservation | State 2 detected at 2016-03-08 00:00:00 - de-risking 60% of 2 position(s).
2026-08-29 04:54:11,376 | INFO    | quant_system.strategies.risk_preservation | State 2 detected at 2016-03-10 00:00:00 - de-risking 60% of 2 position(s).
2026-08-29 04:54:11,379 | INFO    | quant_system.strategies.risk_preservation | State 2 detected at 2016-03-14 00:00:00 - de-risking 60% of 2 position(s).
2026-08-29 04:54:11,383 | INFO    | quant_system.strategies.risk_preservation | State 2 detected at 2016-03-16 00:00:00 - de-risking 60% of 2 position(s).
2026-08-29 04:54:11,386 | INFO    | quant_system.strategies.risk_preservation | State 2 detected at 2016-03-18 00:00:00 - de-risking 60% of 2 position(s).
2026-08-29 04:54:11,390 | INFO    | quant_system.strategies.risk_preservation | State 2 detected at 2016-03-22 00:00:00 - de-risking 60% of 2 position(s).
2026-08-29 04:54:11,393 | INFO    | quant_system.strategies.risk_preservation | State 2 detected at 2016-03-24 00:00:00 - de-risking 60% of 2 position(s).
2026-08-29 04:54:11,397 | INFO    | quant_system.strategies.risk_preservation | State 2 detected at 2016-03-29 00:00:00 - de-risking 60% of 2 position(s).
2026-08-29 04:54:11,401 | INFO    | quant_system.strategies.risk_preservation | State 2 detected at 2016-03-31 00:00:00 - de-risking 60% of 2 position(s).
2026-08-29 04:54:11,405 | INFO    | quant_system.strategies.risk_preservation | State 2 detected at 2016-04-04 00:00:00 - de-risking 60% of 2 position(s).
2026-08-29 04:54:11,555 | INFO    | quant_system.strategies.risk_preservation | State 2 detected at 2016-02-01 00:00:00 - de-risking 60% of 2 position(s).
2026-08-29 04:54:11,559 | INFO    | quant_system.strategies.risk_preservation | State 2 detected at 2016-02-03 00:00:00 - de-risking 60% of 2 position(s).
2026-08-29 04:54:11,563 | INFO    | quant_system.strategies.risk_preservation | State 2 detected at 2016-02-05 00:00:00 - de-risking 60% of 2 position(s).
2026-08-29 04:54:11,566 | INFO    | quant_system.strategies.risk_preservation | State 2 detected at 2016-02-10 00:00:00 - de-risking 60% of 2 position(s).
2026-08-29 04:54:11,569 | INFO    | quant_system.strategies.risk_preservation | State 2 detected at 2016-02-16 00:00:00 - de-risking 60% of 2 position(s).
2026-08-29 04:54:11,571 | INFO    | quant_system.strategies.risk_preservation | State 2 detected at 2016-02-18 00:00:00 - de-risking 60% of 2 position(s).
2026-08-29 04:54:11,574 | INFO    | quant_system.strategies.risk_preservation | State 2 detected at 2016-02-22 00:00:00 - de-risking 60% of 2 position(s).
2026-08-29 04:54:11,577 | INFO    | quant_system.strategies.risk_preservation | State 2 detected at 2016-02-24 00:00:00 - de-risking 60% of 2 position(s).
2026-08-29 04:54:11,581 | INFO    | quant_system.strategies.risk_preservation | State 2 detected at 2016-02-29 00:00:00 - de-risking 60% of 2 position(s).
2026-08-29 04:54:11,584 | INFO    | quant_system.strategies.risk_preservation | State 2 detected at 2016-03-02 00:00:00 - de-risking 60% of 2 position(s).
2026-08-29 04:54:11,588 | INFO    | quant_system.strategies.risk_preservation | State 2 detected at 2016-03-04 00:00:00 - de-risking 60% of 2 position(s).
2026-08-29 04:54:11,591 | INFO    | quant_system.strategies.risk_preservation | State 2 detected at 2016-03-08 00:00:00 - de-risking 60% of 2 position(s).
2026-08-29 04:54:11,595 | INFO    | quant_system.strategies.risk_preservation | State 2 detected at 2016-03-10 00:00:00 - de-risking 60% of 2 position(s).
2026-08-29 04:54:11,598 | INFO    | quant_system.strategies.risk_preservation | State 2 detected at 2016-03-14 00:00:00 - de-risking 60% of 2 position(s).
2026-08-29 04:54:11,603 | INFO    | quant_system.strategies.risk_preservation | State 2 detected at 2016-03-16 00:00:00 - de-risking 60% of 2 position(s).
2026-08-29 04:54:11,606 | INFO    | quant_system.strategies.risk_preservation | State 2 detected at 2016-03-18 00:00:00 - de-risking 60% of 2 position(s).
2026-08-29 04:54:11,610 | INFO    | quant_system.strategies.risk_preservation | State 2 detected at 2016-03-22 00:00:00 - de-risking 60% of 2 position(s).
2026-08-29 04:54:11,613 | INFO    | quant_system.strategies.risk_preservation | State 2 detected at 2016-03-24 00:00:00 - de-risking 60% of 2 position(s).
2026-08-29 04:54:11,617 | INFO    | quant_system.strategies.risk_preservation | State 2 detected at 2016-03-29 00:00:00 - de-risking 60% of 2 position(s).
2026-08-29 04:54:11,620 | INFO    | quant_system.strategies.risk_preservation | State 2 detected at 2016-03-31 00:00:00 - de-risking 60% of 2 position(s).
2026-08-29 04:54:11,624 | INFO    | quant_system.strategies.risk_preservation | State 2 detected at 2016-04-04 00:00:00 - de-risking 60% of 2 position(s).
2026-08-29 04:54:11,775 | INFO    | quant_system.strategies.risk_preservation | State 2 detected at 2016-02-01 00:00:00 - de-risking 60% of 2 position(s).
2026-08-29 04:54:11,778 | INFO    | quant_system.strategies.risk_preservation | State 2 detected at 2016-02-03 00:00:00 - de-risking 60% of 2 position(s).
2026-08-29 04:54:11,782 | INFO    | quant_system.strategies.risk_preservation | State 2 detected at 2016-02-05 00:00:00 - de-risking 60% of 2 position(s).
2026-08-29 04:54:11,785 | INFO    | quant_system.strategies.risk_preservation | State 2 detected at 2016-02-10 00:00:00 - de-risking 60% of 2 position(s).
2026-08-29 04:54:11,789 | INFO    | quant_system.strategies.risk_preservation | State 2 detected at 2016-02-16 00:00:00 - de-risking 60% of 2 position(s).
2026-08-29 04:54:11,790 | INFO    | quant_system.strategies.risk_preservation | State 2 detected at 2016-02-18 00:00:00 - de-risking 60% of 2 position(s).
2026-08-29 04:54:11,793 | INFO    | quant_system.strategies.risk_preservation | State 2 detected at 2016-02-22 00:00:00 - de-risking 60% of 2 position(s).
2026-08-29 04:54:11,797 | INFO    | quant_system.strategies.risk_preservation | State 2 detected at 2016-02-24 00:00:00 - de-risking 60% of 2 position(s).
2026-08-29 04:54:11,801 | INFO    | quant_system.strategies.risk_preservation | State 2 detected at 2016-02-29 00:00:00 - de-risking 60% of 2 position(s).
2026-08-29 04:54:11,804 | INFO    | quant_system.strategies.risk_preservation | State 2 detected at 2016-03-02 00:00:00 - de-risking 60% of 2 position(s).
2026-08-29 04:54:11,808 | INFO    | quant_system.strategies.risk_preservation | State 2 detected at 2016-03-04 00:00:00 - de-risking 60% of 2 position(s).
2026-08-29 04:54:11,811 | INFO    | quant_system.strategies.risk_preservation | State 2 detected at 2016-03-08 00:00:00 - de-risking 60% of 2 position(s).
2026-08-29 04:54:11,815 | INFO    | quant_system.strategies.risk_preservation | State 2 detected at 2016-03-10 00:00:00 - de-risking 60% of 2 position(s).
2026-08-29 04:54:11,818 | INFO    | quant_system.strategies.risk_preservation | State 2 detected at 2016-03-14 00:00:00 - de-risking 60% of 2 position(s).
2026-08-29 04:54:11,822 | INFO    | quant_system.strategies.risk_preservation | State 2 detected at 2016-03-16 00:00:00 - de-risking 60% of 2 position(s).
2026-08-29 04:54:11,825 | INFO    | quant_system.strategies.risk_preservation | State 2 detected at 2016-03-18 00:00:00 - de-risking 60% of 2 position(s).
2026-08-29 04:54:11,829 | INFO    | quant_system.strategies.risk_preservation | State 2 detected at 2016-03-22 00:00:00 - de-risking 60% of 2 position(s).
2026-08-29 04:54:11,832 | INFO    | quant_system.strategies.risk_preservation | State 2 detected at 2016-03-24 00:00:00 - de-risking 60% of 2 position(s).
2026-08-29 04:54:11,836 | INFO    | quant_system.strategies.risk_preservation | State 2 detected at 2016-03-29 00:00:00 - de-risking 60% of 2 position(s).
2026-08-29 04:54:11,839 | INFO    | quant_system.strategies.risk_preservation | State 2 detected at 2016-03-31 00:00:00 - de-risking 60% of 2 position(s).
2026-08-29 04:54:11,843 | INFO    | quant_system.strategies.risk_preservation | State 2 detected at 2016-04-04 00:00:00 - de-risking 60% of 2 position(s).
2026-08-29 04:54:11,994 | INFO    | quant_system.strategies.risk_preservation | State 2 detected at 2016-02-01 00:00:00 - de-risking 60% of 2 position(s).
2026-08-29 04:54:11,998 | INFO    | quant_system.strategies.risk_preservation | State 2 detected at 2016-02-03 00:00:00 - de-risking 60% of 2 position(s).
2026-08-29 04:54:12,002 | INFO    | quant_system.strategies.risk_preservation | State 2 detected at 2016-02-05 00:00:00 - de-risking 60% of 2 position(s).
2026-08-29 04:54:12,005 | INFO    | quant_system.strategies.risk_preservation | State 2 detected at 2016-02-10 00:00:00 - de-risking 60% of 2 position(s).
2026-08-29 04:54:12,008 | INFO    | quant_system.strategies.risk_preservation | State 2 detected at 2016-02-16 00:00:00 - de-risking 60% of 2 position(s).
2026-08-29 04:54:12,010 | INFO    | quant_system.strategies.risk_preservation | State 2 detected at 2016-02-18 00:00:00 - de-risking 60% of 2 position(s).
2026-08-29 04:54:12,013 | INFO    | quant_system.strategies.risk_preservation | State 2 detected at 2016-02-22 00:00:00 - de-risking 60% of 2 position(s).
2026-08-29 04:54:12,016 | INFO    | quant_system.strategies.risk_preservation | State 2 detected at 2016-02-24 00:00:00 - de-risking 60% of 2 position(s).
2026-08-29 04:54:12,020 | INFO    | quant_system.strategies.risk_preservation | State 2 detected at 2016-02-29 00:00:00 - de-risking 60% of 2 position(s).
2026-08-29 04:54:12,024 | INFO    | quant_system.strategies.risk_preservation | State 2 detected at 2016-03-02 00:00:00 - de-risking 60% of 2 position(s).
2026-08-29 04:54:12,027 | INFO    | quant_system.strategies.risk_preservation | State 2 detected at 2016-03-04 00:00:00 - de-risking 60% of 2 position(s).
2026-08-29 04:54:12,031 | INFO    | quant_system.strategies.risk_preservation | State 2 detected at 2016-03-08 00:00:00 - de-risking 60% of 2 position(s).
2026-08-29 04:54:12,034 | INFO    | quant_system.strategies.risk_preservation | State 2 detected at 2016-03-10 00:00:00 - de-risking 60% of 2 position(s).
2026-08-29 04:54:12,038 | INFO    | quant_system.strategies.risk_preservation | State 2 detected at 2016-03-14 00:00:00 - de-risking 60% of 2 position(s).
2026-08-29 04:54:12,041 | INFO    | quant_system.strategies.risk_preservation | State 2 detected at 2016-03-16 00:00:00 - de-risking 60% of 2 position(s).
2026-08-29 04:54:12,045 | INFO    | quant_system.strategies.risk_preservation | State 2 detected at 2016-03-18 00:00:00 - de-risking 60% of 2 position(s).
2026-08-29 04:54:12,048 | INFO    | quant_system.strategies.risk_preservation | State 2 detected at 2016-03-22 00:00:00 - de-risking 60% of 2 position(s).
2026-08-29 04:54:12,052 | INFO    | quant_system.strategies.risk_preservation | State 2 detected at 2016-03-24 00:00:00 - de-risking 60% of 2 position(s).
2026-08-29 04:54:12,055 | INFO    | quant_system.strategies.risk_preservation | State 2 detected at 2016-03-29 00:00:00 - de-risking 60% of 2 position(s).
2026-08-29 04:54:12,059 | INFO    | quant_system.strategies.risk_preservation | State 2 detected at 2016-03-31 00:00:00 - de-risking 60% of 2 position(s).
2026-08-29 04:54:12,063 | INFO    | quant_system.strategies.risk_preservation | State 2 detected at 2016-04-04 00:00:00 - de-risking 60% of 2 position(s).
2026-08-29 04:54:12,387 | INFO    | quant_system.strategies.risk_preservation | State 2 detected at 2016-02-01 00:00:00 - de-risking 60% of 2 position(s).
2026-08-29 04:54:12,391 | INFO    | quant_system.strategies.risk_preservation | State 2 detected at 2016-02-03 00:00:00 - de-risking 60% of 2 position(s).
2026-08-29 04:54:12,396 | INFO    | quant_system.strategies.risk_preservation | State 2 detected at 2016-02-05 00:00:00 - de-risking 60% of 2 position(s).
2026-08-29 04:54:12,399 | INFO    | quant_system.strategies.risk_preservation | State 2 detected at 2016-02-10 00:00:00 - de-risking 60% of 2 position(s).
2026-08-29 04:54:12,402 | INFO    | quant_system.strategies.risk_preservation | State 2 detected at 2016-02-16 00:00:00 - de-risking 60% of 2 position(s).
2026-08-29 04:54:12,403 | INFO    | quant_system.strategies.risk_preservation | State 2 detected at 2016-02-18 00:00:00 - de-risking 60% of 2 position(s).
2026-08-29 04:54:12,406 | INFO    | quant_system.strategies.risk_preservation | State 2 detected at 2016-02-22 00:00:00 - de-risking 60% of 2 position(s).
2026-08-29 04:54:12,409 | INFO    | quant_system.strategies.risk_preservation | State 2 detected at 2016-02-24 00:00:00 - de-risking 60% of 2 position(s).
2026-08-29 04:54:12,412 | INFO    | quant_system.strategies.risk_preservation | State 2 detected at 2016-02-29 00:00:00 - de-risking 60% of 2 position(s).
2026-08-29 04:54:12,415 | INFO    | quant_system.strategies.risk_preservation | State 2 detected at 2016-03-02 00:00:00 - de-risking 60% of 2 position(s).
2026-08-29 04:54:12,418 | INFO    | quant_system.strategies.risk_preservation | State 2 detected at 2016-03-04 00:00:00 - de-risking 60% of 2 position(s).
2026-08-29 04:54:12,421 | INFO    | quant_system.strategies.risk_preservation | State 2 detected at 2016-03-08 00:00:00 - de-risking 60% of 2 position(s).
2026-08-29 04:54:12,424 | INFO    | quant_system.strategies.risk_preservation | State 2 detected at 2016-03-10 00:00:00 - de-risking 60% of 2 position(s).
2026-08-29 04:54:12,428 | INFO    | quant_system.strategies.risk_preservation | State 2 detected at 2016-03-14 00:00:00 - de-risking 60% of 2 position(s).
2026-08-29 04:54:12,431 | INFO    | quant_system.strategies.risk_preservation | State 2 detected at 2016-03-16 00:00:00 - de-risking 60% of 2 position(s).
2026-08-29 04:54:12,435 | INFO    | quant_system.strategies.risk_preservation | State 2 detected at 2016-03-18 00:00:00 - de-risking 60% of 2 position(s).
2026-08-29 04:54:12,438 | INFO    | quant_system.strategies.risk_preservation | State 2 detected at 2016-03-22 00:00:00 - de-risking 60% of 2 position(s).
2026-08-29 04:54:12,442 | INFO    | quant_system.strategies.risk_preservation | State 2 detected at 2016-03-24 00:00:00 - de-risking 60% of 2 position(s).
2026-08-29 04:54:12,448 | INFO    | quant_system.strategies.risk_preservation | State 2 detected at 2016-03-29 00:00:00 - de-risking 60% of 2 position(s).
2026-08-29 04:54:12,452 | INFO    | quant_system.strategies.risk_preservation | State 2 detected at 2016-03-31 00:00:00 - de-risking 60% of 2 position(s).
2026-08-29 04:54:12,455 | INFO    | quant_system.strategies.risk_preservation | State 2 detected at 2016-04-04 00:00:00 - de-risking 60% of 2 position(s).
2026-08-29 04:54:12,459 | INFO    | quant_system.strategies.risk_preservation | State 2 detected at 2016-04-06 00:00:00 - de-risking 60% of 2 position(s).
2026-08-29 04:54:12,462 | INFO    | quant_system.strategies.risk_preservation | State 2 detected at 2016-04-08 00:00:00 - de-risking 60% of 2 position(s).
2026-08-29 04:54:12,466 | INFO    | quant_system.strategies.risk_preservation | State 2 detected at 2016-04-12 00:00:00 - de-risking 60% of 2 position(s).
2026-08-29 04:54:12,469 | INFO    | quant_system.strategies.risk_preservation | State 2 detected at 2016-04-14 00:00:00 - de-risking 60% of 2 position(s).
2026-08-29 04:54:12,473 | INFO    | quant_system.strategies.risk_preservation | State 2 detected at 2016-04-18 00:00:00 - de-risking 60% of 2 position(s).
2026-08-29 04:54:12,481 | INFO    | quant_system.strategies.risk_preservation | State 2 detected at 2016-04-21 00:00:00 - de-risking 60% of 2 position(s).
2026-08-29 04:54:12,483 | INFO    | quant_system.strategies.risk_preservation | State 2 detected at 2016-04-25 00:00:00 - de-risking 60% of 2 position(s).
2026-08-29 04:54:12,487 | INFO    | quant_system.strategies.risk_preservation | State 2 detected at 2016-04-27 00:00:00 - de-risking 60% of 2 position(s).
2026-08-29 04:54:12,492 | INFO    | quant_system.strategies.risk_preservation | State 2 detected at 2016-04-29 00:00:00 - de-risking 60% of 2 position(s).
2026-08-29 04:54:12,520 | INFO    | quant_system.strategies.risk_preservation | State 2 detected at 2016-06-03 00:00:00 - de-risking 60% of 2 position(s).
2026-08-29 04:54:12,522 | INFO    | quant_system.strategies.risk_preservation | State 2 detected at 2016-06-07 00:00:00 - de-risking 60% of 2 position(s).
2026-08-29 04:54:12,578 | INFO    | quant_system.backtesting.walk_forward |   best={'fast_base': 15, 'slow_base': 40, 'entry_z': 2.4}  IS 0.664 -> OOS -1.465  (degradation 320.5%, REJECTED)
2026-08-29 04:54:12,578 | INFO    | quant_system.backtesting.walk_forward | Segment 3/39  IS 2015-07-06..2016-07-05  OOS 2016-07-05..2016-10-03
2026-08-29 04:54:12,992 | INFO    | quant_system.strategies.risk_preservation | State 2 detected at 2016-02-01 00:00:00 - de-risking 60% of 2 position(s).
2026-08-29 04:54:12,997 | INFO    | quant_system.strategies.risk_preservation | State 2 detected at 2016-02-03 00:00:00 - de-risking 60% of 2 position(s).
2026-08-29 04:54:13,001 | INFO    | quant_system.strategies.risk_preservation | State 2 detected at 2016-02-05 00:00:00 - de-risking 60% of 2 position(s).
2026-08-29 04:54:13,004 | INFO    | quant_system.strategies.risk_preservation | State 2 detected at 2016-02-10 00:00:00 - de-risking 60% of 2 position(s).
2026-08-29 04:54:13,007 | INFO    | quant_system.strategies.risk_preservation | State 2 detected at 2016-02-16 00:00:00 - de-risking 60% of 2 position(s).
2026-08-29 04:54:13,008 | INFO    | quant_system.strategies.risk_preservation | State 2 detected at 2016-02-18 00:00:00 - de-risking 60% of 2 position(s).
2026-08-29 04:54:13,011 | INFO    | quant_system.strategies.risk_preservation | State 2 detected at 2016-02-22 00:00:00 - de-risking 60% of 2 position(s).
2026-08-29 04:54:13,014 | INFO    | quant_system.strategies.risk_preservation | State 2 detected at 2016-02-24 00:00:00 - de-risking 60% of 2 position(s).
2026-08-29 04:54:13,018 | INFO    | quant_system.strategies.risk_preservation | State 2 detected at 2016-02-29 00:00:00 - de-risking 60% of 2 position(s).
2026-08-29 04:54:13,021 | INFO    | quant_system.strategies.risk_preservation | State 2 detected at 2016-03-02 00:00:00 - de-risking 60% of 2 position(s).
2026-08-29 04:54:13,025 | INFO    | quant_system.strategies.risk_preservation | State 2 detected at 2016-03-04 00:00:00 - de-risking 60% of 2 position(s).
2026-08-29 04:54:13,028 | INFO    | quant_system.strategies.risk_preservation | State 2 detected at 2016-03-08 00:00:00 - de-risking 60% of 2 position(s).
2026-08-29 04:54:13,032 | INFO    | quant_system.strategies.risk_preservation | State 2 detected at 2016-03-10 00:00:00 - de-risking 60% of 2 position(s).
2026-08-29 04:54:13,035 | INFO    | quant_system.strategies.risk_preservation | State 2 detected at 2016-03-14 00:00:00 - de-risking 60% of 2 position(s).
2026-08-29 04:54:13,039 | INFO    | quant_system.strategies.risk_preservation | State 2 detected at 2016-03-16 00:00:00 - de-risking 60% of 2 position(s).
2026-08-29 04:54:13,042 | INFO    | quant_system.strategies.risk_preservation | State 2 detected at 2016-03-18 00:00:00 - de-risking 60% of 2 position(s).
2026-08-29 04:54:13,046 | INFO    | quant_system.strategies.risk_preservation | State 2 detected at 2016-03-22 00:00:00 - de-risking 60% of 2 position(s).
2026-08-29 04:54:13,049 | INFO    | quant_system.strategies.risk_preservation | State 2 detected at 2016-03-24 00:00:00 - de-risking 60% of 2 position(s).
2026-08-29 04:54:13,057 | INFO    | quant_system.strategies.risk_preservation | State 2 detected at 2016-03-29 00:00:00 - de-risking 60% of 2 position(s).
2026-08-29 04:54:13,060 | INFO    | quant_system.strategies.risk_preservation | State 2 detected at 2016-03-31 00:00:00 - de-risking 60% of 2 position(s).
2026-08-29 04:54:13,064 | INFO    | quant_system.strategies.risk_preservation | State 2 detected at 2016-04-04 00:00:00 - de-risking 60% of 2 position(s).
2026-08-29 04:54:13,069 | INFO    | quant_system.strategies.risk_preservation | State 2 detected at 2016-04-06 00:00:00 - de-risking 60% of 2 position(s).
2026-08-29 04:54:13,074 | INFO    | quant_system.strategies.risk_preservation | State 2 detected at 2016-04-08 00:00:00 - de-risking 60% of 2 position(s).
2026-08-29 04:54:13,078 | INFO    | quant_system.strategies.risk_preservation | State 2 detected at 2016-04-12 00:00:00 - de-risking 60% of 2 position(s).
2026-08-29 04:54:13,084 | INFO    | quant_system.strategies.risk_preservation | State 2 detected at 2016-04-14 00:00:00 - de-risking 60% of 2 position(s).
2026-08-29 04:54:13,090 | INFO    | quant_system.strategies.risk_preservation | State 2 detected at 2016-04-18 00:00:00 - de-risking 60% of 2 position(s).
2026-08-29 04:54:13,100 | INFO    | quant_system.strategies.risk_preservation | State 2 detected at 2016-04-21 00:00:00 - de-risking 60% of 2 position(s).
2026-08-29 04:54:13,103 | INFO    | quant_system.strategies.risk_preservation | State 2 detected at 2016-04-25 00:00:00 - de-risking 60% of 2 position(s).
2026-08-29 04:54:13,113 | INFO    | quant_system.strategies.risk_preservation | State 2 detected at 2016-04-27 00:00:00 - de-risking 60% of 2 position(s).
2026-08-29 04:54:13,115 | INFO    | quant_system.strategies.risk_preservation | State 2 detected at 2016-04-29 00:00:00 - de-risking 60% of 2 position(s).
2026-08-29 04:54:13,142 | INFO    | quant_system.strategies.risk_preservation | State 2 detected at 2016-06-03 00:00:00 - de-risking 60% of 2 position(s).
2026-08-29 04:54:13,149 | INFO    | quant_system.strategies.risk_preservation | State 2 detected at 2016-06-07 00:00:00 - de-risking 60% of 2 position(s).
2026-08-29 04:54:13,311 | INFO    | quant_system.strategies.risk_preservation | State 2 detected at 2016-02-01 00:00:00 - de-risking 60% of 2 position(s).
2026-08-29 04:54:13,315 | INFO    | quant_system.strategies.risk_preservation | State 2 detected at 2016-02-03 00:00:00 - de-risking 60% of 2 position(s).
2026-08-29 04:54:13,319 | INFO    | quant_system.strategies.risk_preservation | State 2 detected at 2016-02-05 00:00:00 - de-risking 60% of 2 position(s).
2026-08-29 04:54:13,323 | INFO    | quant_system.strategies.risk_preservation | State 2 detected at 2016-02-10 00:00:00 - de-risking 60% of 2 position(s).
2026-08-29 04:54:13,326 | INFO    | quant_system.strategies.risk_preservation | State 2 detected at 2016-02-16 00:00:00 - de-risking 60% of 2 position(s).
2026-08-29 04:54:13,327 | INFO    | quant_system.strategies.risk_preservation | State 2 detected at 2016-02-18 00:00:00 - de-risking 60% of 2 position(s).
2026-08-29 04:54:13,330 | INFO    | quant_system.strategies.risk_preservation | State 2 detected at 2016-02-22 00:00:00 - de-risking 60% of 2 position(s).
2026-08-29 04:54:13,333 | INFO    | quant_system.strategies.risk_preservation | State 2 detected at 2016-02-24 00:00:00 - de-risking 60% of 2 position(s).
2026-08-29 04:54:13,337 | INFO    | quant_system.strategies.risk_preservation | State 2 detected at 2016-02-29 00:00:00 - de-risking 60% of 2 position(s).
2026-08-29 04:54:13,340 | INFO    | quant_system.strategies.risk_preservation | State 2 detected at 2016-03-02 00:00:00 - de-risking 60% of 2 position(s).
2026-08-29 04:54:13,344 | INFO    | quant_system.strategies.risk_preservation | State 2 detected at 2016-03-04 00:00:00 - de-risking 60% of 2 position(s).
2026-08-29 04:54:13,347 | INFO    | quant_system.strategies.risk_preservation | State 2 detected at 2016-03-08 00:00:00 - de-risking 60% of 2 position(s).
2026-08-29 04:54:13,351 | INFO    | quant_system.strategies.risk_preservation | State 2 detected at 2016-03-10 00:00:00 - de-risking 60% of 2 position(s).
2026-08-29 04:54:13,354 | INFO    | quant_system.strategies.risk_preservation | State 2 detected at 2016-03-14 00:00:00 - de-risking 60% of 2 position(s).
2026-08-29 04:54:13,358 | INFO    | quant_system.strategies.risk_preservation | State 2 detected at 2016-03-16 00:00:00 - de-risking 60% of 2 position(s).
2026-08-29 04:54:13,361 | INFO    | quant_system.strategies.risk_preservation | State 2 detected at 2016-03-18 00:00:00 - de-risking 60% of 2 position(s).
2026-08-29 04:54:13,364 | INFO    | quant_system.strategies.risk_preservation | State 2 detected at 2016-03-22 00:00:00 - de-risking 60% of 2 position(s).
2026-08-29 04:54:13,368 | INFO    | quant_system.strategies.risk_preservation | State 2 detected at 2016-03-24 00:00:00 - de-risking 60% of 2 position(s).
2026-08-29 04:54:13,371 | INFO    | quant_system.strategies.risk_preservation | State 2 detected at 2016-03-29 00:00:00 - de-risking 60% of 2 position(s).
2026-08-29 04:54:13,375 | INFO    | quant_system.strategies.risk_preservation | State 2 detected at 2016-03-31 00:00:00 - de-risking 60% of 2 position(s).
2026-08-29 04:54:13,378 | INFO    | quant_system.strategies.risk_preservation | State 2 detected at 2016-04-04 00:00:00 - de-risking 60% of 2 position(s).
2026-08-29 04:54:13,382 | INFO    | quant_system.strategies.risk_preservation | State 2 detected at 2016-04-06 00:00:00 - de-risking 60% of 2 position(s).
2026-08-29 04:54:13,385 | INFO    | quant_system.strategies.risk_preservation | State 2 detected at 2016-04-08 00:00:00 - de-risking 60% of 2 position(s).
2026-08-29 04:54:13,389 | INFO    | quant_system.strategies.risk_preservation | State 2 detected at 2016-04-12 00:00:00 - de-risking 60% of 2 position(s).
2026-08-29 04:54:13,393 | INFO    | quant_system.strategies.risk_preservation | State 2 detected at 2016-04-14 00:00:00 - de-risking 60% of 2 position(s).
2026-08-29 04:54:13,398 | INFO    | quant_system.strategies.risk_preservation | State 2 detected at 2016-04-18 00:00:00 - de-risking 60% of 2 position(s).
2026-08-29 04:54:13,406 | INFO    | quant_system.strategies.risk_preservation | State 2 detected at 2016-04-21 00:00:00 - de-risking 60% of 2 position(s).
2026-08-29 04:54:13,408 | INFO    | quant_system.strategies.risk_preservation | State 2 detected at 2016-04-25 00:00:00 - de-risking 60% of 2 position(s).
2026-08-29 04:54:13,412 | INFO    | quant_system.strategies.risk_preservation | State 2 detected at 2016-04-27 00:00:00 - de-risking 60% of 2 position(s).
2026-08-29 04:54:13,417 | INFO    | quant_system.strategies.risk_preservation | State 2 detected at 2016-04-29 00:00:00 - de-risking 60% of 2 position(s).
2026-08-29 04:54:13,444 | INFO    | quant_system.strategies.risk_preservation | State 2 detected at 2016-06-03 00:00:00 - de-risking 60% of 2 position(s).
2026-08-29 04:54:13,446 | INFO    | quant_system.strategies.risk_preservation | State 2 detected at 2016-06-07 00:00:00 - de-risking 60% of 2 position(s).
2026-08-29 04:54:13,609 | INFO    | quant_system.strategies.risk_preservation | State 2 detected at 2016-02-01 00:00:00 - de-risking 60% of 2 position(s).
2026-08-29 04:54:13,613 | INFO    | quant_system.strategies.risk_preservation | State 2 detected at 2016-02-03 00:00:00 - de-risking 60% of 2 position(s).
2026-08-29 04:54:13,617 | INFO    | quant_system.strategies.risk_preservation | State 2 detected at 2016-02-05 00:00:00 - de-risking 60% of 2 position(s).
2026-08-29 04:54:13,620 | INFO    | quant_system.strategies.risk_preservation | State 2 detected at 2016-02-10 00:00:00 - de-risking 60% of 2 position(s).
2026-08-29 04:54:13,623 | INFO    | quant_system.strategies.risk_preservation | State 2 detected at 2016-02-16 00:00:00 - de-risking 60% of 2 position(s).
2026-08-29 04:54:13,624 | INFO    | quant_system.strategies.risk_preservation | State 2 detected at 2016-02-18 00:00:00 - de-risking 60% of 2 position(s).
2026-08-29 04:54:13,627 | INFO    | quant_system.strategies.risk_preservation | State 2 detected at 2016-02-22 00:00:00 - de-risking 60% of 2 position(s).
2026-08-29 04:54:13,630 | INFO    | quant_system.strategies.risk_preservation | State 2 detected at 2016-02-24 00:00:00 - de-risking 60% of 2 position(s).
2026-08-29 04:54:13,634 | INFO    | quant_system.strategies.risk_preservation | State 2 detected at 2016-02-29 00:00:00 - de-risking 60% of 2 position(s).
2026-08-29 04:54:13,638 | INFO    | quant_system.strategies.risk_preservation | State 2 detected at 2016-03-02 00:00:00 - de-risking 60% of 2 position(s).
2026-08-29 04:54:13,641 | INFO    | quant_system.strategies.risk_preservation | State 2 detected at 2016-03-04 00:00:00 - de-risking 60% of 2 position(s).
2026-08-29 04:54:13,645 | INFO    | quant_system.strategies.risk_preservation | State 2 detected at 2016-03-08 00:00:00 - de-risking 60% of 2 position(s).
2026-08-29 04:54:13,648 | INFO    | quant_system.strategies.risk_preservation | State 2 detected at 2016-03-10 00:00:00 - de-risking 60% of 2 position(s).
2026-08-29 04:54:13,651 | INFO    | quant_system.strategies.risk_preservation | State 2 detected at 2016-03-14 00:00:00 - de-risking 60% of 2 position(s).
2026-08-29 04:54:13,655 | INFO    | quant_system.strategies.risk_preservation | State 2 detected at 2016-03-16 00:00:00 - de-risking 60% of 2 position(s).
2026-08-29 04:54:13,658 | INFO    | quant_system.strategies.risk_preservation | State 2 detected at 2016-03-18 00:00:00 - de-risking 60% of 2 position(s).
2026-08-29 04:54:13,662 | INFO    | quant_system.strategies.risk_preservation | State 2 detected at 2016-03-22 00:00:00 - de-risking 60% of 2 position(s).
2026-08-29 04:54:13,665 | INFO    | quant_system.strategies.risk_preservation | State 2 detected at 2016-03-24 00:00:00 - de-risking 60% of 2 position(s).
2026-08-29 04:54:13,669 | INFO    | quant_system.strategies.risk_preservation | State 2 detected at 2016-03-29 00:00:00 - de-risking 60% of 2 position(s).
2026-08-29 04:54:13,672 | INFO    | quant_system.strategies.risk_preservation | State 2 detected at 2016-03-31 00:00:00 - de-risking 60% of 2 position(s).
2026-08-29 04:54:13,675 | INFO    | quant_system.strategies.risk_preservation | State 2 detected at 2016-04-04 00:00:00 - de-risking 60% of 2 position(s).
2026-08-29 04:54:13,679 | INFO    | quant_system.strategies.risk_preservation | State 2 detected at 2016-04-06 00:00:00 - de-risking 60% of 2 position(s).
2026-08-29 04:54:13,682 | INFO    | quant_system.strategies.risk_preservation | State 2 detected at 2016-04-08 00:00:00 - de-risking 60% of 2 position(s).
2026-08-29 04:54:13,685 | INFO    | quant_system.strategies.risk_preservation | State 2 detected at 2016-04-12 00:00:00 - de-risking 60% of 2 position(s).
2026-08-29 04:54:13,690 | INFO    | quant_system.strategies.risk_preservation | State 2 detected at 2016-04-14 00:00:00 - de-risking 60% of 2 position(s).
2026-08-29 04:54:13,694 | INFO    | quant_system.strategies.risk_preservation | State 2 detected at 2016-04-18 00:00:00 - de-risking 60% of 2 position(s).
2026-08-29 04:54:13,702 | INFO    | quant_system.strategies.risk_preservation | State 2 detected at 2016-04-21 00:00:00 - de-risking 60% of 2 position(s).
2026-08-29 04:54:13,704 | INFO    | quant_system.strategies.risk_preservation | State 2 detected at 2016-04-25 00:00:00 - de-risking 60% of 2 position(s).
2026-08-29 04:54:13,708 | INFO    | quant_system.strategies.risk_preservation | State 2 detected at 2016-04-27 00:00:00 - de-risking 60% of 2 position(s).
2026-08-29 04:54:13,713 | INFO    | quant_system.strategies.risk_preservation | State 2 detected at 2016-04-29 00:00:00 - de-risking 60% of 2 position(s).
2026-08-29 04:54:13,741 | INFO    | quant_system.strategies.risk_preservation | State 2 detected at 2016-06-03 00:00:00 - de-risking 60% of 2 position(s).
2026-08-29 04:54:13,743 | INFO    | quant_system.strategies.risk_preservation | State 2 detected at 2016-06-07 00:00:00 - de-risking 60% of 2 position(s).
2026-08-29 04:54:13,903 | INFO    | quant_system.strategies.risk_preservation | State 2 detected at 2016-02-01 00:00:00 - de-risking 60% of 2 position(s).
2026-08-29 04:54:13,907 | INFO    | quant_system.strategies.risk_preservation | State 2 detected at 2016-02-03 00:00:00 - de-risking 60% of 2 position(s).
2026-08-29 04:54:13,911 | INFO    | quant_system.strategies.risk_preservation | State 2 detected at 2016-02-05 00:00:00 - de-risking 60% of 2 position(s).
2026-08-29 04:54:13,914 | INFO    | quant_system.strategies.risk_preservation | State 2 detected at 2016-02-10 00:00:00 - de-risking 60% of 2 position(s).
2026-08-29 04:54:13,917 | INFO    | quant_system.strategies.risk_preservation | State 2 detected at 2016-02-16 00:00:00 - de-risking 60% of 2 position(s).
2026-08-29 04:54:13,919 | INFO    | quant_system.strategies.risk_preservation | State 2 detected at 2016-02-18 00:00:00 - de-risking 60% of 2 position(s).
2026-08-29 04:54:13,921 | INFO    | quant_system.strategies.risk_preservation | State 2 detected at 2016-02-22 00:00:00 - de-risking 60% of 2 position(s).
2026-08-29 04:54:13,924 | INFO    | quant_system.strategies.risk_preservation | State 2 detected at 2016-02-24 00:00:00 - de-risking 60% of 2 position(s).
2026-08-29 04:54:13,928 | INFO    | quant_system.strategies.risk_preservation | State 2 detected at 2016-02-29 00:00:00 - de-risking 60% of 2 position(s).
2026-08-29 04:54:13,931 | INFO    | quant_system.strategies.risk_preservation | State 2 detected at 2016-03-02 00:00:00 - de-risking 60% of 2 position(s).
2026-08-29 04:54:13,935 | INFO    | quant_system.strategies.risk_preservation | State 2 detected at 2016-03-04 00:00:00 - de-risking 60% of 2 position(s).
2026-08-29 04:54:13,938 | INFO    | quant_system.strategies.risk_preservation | State 2 detected at 2016-03-08 00:00:00 - de-risking 60% of 2 position(s).
2026-08-29 04:54:13,941 | INFO    | quant_system.strategies.risk_preservation | State 2 detected at 2016-03-10 00:00:00 - de-risking 60% of 2 position(s).
2026-08-29 04:54:13,945 | INFO    | quant_system.strategies.risk_preservation | State 2 detected at 2016-03-14 00:00:00 - de-risking 60% of 2 position(s).
2026-08-29 04:54:13,948 | INFO    | quant_system.strategies.risk_preservation | State 2 detected at 2016-03-16 00:00:00 - de-risking 60% of 2 position(s).
2026-08-29 04:54:13,952 | INFO    | quant_system.strategies.risk_preservation | State 2 detected at 2016-03-18 00:00:00 - de-risking 60% of 2 position(s).
2026-08-29 04:54:13,955 | INFO    | quant_system.strategies.risk_preservation | State 2 detected at 2016-03-22 00:00:00 - de-risking 60% of 2 position(s).
2026-08-29 04:54:13,958 | INFO    | quant_system.strategies.risk_preservation | State 2 detected at 2016-03-24 00:00:00 - de-risking 60% of 2 position(s).
2026-08-29 04:54:13,962 | INFO    | quant_system.strategies.risk_preservation | State 2 detected at 2016-03-29 00:00:00 - de-risking 60% of 2 position(s).
2026-08-29 04:54:13,965 | INFO    | quant_system.strategies.risk_preservation | State 2 detected at 2016-03-31 00:00:00 - de-risking 60% of 2 position(s).
2026-08-29 04:54:13,969 | INFO    | quant_system.strategies.risk_preservation | State 2 detected at 2016-04-04 00:00:00 - de-risking 60% of 2 position(s).
2026-08-29 04:54:13,972 | INFO    | quant_system.strategies.risk_preservation | State 2 detected at 2016-04-06 00:00:00 - de-risking 60% of 2 position(s).
2026-08-29 04:54:13,976 | INFO    | quant_system.strategies.risk_preservation | State 2 detected at 2016-04-08 00:00:00 - de-risking 60% of 2 position(s).
2026-08-29 04:54:13,979 | INFO    | quant_system.strategies.risk_preservation | State 2 detected at 2016-04-12 00:00:00 - de-risking 60% of 2 position(s).
2026-08-29 04:54:13,983 | INFO    | quant_system.strategies.risk_preservation | State 2 detected at 2016-04-14 00:00:00 - de-risking 60% of 2 position(s).
2026-08-29 04:54:13,988 | INFO    | quant_system.strategies.risk_preservation | State 2 detected at 2016-04-18 00:00:00 - de-risking 60% of 2 position(s).
2026-08-29 04:54:13,996 | INFO    | quant_system.strategies.risk_preservation | State 2 detected at 2016-04-21 00:00:00 - de-risking 60% of 2 position(s).
2026-08-29 04:54:13,997 | INFO    | quant_system.strategies.risk_preservation | State 2 detected at 2016-04-25 00:00:00 - de-risking 60% of 2 position(s).
2026-08-29 04:54:14,002 | INFO    | quant_system.strategies.risk_preservation | State 2 detected at 2016-04-27 00:00:00 - de-risking 60% of 2 position(s).
2026-08-29 04:54:14,006 | INFO    | quant_system.strategies.risk_preservation | State 2 detected at 2016-04-29 00:00:00 - de-risking 60% of 2 position(s).
2026-08-29 04:54:14,033 | INFO    | quant_system.strategies.risk_preservation | State 2 detected at 2016-06-03 00:00:00 - de-risking 60% of 2 position(s).
2026-08-29 04:54:14,035 | INFO    | quant_system.strategies.risk_preservation | State 2 detected at 2016-06-07 00:00:00 - de-risking 60% of 2 position(s).
2026-08-29 04:54:14,198 | INFO    | quant_system.strategies.risk_preservation | State 2 detected at 2016-02-01 00:00:00 - de-risking 60% of 2 position(s).
2026-08-29 04:54:14,202 | INFO    | quant_system.strategies.risk_preservation | State 2 detected at 2016-02-03 00:00:00 - de-risking 60% of 2 position(s).
2026-08-29 04:54:14,206 | INFO    | quant_system.strategies.risk_preservation | State 2 detected at 2016-02-05 00:00:00 - de-risking 60% of 2 position(s).
2026-08-29 04:54:14,209 | INFO    | quant_system.strategies.risk_preservation | State 2 detected at 2016-02-10 00:00:00 - de-risking 60% of 2 position(s).
2026-08-29 04:54:14,212 | INFO    | quant_system.strategies.risk_preservation | State 2 detected at 2016-02-16 00:00:00 - de-risking 60% of 2 position(s).
2026-08-29 04:54:14,214 | INFO    | quant_system.strategies.risk_preservation | State 2 detected at 2016-02-18 00:00:00 - de-risking 60% of 2 position(s).
2026-08-29 04:54:14,216 | INFO    | quant_system.strategies.risk_preservation | State 2 detected at 2016-02-22 00:00:00 - de-risking 60% of 2 position(s).
2026-08-29 04:54:14,219 | INFO    | quant_system.strategies.risk_preservation | State 2 detected at 2016-02-24 00:00:00 - de-risking 60% of 2 position(s).
2026-08-29 04:54:14,223 | INFO    | quant_system.strategies.risk_preservation | State 2 detected at 2016-02-29 00:00:00 - de-risking 60% of 2 position(s).
2026-08-29 04:54:14,227 | INFO    | quant_system.strategies.risk_preservation | State 2 detected at 2016-03-02 00:00:00 - de-risking 60% of 2 position(s).
2026-08-29 04:54:14,230 | INFO    | quant_system.strategies.risk_preservation | State 2 detected at 2016-03-04 00:00:00 - de-risking 60% of 2 position(s).
2026-08-29 04:54:14,234 | INFO    | quant_system.strategies.risk_preservation | State 2 detected at 2016-03-08 00:00:00 - de-risking 60% of 2 position(s).
2026-08-29 04:54:14,237 | INFO    | quant_system.strategies.risk_preservation | State 2 detected at 2016-03-10 00:00:00 - de-risking 60% of 2 position(s).
2026-08-29 04:54:14,241 | INFO    | quant_system.strategies.risk_preservation | State 2 detected at 2016-03-14 00:00:00 - de-risking 60% of 2 position(s).
2026-08-29 04:54:14,244 | INFO    | quant_system.strategies.risk_preservation | State 2 detected at 2016-03-16 00:00:00 - de-risking 60% of 2 position(s).
2026-08-29 04:54:14,248 | INFO    | quant_system.strategies.risk_preservation | State 2 detected at 2016-03-18 00:00:00 - de-risking 60% of 2 position(s).
2026-08-29 04:54:14,251 | INFO    | quant_system.strategies.risk_preservation | State 2 detected at 2016-03-22 00:00:00 - de-risking 60% of 2 position(s).
2026-08-29 04:54:14,254 | INFO    | quant_system.strategies.risk_preservation | State 2 detected at 2016-03-24 00:00:00 - de-risking 60% of 2 position(s).
2026-08-29 04:54:14,258 | INFO    | quant_system.strategies.risk_preservation | State 2 detected at 2016-03-29 00:00:00 - de-risking 60% of 2 position(s).
2026-08-29 04:54:14,262 | INFO    | quant_system.strategies.risk_preservation | State 2 detected at 2016-03-31 00:00:00 - de-risking 60% of 2 position(s).
2026-08-29 04:54:14,266 | INFO    | quant_system.strategies.risk_preservation | State 2 detected at 2016-04-04 00:00:00 - de-risking 60% of 2 position(s).
2026-08-29 04:54:14,270 | INFO    | quant_system.strategies.risk_preservation | State 2 detected at 2016-04-06 00:00:00 - de-risking 60% of 2 position(s).
2026-08-29 04:54:14,273 | INFO    | quant_system.strategies.risk_preservation | State 2 detected at 2016-04-08 00:00:00 - de-risking 60% of 2 position(s).
2026-08-29 04:54:14,277 | INFO    | quant_system.strategies.risk_preservation | State 2 detected at 2016-04-12 00:00:00 - de-risking 60% of 2 position(s).
2026-08-29 04:54:14,282 | INFO    | quant_system.strategies.risk_preservation | State 2 detected at 2016-04-14 00:00:00 - de-risking 60% of 2 position(s).
2026-08-29 04:54:14,286 | INFO    | quant_system.strategies.risk_preservation | State 2 detected at 2016-04-18 00:00:00 - de-risking 60% of 2 position(s).
2026-08-29 04:54:14,294 | INFO    | quant_system.strategies.risk_preservation | State 2 detected at 2016-04-21 00:00:00 - de-risking 60% of 2 position(s).
2026-08-29 04:54:14,296 | INFO    | quant_system.strategies.risk_preservation | State 2 detected at 2016-04-25 00:00:00 - de-risking 60% of 2 position(s).
2026-08-29 04:54:14,301 | INFO    | quant_system.strategies.risk_preservation | State 2 detected at 2016-04-27 00:00:00 - de-risking 60% of 2 position(s).
2026-08-29 04:54:14,305 | INFO    | quant_system.strategies.risk_preservation | State 2 detected at 2016-04-29 00:00:00 - de-risking 60% of 2 position(s).
2026-08-29 04:54:14,332 | INFO    | quant_system.strategies.risk_preservation | State 2 detected at 2016-06-03 00:00:00 - de-risking 60% of 2 position(s).
2026-08-29 04:54:14,334 | INFO    | quant_system.strategies.risk_preservation | State 2 detected at 2016-06-07 00:00:00 - de-risking 60% of 2 position(s).
2026-08-29 04:54:14,768 | INFO    | quant_system.strategies.risk_preservation | State 2 detected at 2016-02-01 00:00:00 - de-risking 60% of 2 position(s).
2026-08-29 04:54:14,772 | INFO    | quant_system.strategies.risk_preservation | State 2 detected at 2016-02-03 00:00:00 - de-risking 60% of 2 position(s).
2026-08-29 04:54:14,776 | INFO    | quant_system.strategies.risk_preservation | State 2 detected at 2016-02-05 00:00:00 - de-risking 60% of 2 position(s).
2026-08-29 04:54:14,779 | INFO    | quant_system.strategies.risk_preservation | State 2 detected at 2016-02-10 00:00:00 - de-risking 60% of 2 position(s).
2026-08-29 04:54:14,782 | INFO    | quant_system.strategies.risk_preservation | State 2 detected at 2016-02-16 00:00:00 - de-risking 60% of 2 position(s).
2026-08-29 04:54:14,784 | INFO    | quant_system.strategies.risk_preservation | State 2 detected at 2016-02-18 00:00:00 - de-risking 60% of 2 position(s).
2026-08-29 04:54:14,786 | INFO    | quant_system.strategies.risk_preservation | State 2 detected at 2016-02-22 00:00:00 - de-risking 60% of 2 position(s).
2026-08-29 04:54:14,789 | INFO    | quant_system.strategies.risk_preservation | State 2 detected at 2016-02-24 00:00:00 - de-risking 60% of 2 position(s).
2026-08-29 04:54:14,793 | INFO    | quant_system.strategies.risk_preservation | State 2 detected at 2016-02-29 00:00:00 - de-risking 60% of 2 position(s).
2026-08-29 04:54:14,796 | INFO    | quant_system.strategies.risk_preservation | State 2 detected at 2016-03-02 00:00:00 - de-risking 60% of 2 position(s).
2026-08-29 04:54:14,800 | INFO    | quant_system.strategies.risk_preservation | State 2 detected at 2016-03-04 00:00:00 - de-risking 60% of 2 position(s).
2026-08-29 04:54:14,803 | INFO    | quant_system.strategies.risk_preservation | State 2 detected at 2016-03-08 00:00:00 - de-risking 60% of 2 position(s).
2026-08-29 04:54:14,806 | INFO    | quant_system.strategies.risk_preservation | State 2 detected at 2016-03-10 00:00:00 - de-risking 60% of 2 position(s).
2026-08-29 04:54:14,810 | INFO    | quant_system.strategies.risk_preservation | State 2 detected at 2016-03-14 00:00:00 - de-risking 60% of 2 position(s).
2026-08-29 04:54:14,813 | INFO    | quant_system.strategies.risk_preservation | State 2 detected at 2016-03-16 00:00:00 - de-risking 60% of 2 position(s).
2026-08-29 04:54:14,817 | INFO    | quant_system.strategies.risk_preservation | State 2 detected at 2016-03-18 00:00:00 - de-risking 60% of 2 position(s).
2026-08-29 04:54:14,820 | INFO    | quant_system.strategies.risk_preservation | State 2 detected at 2016-03-22 00:00:00 - de-risking 60% of 2 position(s).
2026-08-29 04:54:14,824 | INFO    | quant_system.strategies.risk_preservation | State 2 detected at 2016-03-24 00:00:00 - de-risking 60% of 2 position(s).
2026-08-29 04:54:14,830 | INFO    | quant_system.strategies.risk_preservation | State 2 detected at 2016-03-29 00:00:00 - de-risking 60% of 2 position(s).
2026-08-29 04:54:14,833 | INFO    | quant_system.strategies.risk_preservation | State 2 detected at 2016-03-31 00:00:00 - de-risking 60% of 2 position(s).
2026-08-29 04:54:14,838 | INFO    | quant_system.strategies.risk_preservation | State 2 detected at 2016-04-04 00:00:00 - de-risking 60% of 2 position(s).
2026-08-29 04:54:14,843 | INFO    | quant_system.strategies.risk_preservation | State 2 detected at 2016-04-06 00:00:00 - de-risking 60% of 2 position(s).
2026-08-29 04:54:14,847 | INFO    | quant_system.strategies.risk_preservation | State 2 detected at 2016-04-08 00:00:00 - de-risking 60% of 2 position(s).
2026-08-29 04:54:14,852 | INFO    | quant_system.strategies.risk_preservation | State 2 detected at 2016-04-12 00:00:00 - de-risking 60% of 2 position(s).
2026-08-29 04:54:14,857 | INFO    | quant_system.strategies.risk_preservation | State 2 detected at 2016-04-14 00:00:00 - de-risking 60% of 2 position(s).
2026-08-29 04:54:14,863 | INFO    | quant_system.strategies.risk_preservation | State 2 detected at 2016-04-18 00:00:00 - de-risking 60% of 2 position(s).
2026-08-29 04:54:14,873 | INFO    | quant_system.strategies.risk_preservation | State 2 detected at 2016-04-21 00:00:00 - de-risking 60% of 2 position(s).
2026-08-29 04:54:14,876 | INFO    | quant_system.strategies.risk_preservation | State 2 detected at 2016-04-25 00:00:00 - de-risking 60% of 2 position(s).
2026-08-29 04:54:14,885 | INFO    | quant_system.strategies.risk_preservation | State 2 detected at 2016-04-27 00:00:00 - de-risking 60% of 2 position(s).
2026-08-29 04:54:14,887 | INFO    | quant_system.strategies.risk_preservation | State 2 detected at 2016-04-29 00:00:00 - de-risking 60% of 2 position(s).
2026-08-29 04:54:14,914 | INFO    | quant_system.strategies.risk_preservation | State 2 detected at 2016-06-03 00:00:00 - de-risking 60% of 2 position(s).
2026-08-29 04:54:14,920 | INFO    | quant_system.strategies.risk_preservation | State 2 detected at 2016-06-07 00:00:00 - de-risking 60% of 2 position(s).
2026-08-29 04:54:15,084 | INFO    | quant_system.strategies.risk_preservation | State 2 detected at 2016-02-01 00:00:00 - de-risking 60% of 2 position(s).
2026-08-29 04:54:15,088 | INFO    | quant_system.strategies.risk_preservation | State 2 detected at 2016-02-03 00:00:00 - de-risking 60% of 2 position(s).
2026-08-29 04:54:15,092 | INFO    | quant_system.strategies.risk_preservation | State 2 detected at 2016-02-05 00:00:00 - de-risking 60% of 2 position(s).
2026-08-29 04:54:15,096 | INFO    | quant_system.strategies.risk_preservation | State 2 detected at 2016-02-10 00:00:00 - de-risking 60% of 2 position(s).
2026-08-29 04:54:15,099 | INFO    | quant_system.strategies.risk_preservation | State 2 detected at 2016-02-16 00:00:00 - de-risking 60% of 2 position(s).
2026-08-29 04:54:15,100 | INFO    | quant_system.strategies.risk_preservation | State 2 detected at 2016-02-18 00:00:00 - de-risking 60% of 2 position(s).
2026-08-29 04:54:15,104 | INFO    | quant_system.strategies.risk_preservation | State 2 detected at 2016-02-22 00:00:00 - de-risking 60% of 2 position(s).
2026-08-29 04:54:15,107 | INFO    | quant_system.strategies.risk_preservation | State 2 detected at 2016-02-24 00:00:00 - de-risking 60% of 2 position(s).
2026-08-29 04:54:15,112 | INFO    | quant_system.strategies.risk_preservation | State 2 detected at 2016-02-29 00:00:00 - de-risking 60% of 2 position(s).
2026-08-29 04:54:15,115 | INFO    | quant_system.strategies.risk_preservation | State 2 detected at 2016-03-02 00:00:00 - de-risking 60% of 2 position(s).
2026-08-29 04:54:15,119 | INFO    | quant_system.strategies.risk_preservation | State 2 detected at 2016-03-04 00:00:00 - de-risking 60% of 2 position(s).
2026-08-29 04:54:15,123 | INFO    | quant_system.strategies.risk_preservation | State 2 detected at 2016-03-08 00:00:00 - de-risking 60% of 2 position(s).
2026-08-29 04:54:15,126 | INFO    | quant_system.strategies.risk_preservation | State 2 detected at 2016-03-10 00:00:00 - de-risking 60% of 2 position(s).
2026-08-29 04:54:15,130 | INFO    | quant_system.strategies.risk_preservation | State 2 detected at 2016-03-14 00:00:00 - de-risking 60% of 2 position(s).
2026-08-29 04:54:15,133 | INFO    | quant_system.strategies.risk_preservation | State 2 detected at 2016-03-16 00:00:00 - de-risking 60% of 2 position(s).
2026-08-29 04:54:15,137 | INFO    | quant_system.strategies.risk_preservation | State 2 detected at 2016-03-18 00:00:00 - de-risking 60% of 2 position(s).
2026-08-29 04:54:15,140 | INFO    | quant_system.strategies.risk_preservation | State 2 detected at 2016-03-22 00:00:00 - de-risking 60% of 2 position(s).
2026-08-29 04:54:15,144 | INFO    | quant_system.strategies.risk_preservation | State 2 detected at 2016-03-24 00:00:00 - de-risking 60% of 2 position(s).
2026-08-29 04:54:15,147 | INFO    | quant_system.strategies.risk_preservation | State 2 detected at 2016-03-29 00:00:00 - de-risking 60% of 2 position(s).
2026-08-29 04:54:15,151 | INFO    | quant_system.strategies.risk_preservation | State 2 detected at 2016-03-31 00:00:00 - de-risking 60% of 2 position(s).
2026-08-29 04:54:15,154 | INFO    | quant_system.strategies.risk_preservation | State 2 detected at 2016-04-04 00:00:00 - de-risking 60% of 2 position(s).
2026-08-29 04:54:15,158 | INFO    | quant_system.strategies.risk_preservation | State 2 detected at 2016-04-06 00:00:00 - de-risking 60% of 2 position(s).
2026-08-29 04:54:15,162 | INFO    | quant_system.strategies.risk_preservation | State 2 detected at 2016-04-08 00:00:00 - de-risking 60% of 2 position(s).
2026-08-29 04:54:15,165 | INFO    | quant_system.strategies.risk_preservation | State 2 detected at 2016-04-12 00:00:00 - de-risking 60% of 2 position(s).
2026-08-29 04:54:15,170 | INFO    | quant_system.strategies.risk_preservation | State 2 detected at 2016-04-14 00:00:00 - de-risking 60% of 2 position(s).
2026-08-29 04:54:15,174 | INFO    | quant_system.strategies.risk_preservation | State 2 detected at 2016-04-18 00:00:00 - de-risking 60% of 2 position(s).
2026-08-29 04:54:15,182 | INFO    | quant_system.strategies.risk_preservation | State 2 detected at 2016-04-21 00:00:00 - de-risking 60% of 2 position(s).
2026-08-29 04:54:15,184 | INFO    | quant_system.strategies.risk_preservation | State 2 detected at 2016-04-25 00:00:00 - de-risking 60% of 2 position(s).
2026-08-29 04:54:15,188 | INFO    | quant_system.strategies.risk_preservation | State 2 detected at 2016-04-27 00:00:00 - de-risking 60% of 2 position(s).
2026-08-29 04:54:15,193 | INFO    | quant_system.strategies.risk_preservation | State 2 detected at 2016-04-29 00:00:00 - de-risking 60% of 2 position(s).
2026-08-29 04:54:15,221 | INFO    | quant_system.strategies.risk_preservation | State 2 detected at 2016-06-03 00:00:00 - de-risking 60% of 2 position(s).
2026-08-29 04:54:15,223 | INFO    | quant_system.strategies.risk_preservation | State 2 detected at 2016-06-07 00:00:00 - de-risking 60% of 2 position(s).
2026-08-29 04:54:15,388 | INFO    | quant_system.strategies.risk_preservation | State 2 detected at 2016-02-01 00:00:00 - de-risking 60% of 2 position(s).
2026-08-29 04:54:15,392 | INFO    | quant_system.strategies.risk_preservation | State 2 detected at 2016-02-03 00:00:00 - de-risking 60% of 2 position(s).
2026-08-29 04:54:15,396 | INFO    | quant_system.strategies.risk_preservation | State 2 detected at 2016-02-05 00:00:00 - de-risking 60% of 2 position(s).
2026-08-29 04:54:15,399 | INFO    | quant_system.strategies.risk_preservation | State 2 detected at 2016-02-10 00:00:00 - de-risking 60% of 2 position(s).
2026-08-29 04:54:15,402 | INFO    | quant_system.strategies.risk_preservation | State 2 detected at 2016-02-16 00:00:00 - de-risking 60% of 2 position(s).
2026-08-29 04:54:15,404 | INFO    | quant_system.strategies.risk_preservation | State 2 detected at 2016-02-18 00:00:00 - de-risking 60% of 2 position(s).
2026-08-29 04:54:15,406 | INFO    | quant_system.strategies.risk_preservation | State 2 detected at 2016-02-22 00:00:00 - de-risking 60% of 2 position(s).
2026-08-29 04:54:15,409 | INFO    | quant_system.strategies.risk_preservation | State 2 detected at 2016-02-24 00:00:00 - de-risking 60% of 2 position(s).
2026-08-29 04:54:15,413 | INFO    | quant_system.strategies.risk_preservation | State 2 detected at 2016-02-29 00:00:00 - de-risking 60% of 2 position(s).
2026-08-29 04:54:15,417 | INFO    | quant_system.strategies.risk_preservation | State 2 detected at 2016-03-02 00:00:00 - de-risking 60% of 2 position(s).
2026-08-29 04:54:15,420 | INFO    | quant_system.strategies.risk_preservation | State 2 detected at 2016-03-04 00:00:00 - de-risking 60% of 2 position(s).
2026-08-29 04:54:15,424 | INFO    | quant_system.strategies.risk_preservation | State 2 detected at 2016-03-08 00:00:00 - de-risking 60% of 2 position(s).
2026-08-29 04:54:15,427 | INFO    | quant_system.strategies.risk_preservation | State 2 detected at 2016-03-10 00:00:00 - de-risking 60% of 2 position(s).
2026-08-29 04:54:15,431 | INFO    | quant_system.strategies.risk_preservation | State 2 detected at 2016-03-14 00:00:00 - de-risking 60% of 2 position(s).
2026-08-29 04:54:15,434 | INFO    | quant_system.strategies.risk_preservation | State 2 detected at 2016-03-16 00:00:00 - de-risking 60% of 2 position(s).
2026-08-29 04:54:15,438 | INFO    | quant_system.strategies.risk_preservation | State 2 detected at 2016-03-18 00:00:00 - de-risking 60% of 2 position(s).
2026-08-29 04:54:15,441 | INFO    | quant_system.strategies.risk_preservation | State 2 detected at 2016-03-22 00:00:00 - de-risking 60% of 2 position(s).
2026-08-29 04:54:15,445 | INFO    | quant_system.strategies.risk_preservation | State 2 detected at 2016-03-24 00:00:00 - de-risking 60% of 2 position(s).
2026-08-29 04:54:15,448 | INFO    | quant_system.strategies.risk_preservation | State 2 detected at 2016-03-29 00:00:00 - de-risking 60% of 2 position(s).
2026-08-29 04:54:15,452 | INFO    | quant_system.strategies.risk_preservation | State 2 detected at 2016-03-31 00:00:00 - de-risking 60% of 2 position(s).
2026-08-29 04:54:15,455 | INFO    | quant_system.strategies.risk_preservation | State 2 detected at 2016-04-04 00:00:00 - de-risking 60% of 2 position(s).
2026-08-29 04:54:15,458 | INFO    | quant_system.strategies.risk_preservation | State 2 detected at 2016-04-06 00:00:00 - de-risking 60% of 2 position(s).
2026-08-29 04:54:15,462 | INFO    | quant_system.strategies.risk_preservation | State 2 detected at 2016-04-08 00:00:00 - de-risking 60% of 2 position(s).
2026-08-29 04:54:15,465 | INFO    | quant_system.strategies.risk_preservation | State 2 detected at 2016-04-12 00:00:00 - de-risking 60% of 2 position(s).
2026-08-29 04:54:15,470 | INFO    | quant_system.strategies.risk_preservation | State 2 detected at 2016-04-14 00:00:00 - de-risking 60% of 2 position(s).
2026-08-29 04:54:15,474 | INFO    | quant_system.strategies.risk_preservation | State 2 detected at 2016-04-18 00:00:00 - de-risking 60% of 2 position(s).
2026-08-29 04:54:15,482 | INFO    | quant_system.strategies.risk_preservation | State 2 detected at 2016-04-21 00:00:00 - de-risking 60% of 2 position(s).
2026-08-29 04:54:15,484 | INFO    | quant_system.strategies.risk_preservation | State 2 detected at 2016-04-25 00:00:00 - de-risking 60% of 2 position(s).
2026-08-29 04:54:15,488 | INFO    | quant_system.strategies.risk_preservation | State 2 detected at 2016-04-27 00:00:00 - de-risking 60% of 2 position(s).
2026-08-29 04:54:15,493 | INFO    | quant_system.strategies.risk_preservation | State 2 detected at 2016-04-29 00:00:00 - de-risking 60% of 2 position(s).
2026-08-29 04:54:15,520 | INFO    | quant_system.strategies.risk_preservation | State 2 detected at 2016-06-03 00:00:00 - de-risking 60% of 2 position(s).
2026-08-29 04:54:15,522 | INFO    | quant_system.strategies.risk_preservation | State 2 detected at 2016-06-07 00:00:00 - de-risking 60% of 2 position(s).
2026-08-29 04:54:15,684 | INFO    | quant_system.strategies.risk_preservation | State 2 detected at 2016-02-01 00:00:00 - de-risking 60% of 2 position(s).
2026-08-29 04:54:15,688 | INFO    | quant_system.strategies.risk_preservation | State 2 detected at 2016-02-03 00:00:00 - de-risking 60% of 2 position(s).
2026-08-29 04:54:15,692 | INFO    | quant_system.strategies.risk_preservation | State 2 detected at 2016-02-05 00:00:00 - de-risking 60% of 2 position(s).
2026-08-29 04:54:15,695 | INFO    | quant_system.strategies.risk_preservation | State 2 detected at 2016-02-10 00:00:00 - de-risking 60% of 2 position(s).
2026-08-29 04:54:15,698 | INFO    | quant_system.strategies.risk_preservation | State 2 detected at 2016-02-16 00:00:00 - de-risking 60% of 2 position(s).
2026-08-29 04:54:15,700 | INFO    | quant_system.strategies.risk_preservation | State 2 detected at 2016-02-18 00:00:00 - de-risking 60% of 2 position(s).
2026-08-29 04:54:15,702 | INFO    | quant_system.strategies.risk_preservation | State 2 detected at 2016-02-22 00:00:00 - de-risking 60% of 2 position(s).
2026-08-29 04:54:15,705 | INFO    | quant_system.strategies.risk_preservation | State 2 detected at 2016-02-24 00:00:00 - de-risking 60% of 2 position(s).
2026-08-29 04:54:15,709 | INFO    | quant_system.strategies.risk_preservation | State 2 detected at 2016-02-29 00:00:00 - de-risking 60% of 2 position(s).
2026-08-29 04:54:15,713 | INFO    | quant_system.strategies.risk_preservation | State 2 detected at 2016-03-02 00:00:00 - de-risking 60% of 2 position(s).
2026-08-29 04:54:15,716 | INFO    | quant_system.strategies.risk_preservation | State 2 detected at 2016-03-04 00:00:00 - de-risking 60% of 2 position(s).
2026-08-29 04:54:15,719 | INFO    | quant_system.strategies.risk_preservation | State 2 detected at 2016-03-08 00:00:00 - de-risking 60% of 2 position(s).
2026-08-29 04:54:15,723 | INFO    | quant_system.strategies.risk_preservation | State 2 detected at 2016-03-10 00:00:00 - de-risking 60% of 2 position(s).
2026-08-29 04:54:15,726 | INFO    | quant_system.strategies.risk_preservation | State 2 detected at 2016-03-14 00:00:00 - de-risking 60% of 2 position(s).
2026-08-29 04:54:15,730 | INFO    | quant_system.strategies.risk_preservation | State 2 detected at 2016-03-16 00:00:00 - de-risking 60% of 2 position(s).
2026-08-29 04:54:15,733 | INFO    | quant_system.strategies.risk_preservation | State 2 detected at 2016-03-18 00:00:00 - de-risking 60% of 2 position(s).
2026-08-29 04:54:15,737 | INFO    | quant_system.strategies.risk_preservation | State 2 detected at 2016-03-22 00:00:00 - de-risking 60% of 2 position(s).
2026-08-29 04:54:15,740 | INFO    | quant_system.strategies.risk_preservation | State 2 detected at 2016-03-24 00:00:00 - de-risking 60% of 2 position(s).
2026-08-29 04:54:15,743 | INFO    | quant_system.strategies.risk_preservation | State 2 detected at 2016-03-29 00:00:00 - de-risking 60% of 2 position(s).
2026-08-29 04:54:15,747 | INFO    | quant_system.strategies.risk_preservation | State 2 detected at 2016-03-31 00:00:00 - de-risking 60% of 2 position(s).
2026-08-29 04:54:15,750 | INFO    | quant_system.strategies.risk_preservation | State 2 detected at 2016-04-04 00:00:00 - de-risking 60% of 2 position(s).
2026-08-29 04:54:15,754 | INFO    | quant_system.strategies.risk_preservation | State 2 detected at 2016-04-06 00:00:00 - de-risking 60% of 2 position(s).
2026-08-29 04:54:15,757 | INFO    | quant_system.strategies.risk_preservation | State 2 detected at 2016-04-08 00:00:00 - de-risking 60% of 2 position(s).
2026-08-29 04:54:15,761 | INFO    | quant_system.strategies.risk_preservation | State 2 detected at 2016-04-12 00:00:00 - de-risking 60% of 2 position(s).
2026-08-29 04:54:15,765 | INFO    | quant_system.strategies.risk_preservation | State 2 detected at 2016-04-14 00:00:00 - de-risking 60% of 2 position(s).
2026-08-29 04:54:15,770 | INFO    | quant_system.strategies.risk_preservation | State 2 detected at 2016-04-18 00:00:00 - de-risking 60% of 2 position(s).
2026-08-29 04:54:15,778 | INFO    | quant_system.strategies.risk_preservation | State 2 detected at 2016-04-21 00:00:00 - de-risking 60% of 2 position(s).
2026-08-29 04:54:15,779 | INFO    | quant_system.strategies.risk_preservation | State 2 detected at 2016-04-25 00:00:00 - de-risking 60% of 2 position(s).
2026-08-29 04:54:15,784 | INFO    | quant_system.strategies.risk_preservation | State 2 detected at 2016-04-27 00:00:00 - de-risking 60% of 2 position(s).
2026-08-29 04:54:15,788 | INFO    | quant_system.strategies.risk_preservation | State 2 detected at 2016-04-29 00:00:00 - de-risking 60% of 2 position(s).
2026-08-29 04:54:15,815 | INFO    | quant_system.strategies.risk_preservation | State 2 detected at 2016-06-03 00:00:00 - de-risking 60% of 2 position(s).
2026-08-29 04:54:15,817 | INFO    | quant_system.strategies.risk_preservation | State 2 detected at 2016-06-07 00:00:00 - de-risking 60% of 2 position(s).
2026-08-29 04:54:15,979 | INFO    | quant_system.strategies.risk_preservation | State 2 detected at 2016-02-01 00:00:00 - de-risking 60% of 2 position(s).
2026-08-29 04:54:15,983 | INFO    | quant_system.strategies.risk_preservation | State 2 detected at 2016-02-03 00:00:00 - de-risking 60% of 2 position(s).
2026-08-29 04:54:15,987 | INFO    | quant_system.strategies.risk_preservation | State 2 detected at 2016-02-05 00:00:00 - de-risking 60% of 2 position(s).
2026-08-29 04:54:15,990 | INFO    | quant_system.strategies.risk_preservation | State 2 detected at 2016-02-10 00:00:00 - de-risking 60% of 2 position(s).
2026-08-29 04:54:15,994 | INFO    | quant_system.strategies.risk_preservation | State 2 detected at 2016-02-16 00:00:00 - de-risking 60% of 2 position(s).
2026-08-29 04:54:15,995 | INFO    | quant_system.strategies.risk_preservation | State 2 detected at 2016-02-18 00:00:00 - de-risking 60% of 2 position(s).
2026-08-29 04:54:15,998 | INFO    | quant_system.strategies.risk_preservation | State 2 detected at 2016-02-22 00:00:00 - de-risking 60% of 2 position(s).
2026-08-29 04:54:16,001 | INFO    | quant_system.strategies.risk_preservation | State 2 detected at 2016-02-24 00:00:00 - de-risking 60% of 2 position(s).
2026-08-29 04:54:16,005 | INFO    | quant_system.strategies.risk_preservation | State 2 detected at 2016-02-29 00:00:00 - de-risking 60% of 2 position(s).
2026-08-29 04:54:16,008 | INFO    | quant_system.strategies.risk_preservation | State 2 detected at 2016-03-02 00:00:00 - de-risking 60% of 2 position(s).
2026-08-29 04:54:16,012 | INFO    | quant_system.strategies.risk_preservation | State 2 detected at 2016-03-04 00:00:00 - de-risking 60% of 2 position(s).
2026-08-29 04:54:16,015 | INFO    | quant_system.strategies.risk_preservation | State 2 detected at 2016-03-08 00:00:00 - de-risking 60% of 2 position(s).
2026-08-29 04:54:16,019 | INFO    | quant_system.strategies.risk_preservation | State 2 detected at 2016-03-10 00:00:00 - de-risking 60% of 2 position(s).
2026-08-29 04:54:16,022 | INFO    | quant_system.strategies.risk_preservation | State 2 detected at 2016-03-14 00:00:00 - de-risking 60% of 2 position(s).
2026-08-29 04:54:16,026 | INFO    | quant_system.strategies.risk_preservation | State 2 detected at 2016-03-16 00:00:00 - de-risking 60% of 2 position(s).
2026-08-29 04:54:16,029 | INFO    | quant_system.strategies.risk_preservation | State 2 detected at 2016-03-18 00:00:00 - de-risking 60% of 2 position(s).
2026-08-29 04:54:16,033 | INFO    | quant_system.strategies.risk_preservation | State 2 detected at 2016-03-22 00:00:00 - de-risking 60% of 2 position(s).
2026-08-29 04:54:16,036 | INFO    | quant_system.strategies.risk_preservation | State 2 detected at 2016-03-24 00:00:00 - de-risking 60% of 2 position(s).
2026-08-29 04:54:16,040 | INFO    | quant_system.strategies.risk_preservation | State 2 detected at 2016-03-29 00:00:00 - de-risking 60% of 2 position(s).
2026-08-29 04:54:16,043 | INFO    | quant_system.strategies.risk_preservation | State 2 detected at 2016-03-31 00:00:00 - de-risking 60% of 2 position(s).
2026-08-29 04:54:16,047 | INFO    | quant_system.strategies.risk_preservation | State 2 detected at 2016-04-04 00:00:00 - de-risking 60% of 2 position(s).
2026-08-29 04:54:16,050 | INFO    | quant_system.strategies.risk_preservation | State 2 detected at 2016-04-06 00:00:00 - de-risking 60% of 2 position(s).
2026-08-29 04:54:16,054 | INFO    | quant_system.strategies.risk_preservation | State 2 detected at 2016-04-08 00:00:00 - de-risking 60% of 2 position(s).
2026-08-29 04:54:16,058 | INFO    | quant_system.strategies.risk_preservation | State 2 detected at 2016-04-12 00:00:00 - de-risking 60% of 2 position(s).
2026-08-29 04:54:16,062 | INFO    | quant_system.strategies.risk_preservation | State 2 detected at 2016-04-14 00:00:00 - de-risking 60% of 2 position(s).
2026-08-29 04:54:16,067 | INFO    | quant_system.strategies.risk_preservation | State 2 detected at 2016-04-18 00:00:00 - de-risking 60% of 2 position(s).
2026-08-29 04:54:16,075 | INFO    | quant_system.strategies.risk_preservation | State 2 detected at 2016-04-21 00:00:00 - de-risking 60% of 2 position(s).
2026-08-29 04:54:16,077 | INFO    | quant_system.strategies.risk_preservation | State 2 detected at 2016-04-25 00:00:00 - de-risking 60% of 2 position(s).
2026-08-29 04:54:16,081 | INFO    | quant_system.strategies.risk_preservation | State 2 detected at 2016-04-27 00:00:00 - de-risking 60% of 2 position(s).
2026-08-29 04:54:16,085 | INFO    | quant_system.strategies.risk_preservation | State 2 detected at 2016-04-29 00:00:00 - de-risking 60% of 2 position(s).
2026-08-29 04:54:16,113 | INFO    | quant_system.strategies.risk_preservation | State 2 detected at 2016-06-03 00:00:00 - de-risking 60% of 2 position(s).
2026-08-29 04:54:16,114 | INFO    | quant_system.strategies.risk_preservation | State 2 detected at 2016-06-07 00:00:00 - de-risking 60% of 2 position(s).
2026-08-29 04:54:16,505 | INFO    | quant_system.backtesting.walk_forward |   best={'fast_base': 15, 'slow_base': 40, 'entry_z': 2.4}  IS 0.828 -> OOS 0.000  (degradation 100.0%, REJECTED)
2026-08-29 04:54:16,505 | INFO    | quant_system.backtesting.walk_forward | Segment 4/39  IS 2015-10-02..2016-10-03  OOS 2016-10-03..2017-01-05
2026-08-29 04:54:16,971 | INFO    | quant_system.strategies.risk_preservation | State 2 detected at 2016-02-01 00:00:00 - de-risking 60% of 2 position(s).
2026-08-29 04:54:16,975 | INFO    | quant_system.strategies.risk_preservation | State 2 detected at 2016-02-03 00:00:00 - de-risking 60% of 2 position(s).
2026-08-29 04:54:16,979 | INFO    | quant_system.strategies.risk_preservation | State 2 detected at 2016-02-05 00:00:00 - de-risking 60% of 2 position(s).
2026-08-29 04:54:16,982 | INFO    | quant_system.strategies.risk_preservation | State 2 detected at 2016-02-10 00:00:00 - de-risking 60% of 2 position(s).
2026-08-29 04:54:16,985 | INFO    | quant_system.strategies.risk_preservation | State 2 detected at 2016-02-16 00:00:00 - de-risking 60% of 2 position(s).
2026-08-29 04:54:16,987 | INFO    | quant_system.strategies.risk_preservation | State 2 detected at 2016-02-18 00:00:00 - de-risking 60% of 2 position(s).
2026-08-29 04:54:16,989 | INFO    | quant_system.strategies.risk_preservation | State 2 detected at 2016-02-22 00:00:00 - de-risking 60% of 2 position(s).
2026-08-29 04:54:16,992 | INFO    | quant_system.strategies.risk_preservation | State 2 detected at 2016-02-24 00:00:00 - de-risking 60% of 2 position(s).
2026-08-29 04:54:16,996 | INFO    | quant_system.strategies.risk_preservation | State 2 detected at 2016-02-29 00:00:00 - de-risking 60% of 2 position(s).
2026-08-29 04:54:17,000 | INFO    | quant_system.strategies.risk_preservation | State 2 detected at 2016-03-02 00:00:00 - de-risking 60% of 2 position(s).
2026-08-29 04:54:17,003 | INFO    | quant_system.strategies.risk_preservation | State 2 detected at 2016-03-04 00:00:00 - de-risking 60% of 2 position(s).
2026-08-29 04:54:17,006 | INFO    | quant_system.strategies.risk_preservation | State 2 detected at 2016-03-08 00:00:00 - de-risking 60% of 2 position(s).
2026-08-29 04:54:17,010 | INFO    | quant_system.strategies.risk_preservation | State 2 detected at 2016-03-10 00:00:00 - de-risking 60% of 2 position(s).
2026-08-29 04:54:17,013 | INFO    | quant_system.strategies.risk_preservation | State 2 detected at 2016-03-14 00:00:00 - de-risking 60% of 2 position(s).
2026-08-29 04:54:17,017 | INFO    | quant_system.strategies.risk_preservation | State 2 detected at 2016-03-16 00:00:00 - de-risking 60% of 2 position(s).
2026-08-29 04:54:17,020 | INFO    | quant_system.strategies.risk_preservation | State 2 detected at 2016-03-18 00:00:00 - de-risking 60% of 2 position(s).
2026-08-29 04:54:17,023 | INFO    | quant_system.strategies.risk_preservation | State 2 detected at 2016-03-22 00:00:00 - de-risking 60% of 2 position(s).
2026-08-29 04:54:17,027 | INFO    | quant_system.strategies.risk_preservation | State 2 detected at 2016-03-24 00:00:00 - de-risking 60% of 2 position(s).
2026-08-29 04:54:17,034 | INFO    | quant_system.strategies.risk_preservation | State 2 detected at 2016-03-29 00:00:00 - de-risking 60% of 2 position(s).
2026-08-29 04:54:17,037 | INFO    | quant_system.strategies.risk_preservation | State 2 detected at 2016-03-31 00:00:00 - de-risking 60% of 2 position(s).
2026-08-29 04:54:17,041 | INFO    | quant_system.strategies.risk_preservation | State 2 detected at 2016-04-04 00:00:00 - de-risking 60% of 2 position(s).
2026-08-29 04:54:17,046 | INFO    | quant_system.strategies.risk_preservation | State 2 detected at 2016-04-06 00:00:00 - de-risking 60% of 2 position(s).
2026-08-29 04:54:17,050 | INFO    | quant_system.strategies.risk_preservation | State 2 detected at 2016-04-08 00:00:00 - de-risking 60% of 2 position(s).
2026-08-29 04:54:17,055 | INFO    | quant_system.strategies.risk_preservation | State 2 detected at 2016-04-12 00:00:00 - de-risking 60% of 2 position(s).
2026-08-29 04:54:17,060 | INFO    | quant_system.strategies.risk_preservation | State 2 detected at 2016-04-14 00:00:00 - de-risking 60% of 2 position(s).
2026-08-29 04:54:17,066 | INFO    | quant_system.strategies.risk_preservation | State 2 detected at 2016-04-18 00:00:00 - de-risking 60% of 2 position(s).
2026-08-29 04:54:17,076 | INFO    | quant_system.strategies.risk_preservation | State 2 detected at 2016-04-21 00:00:00 - de-risking 60% of 2 position(s).
2026-08-29 04:54:17,079 | INFO    | quant_system.strategies.risk_preservation | State 2 detected at 2016-04-25 00:00:00 - de-risking 60% of 2 position(s).
2026-08-29 04:54:17,088 | INFO    | quant_system.strategies.risk_preservation | State 2 detected at 2016-04-27 00:00:00 - de-risking 60% of 2 position(s).
2026-08-29 04:54:17,089 | INFO    | quant_system.strategies.risk_preservation | State 2 detected at 2016-04-29 00:00:00 - de-risking 60% of 2 position(s).
2026-08-29 04:54:17,117 | INFO    | quant_system.strategies.risk_preservation | State 2 detected at 2016-06-03 00:00:00 - de-risking 60% of 2 position(s).
2026-08-29 04:54:17,123 | INFO    | quant_system.strategies.risk_preservation | State 2 detected at 2016-06-07 00:00:00 - de-risking 60% of 2 position(s).
2026-08-29 04:54:17,316 | INFO    | quant_system.strategies.risk_preservation | State 2 detected at 2016-02-01 00:00:00 - de-risking 60% of 2 position(s).
2026-08-29 04:54:17,320 | INFO    | quant_system.strategies.risk_preservation | State 2 detected at 2016-02-03 00:00:00 - de-risking 60% of 2 position(s).
2026-08-29 04:54:17,324 | INFO    | quant_system.strategies.risk_preservation | State 2 detected at 2016-02-05 00:00:00 - de-risking 60% of 2 position(s).
2026-08-29 04:54:17,327 | INFO    | quant_system.strategies.risk_preservation | State 2 detected at 2016-02-10 00:00:00 - de-risking 60% of 2 position(s).
2026-08-29 04:54:17,330 | INFO    | quant_system.strategies.risk_preservation | State 2 detected at 2016-02-16 00:00:00 - de-risking 60% of 2 position(s).
2026-08-29 04:54:17,332 | INFO    | quant_system.strategies.risk_preservation | State 2 detected at 2016-02-18 00:00:00 - de-risking 60% of 2 position(s).
2026-08-29 04:54:17,334 | INFO    | quant_system.strategies.risk_preservation | State 2 detected at 2016-02-22 00:00:00 - de-risking 60% of 2 position(s).
2026-08-29 04:54:17,337 | INFO    | quant_system.strategies.risk_preservation | State 2 detected at 2016-02-24 00:00:00 - de-risking 60% of 2 position(s).
2026-08-29 04:54:17,341 | INFO    | quant_system.strategies.risk_preservation | State 2 detected at 2016-02-29 00:00:00 - de-risking 60% of 2 position(s).
2026-08-29 04:54:17,344 | INFO    | quant_system.strategies.risk_preservation | State 2 detected at 2016-03-02 00:00:00 - de-risking 60% of 2 position(s).
2026-08-29 04:54:17,348 | INFO    | quant_system.strategies.risk_preservation | State 2 detected at 2016-03-04 00:00:00 - de-risking 60% of 2 position(s).
2026-08-29 04:54:17,351 | INFO    | quant_system.strategies.risk_preservation | State 2 detected at 2016-03-08 00:00:00 - de-risking 60% of 2 position(s).
2026-08-29 04:54:17,355 | INFO    | quant_system.strategies.risk_preservation | State 2 detected at 2016-03-10 00:00:00 - de-risking 60% of 2 position(s).
2026-08-29 04:54:17,358 | INFO    | quant_system.strategies.risk_preservation | State 2 detected at 2016-03-14 00:00:00 - de-risking 60% of 2 position(s).
2026-08-29 04:54:17,362 | INFO    | quant_system.strategies.risk_preservation | State 2 detected at 2016-03-16 00:00:00 - de-risking 60% of 2 position(s).
2026-08-29 04:54:17,365 | INFO    | quant_system.strategies.risk_preservation | State 2 detected at 2016-03-18 00:00:00 - de-risking 60% of 2 position(s).
2026-08-29 04:54:17,369 | INFO    | quant_system.strategies.risk_preservation | State 2 detected at 2016-03-22 00:00:00 - de-risking 60% of 2 position(s).
2026-08-29 04:54:17,372 | INFO    | quant_system.strategies.risk_preservation | State 2 detected at 2016-03-24 00:00:00 - de-risking 60% of 2 position(s).
2026-08-29 04:54:17,376 | INFO    | quant_system.strategies.risk_preservation | State 2 detected at 2016-03-29 00:00:00 - de-risking 60% of 2 position(s).
2026-08-29 04:54:17,380 | INFO    | quant_system.strategies.risk_preservation | State 2 detected at 2016-03-31 00:00:00 - de-risking 60% of 2 position(s).
2026-08-29 04:54:17,383 | INFO    | quant_system.strategies.risk_preservation | State 2 detected at 2016-04-04 00:00:00 - de-risking 60% of 2 position(s).
2026-08-29 04:54:17,387 | INFO    | quant_system.strategies.risk_preservation | State 2 detected at 2016-04-06 00:00:00 - de-risking 60% of 2 position(s).
2026-08-29 04:54:17,390 | INFO    | quant_system.strategies.risk_preservation | State 2 detected at 2016-04-08 00:00:00 - de-risking 60% of 2 position(s).
2026-08-29 04:54:17,394 | INFO    | quant_system.strategies.risk_preservation | State 2 detected at 2016-04-12 00:00:00 - de-risking 60% of 2 position(s).
2026-08-29 04:54:17,398 | INFO    | quant_system.strategies.risk_preservation | State 2 detected at 2016-04-14 00:00:00 - de-risking 60% of 2 position(s).
2026-08-29 04:54:17,402 | INFO    | quant_system.strategies.risk_preservation | State 2 detected at 2016-04-18 00:00:00 - de-risking 60% of 2 position(s).
2026-08-29 04:54:17,410 | INFO    | quant_system.strategies.risk_preservation | State 2 detected at 2016-04-21 00:00:00 - de-risking 60% of 2 position(s).
2026-08-29 04:54:17,412 | INFO    | quant_system.strategies.risk_preservation | State 2 detected at 2016-04-25 00:00:00 - de-risking 60% of 2 position(s).
2026-08-29 04:54:17,417 | INFO    | quant_system.strategies.risk_preservation | State 2 detected at 2016-04-27 00:00:00 - de-risking 60% of 2 position(s).
2026-08-29 04:54:17,421 | INFO    | quant_system.strategies.risk_preservation | State 2 detected at 2016-04-29 00:00:00 - de-risking 60% of 2 position(s).
2026-08-29 04:54:17,448 | INFO    | quant_system.strategies.risk_preservation | State 2 detected at 2016-06-03 00:00:00 - de-risking 60% of 2 position(s).
2026-08-29 04:54:17,450 | INFO    | quant_system.strategies.risk_preservation | State 2 detected at 2016-06-07 00:00:00 - de-risking 60% of 2 position(s).
2026-08-29 04:54:17,645 | INFO    | quant_system.strategies.risk_preservation | State 2 detected at 2016-02-01 00:00:00 - de-risking 60% of 2 position(s).
2026-08-29 04:54:17,650 | INFO    | quant_system.strategies.risk_preservation | State 2 detected at 2016-02-03 00:00:00 - de-risking 60% of 2 position(s).
2026-08-29 04:54:17,654 | INFO    | quant_system.strategies.risk_preservation | State 2 detected at 2016-02-05 00:00:00 - de-risking 60% of 2 position(s).
2026-08-29 04:54:17,657 | INFO    | quant_system.strategies.risk_preservation | State 2 detected at 2016-02-10 00:00:00 - de-risking 60% of 2 position(s).
2026-08-29 04:54:17,660 | INFO    | quant_system.strategies.risk_preservation | State 2 detected at 2016-02-16 00:00:00 - de-risking 60% of 2 position(s).
2026-08-29 04:54:17,661 | INFO    | quant_system.strategies.risk_preservation | State 2 detected at 2016-02-18 00:00:00 - de-risking 60% of 2 position(s).
2026-08-29 04:54:17,664 | INFO    | quant_system.strategies.risk_preservation | State 2 detected at 2016-02-22 00:00:00 - de-risking 60% of 2 position(s).
2026-08-29 04:54:17,667 | INFO    | quant_system.strategies.risk_preservation | State 2 detected at 2016-02-24 00:00:00 - de-risking 60% of 2 position(s).
2026-08-29 04:54:17,671 | INFO    | quant_system.strategies.risk_preservation | State 2 detected at 2016-02-29 00:00:00 - de-risking 60% of 2 position(s).
2026-08-29 04:54:17,674 | INFO    | quant_system.strategies.risk_preservation | State 2 detected at 2016-03-02 00:00:00 - de-risking 60% of 2 position(s).
2026-08-29 04:54:17,677 | INFO    | quant_system.strategies.risk_preservation | State 2 detected at 2016-03-04 00:00:00 - de-risking 60% of 2 position(s).
2026-08-29 04:54:17,681 | INFO    | quant_system.strategies.risk_preservation | State 2 detected at 2016-03-08 00:00:00 - de-risking 60% of 2 position(s).
2026-08-29 04:54:17,684 | INFO    | quant_system.strategies.risk_preservation | State 2 detected at 2016-03-10 00:00:00 - de-risking 60% of 2 position(s).
2026-08-29 04:54:17,687 | INFO    | quant_system.strategies.risk_preservation | State 2 detected at 2016-03-14 00:00:00 - de-risking 60% of 2 position(s).
2026-08-29 04:54:17,691 | INFO    | quant_system.strategies.risk_preservation | State 2 detected at 2016-03-16 00:00:00 - de-risking 60% of 2 position(s).
2026-08-29 04:54:17,694 | INFO    | quant_system.strategies.risk_preservation | State 2 detected at 2016-03-18 00:00:00 - de-risking 60% of 2 position(s).
2026-08-29 04:54:17,698 | INFO    | quant_system.strategies.risk_preservation | State 2 detected at 2016-03-22 00:00:00 - de-risking 60% of 2 position(s).
2026-08-29 04:54:17,701 | INFO    | quant_system.strategies.risk_preservation | State 2 detected at 2016-03-24 00:00:00 - de-risking 60% of 2 position(s).
2026-08-29 04:54:17,705 | INFO    | quant_system.strategies.risk_preservation | State 2 detected at 2016-03-29 00:00:00 - de-risking 60% of 2 position(s).
2026-08-29 04:54:17,708 | INFO    | quant_system.strategies.risk_preservation | State 2 detected at 2016-03-31 00:00:00 - de-risking 60% of 2 position(s).
2026-08-29 04:54:17,712 | INFO    | quant_system.strategies.risk_preservation | State 2 detected at 2016-04-04 00:00:00 - de-risking 60% of 2 position(s).
2026-08-29 04:54:17,715 | INFO    | quant_system.strategies.risk_preservation | State 2 detected at 2016-04-06 00:00:00 - de-risking 60% of 2 position(s).
2026-08-29 04:54:17,718 | INFO    | quant_system.strategies.risk_preservation | State 2 detected at 2016-04-08 00:00:00 - de-risking 60% of 2 position(s).
2026-08-29 04:54:17,722 | INFO    | quant_system.strategies.risk_preservation | State 2 detected at 2016-04-12 00:00:00 - de-risking 60% of 2 position(s).
2026-08-29 04:54:17,726 | INFO    | quant_system.strategies.risk_preservation | State 2 detected at 2016-04-14 00:00:00 - de-risking 60% of 2 position(s).
2026-08-29 04:54:17,731 | INFO    | quant_system.strategies.risk_preservation | State 2 detected at 2016-04-18 00:00:00 - de-risking 60% of 2 position(s).
2026-08-29 04:54:17,739 | INFO    | quant_system.strategies.risk_preservation | State 2 detected at 2016-04-21 00:00:00 - de-risking 60% of 2 position(s).
2026-08-29 04:54:17,740 | INFO    | quant_system.strategies.risk_preservation | State 2 detected at 2016-04-25 00:00:00 - de-risking 60% of 2 position(s).
2026-08-29 04:54:17,745 | INFO    | quant_system.strategies.risk_preservation | State 2 detected at 2016-04-27 00:00:00 - de-risking 60% of 2 position(s).
2026-08-29 04:54:17,749 | INFO    | quant_system.strategies.risk_preservation | State 2 detected at 2016-04-29 00:00:00 - de-risking 60% of 2 position(s).
2026-08-29 04:54:17,777 | INFO    | quant_system.strategies.risk_preservation | State 2 detected at 2016-06-03 00:00:00 - de-risking 60% of 2 position(s).
2026-08-29 04:54:17,779 | INFO    | quant_system.strategies.risk_preservation | State 2 detected at 2016-06-07 00:00:00 - de-risking 60% of 2 position(s).
2026-08-29 04:54:17,975 | INFO    | quant_system.strategies.risk_preservation | State 2 detected at 2016-02-01 00:00:00 - de-risking 60% of 2 position(s).
2026-08-29 04:54:17,979 | INFO    | quant_system.strategies.risk_preservation | State 2 detected at 2016-02-03 00:00:00 - de-risking 60% of 2 position(s).
2026-08-29 04:54:17,983 | INFO    | quant_system.strategies.risk_preservation | State 2 detected at 2016-02-05 00:00:00 - de-risking 60% of 2 position(s).
2026-08-29 04:54:17,986 | INFO    | quant_system.strategies.risk_preservation | State 2 detected at 2016-02-10 00:00:00 - de-risking 60% of 2 position(s).
2026-08-29 04:54:17,989 | INFO    | quant_system.strategies.risk_preservation | State 2 detected at 2016-02-16 00:00:00 - de-risking 60% of 2 position(s).
2026-08-29 04:54:17,990 | INFO    | quant_system.strategies.risk_preservation | State 2 detected at 2016-02-18 00:00:00 - de-risking 60% of 2 position(s).
2026-08-29 04:54:17,993 | INFO    | quant_system.strategies.risk_preservation | State 2 detected at 2016-02-22 00:00:00 - de-risking 60% of 2 position(s).
2026-08-29 04:54:17,996 | INFO    | quant_system.strategies.risk_preservation | State 2 detected at 2016-02-24 00:00:00 - de-risking 60% of 2 position(s).
2026-08-29 04:54:18,000 | INFO    | quant_system.strategies.risk_preservation | State 2 detected at 2016-02-29 00:00:00 - de-risking 60% of 2 position(s).
2026-08-29 04:54:18,003 | INFO    | quant_system.strategies.risk_preservation | State 2 detected at 2016-03-02 00:00:00 - de-risking 60% of 2 position(s).
2026-08-29 04:54:18,007 | INFO    | quant_system.strategies.risk_preservation | State 2 detected at 2016-03-04 00:00:00 - de-risking 60% of 2 position(s).
2026-08-29 04:54:18,010 | INFO    | quant_system.strategies.risk_preservation | State 2 detected at 2016-03-08 00:00:00 - de-risking 60% of 2 position(s).
2026-08-29 04:54:18,014 | INFO    | quant_system.strategies.risk_preservation | State 2 detected at 2016-03-10 00:00:00 - de-risking 60% of 2 position(s).
2026-08-29 04:54:18,017 | INFO    | quant_system.strategies.risk_preservation | State 2 detected at 2016-03-14 00:00:00 - de-risking 60% of 2 position(s).
2026-08-29 04:54:18,021 | INFO    | quant_system.strategies.risk_preservation | State 2 detected at 2016-03-16 00:00:00 - de-risking 60% of 2 position(s).
2026-08-29 04:54:18,024 | INFO    | quant_system.strategies.risk_preservation | State 2 detected at 2016-03-18 00:00:00 - de-risking 60% of 2 position(s).
2026-08-29 04:54:18,027 | INFO    | quant_system.strategies.risk_preservation | State 2 detected at 2016-03-22 00:00:00 - de-risking 60% of 2 position(s).
2026-08-29 04:54:18,031 | INFO    | quant_system.strategies.risk_preservation | State 2 detected at 2016-03-24 00:00:00 - de-risking 60% of 2 position(s).
2026-08-29 04:54:18,034 | INFO    | quant_system.strategies.risk_preservation | State 2 detected at 2016-03-29 00:00:00 - de-risking 60% of 2 position(s).
2026-08-29 04:54:18,038 | INFO    | quant_system.strategies.risk_preservation | State 2 detected at 2016-03-31 00:00:00 - de-risking 60% of 2 position(s).
2026-08-29 04:54:18,041 | INFO    | quant_system.strategies.risk_preservation | State 2 detected at 2016-04-04 00:00:00 - de-risking 60% of 2 position(s).
2026-08-29 04:54:18,045 | INFO    | quant_system.strategies.risk_preservation | State 2 detected at 2016-04-06 00:00:00 - de-risking 60% of 2 position(s).
2026-08-29 04:54:18,048 | INFO    | quant_system.strategies.risk_preservation | State 2 detected at 2016-04-08 00:00:00 - de-risking 60% of 2 position(s).
2026-08-29 04:54:18,053 | INFO    | quant_system.strategies.risk_preservation | State 2 detected at 2016-04-12 00:00:00 - de-risking 60% of 2 position(s).
2026-08-29 04:54:18,057 | INFO    | quant_system.strategies.risk_preservation | State 2 detected at 2016-04-14 00:00:00 - de-risking 60% of 2 position(s).
2026-08-29 04:54:18,062 | INFO    | quant_system.strategies.risk_preservation | State 2 detected at 2016-04-18 00:00:00 - de-risking 60% of 2 position(s).
2026-08-29 04:54:18,070 | INFO    | quant_system.strategies.risk_preservation | State 2 detected at 2016-04-21 00:00:00 - de-risking 60% of 2 position(s).
2026-08-29 04:54:18,071 | INFO    | quant_system.strategies.risk_preservation | State 2 detected at 2016-04-25 00:00:00 - de-risking 60% of 2 position(s).
2026-08-29 04:54:18,076 | INFO    | quant_system.strategies.risk_preservation | State 2 detected at 2016-04-27 00:00:00 - de-risking 60% of 2 position(s).
2026-08-29 04:54:18,081 | INFO    | quant_system.strategies.risk_preservation | State 2 detected at 2016-04-29 00:00:00 - de-risking 60% of 2 position(s).
2026-08-29 04:54:18,108 | INFO    | quant_system.strategies.risk_preservation | State 2 detected at 2016-06-03 00:00:00 - de-risking 60% of 2 position(s).
2026-08-29 04:54:18,109 | INFO    | quant_system.strategies.risk_preservation | State 2 detected at 2016-06-07 00:00:00 - de-risking 60% of 2 position(s).
2026-08-29 04:54:18,302 | INFO    | quant_system.strategies.risk_preservation | State 2 detected at 2016-02-01 00:00:00 - de-risking 60% of 2 position(s).
2026-08-29 04:54:18,307 | INFO    | quant_system.strategies.risk_preservation | State 2 detected at 2016-02-03 00:00:00 - de-risking 60% of 2 position(s).
2026-08-29 04:54:18,311 | INFO    | quant_system.strategies.risk_preservation | State 2 detected at 2016-02-05 00:00:00 - de-risking 60% of 2 position(s).
2026-08-29 04:54:18,314 | INFO    | quant_system.strategies.risk_preservation | State 2 detected at 2016-02-10 00:00:00 - de-risking 60% of 2 position(s).
2026-08-29 04:54:18,317 | INFO    | quant_system.strategies.risk_preservation | State 2 detected at 2016-02-16 00:00:00 - de-risking 60% of 2 position(s).
2026-08-29 04:54:18,318 | INFO    | quant_system.strategies.risk_preservation | State 2 detected at 2016-02-18 00:00:00 - de-risking 60% of 2 position(s).
2026-08-29 04:54:18,321 | INFO    | quant_system.strategies.risk_preservation | State 2 detected at 2016-02-22 00:00:00 - de-risking 60% of 2 position(s).
2026-08-29 04:54:18,324 | INFO    | quant_system.strategies.risk_preservation | State 2 detected at 2016-02-24 00:00:00 - de-risking 60% of 2 position(s).
2026-08-29 04:54:18,328 | INFO    | quant_system.strategies.risk_preservation | State 2 detected at 2016-02-29 00:00:00 - de-risking 60% of 2 position(s).
2026-08-29 04:54:18,331 | INFO    | quant_system.strategies.risk_preservation | State 2 detected at 2016-03-02 00:00:00 - de-risking 60% of 2 position(s).
2026-08-29 04:54:18,335 | INFO    | quant_system.strategies.risk_preservation | State 2 detected at 2016-03-04 00:00:00 - de-risking 60% of 2 position(s).
2026-08-29 04:54:18,338 | INFO    | quant_system.strategies.risk_preservation | State 2 detected at 2016-03-08 00:00:00 - de-risking 60% of 2 position(s).
2026-08-29 04:54:18,342 | INFO    | quant_system.strategies.risk_preservation | State 2 detected at 2016-03-10 00:00:00 - de-risking 60% of 2 position(s).
2026-08-29 04:54:18,345 | INFO    | quant_system.strategies.risk_preservation | State 2 detected at 2016-03-14 00:00:00 - de-risking 60% of 2 position(s).
2026-08-29 04:54:18,349 | INFO    | quant_system.strategies.risk_preservation | State 2 detected at 2016-03-16 00:00:00 - de-risking 60% of 2 position(s).
2026-08-29 04:54:18,352 | INFO    | quant_system.strategies.risk_preservation | State 2 detected at 2016-03-18 00:00:00 - de-risking 60% of 2 position(s).
2026-08-29 04:54:18,355 | INFO    | quant_system.strategies.risk_preservation | State 2 detected at 2016-03-22 00:00:00 - de-risking 60% of 2 position(s).
2026-08-29 04:54:18,359 | INFO    | quant_system.strategies.risk_preservation | State 2 detected at 2016-03-24 00:00:00 - de-risking 60% of 2 position(s).
2026-08-29 04:54:18,362 | INFO    | quant_system.strategies.risk_preservation | State 2 detected at 2016-03-29 00:00:00 - de-risking 60% of 2 position(s).
2026-08-29 04:54:18,366 | INFO    | quant_system.strategies.risk_preservation | State 2 detected at 2016-03-31 00:00:00 - de-risking 60% of 2 position(s).
2026-08-29 04:54:18,369 | INFO    | quant_system.strategies.risk_preservation | State 2 detected at 2016-04-04 00:00:00 - de-risking 60% of 2 position(s).
2026-08-29 04:54:18,373 | INFO    | quant_system.strategies.risk_preservation | State 2 detected at 2016-04-06 00:00:00 - de-risking 60% of 2 position(s).
2026-08-29 04:54:18,376 | INFO    | quant_system.strategies.risk_preservation | State 2 detected at 2016-04-08 00:00:00 - de-risking 60% of 2 position(s).
2026-08-29 04:54:18,380 | INFO    | quant_system.strategies.risk_preservation | State 2 detected at 2016-04-12 00:00:00 - de-risking 60% of 2 position(s).
2026-08-29 04:54:18,385 | INFO    | quant_system.strategies.risk_preservation | State 2 detected at 2016-04-14 00:00:00 - de-risking 60% of 2 position(s).
2026-08-29 04:54:18,389 | INFO    | quant_system.strategies.risk_preservation | State 2 detected at 2016-04-18 00:00:00 - de-risking 60% of 2 position(s).
2026-08-29 04:54:18,397 | INFO    | quant_system.strategies.risk_preservation | State 2 detected at 2016-04-21 00:00:00 - de-risking 60% of 2 position(s).
2026-08-29 04:54:18,399 | INFO    | quant_system.strategies.risk_preservation | State 2 detected at 2016-04-25 00:00:00 - de-risking 60% of 2 position(s).
2026-08-29 04:54:18,403 | INFO    | quant_system.strategies.risk_preservation | State 2 detected at 2016-04-27 00:00:00 - de-risking 60% of 2 position(s).
2026-08-29 04:54:18,408 | INFO    | quant_system.strategies.risk_preservation | State 2 detected at 2016-04-29 00:00:00 - de-risking 60% of 2 position(s).
2026-08-29 04:54:18,435 | INFO    | quant_system.strategies.risk_preservation | State 2 detected at 2016-06-03 00:00:00 - de-risking 60% of 2 position(s).
2026-08-29 04:54:18,436 | INFO    | quant_system.strategies.risk_preservation | State 2 detected at 2016-06-07 00:00:00 - de-risking 60% of 2 position(s).
2026-08-29 04:54:18,969 | INFO    | quant_system.strategies.risk_preservation | State 2 detected at 2016-02-01 00:00:00 - de-risking 60% of 2 position(s).
2026-08-29 04:54:18,973 | INFO    | quant_system.strategies.risk_preservation | State 2 detected at 2016-02-03 00:00:00 - de-risking 60% of 2 position(s).
2026-08-29 04:54:18,977 | INFO    | quant_system.strategies.risk_preservation | State 2 detected at 2016-02-05 00:00:00 - de-risking 60% of 2 position(s).
2026-08-29 04:54:18,980 | INFO    | quant_system.strategies.risk_preservation | State 2 detected at 2016-02-10 00:00:00 - de-risking 60% of 2 position(s).
2026-08-29 04:54:18,983 | INFO    | quant_system.strategies.risk_preservation | State 2 detected at 2016-02-16 00:00:00 - de-risking 60% of 2 position(s).
2026-08-29 04:54:18,985 | INFO    | quant_system.strategies.risk_preservation | State 2 detected at 2016-02-18 00:00:00 - de-risking 60% of 2 position(s).
2026-08-29 04:54:18,987 | INFO    | quant_system.strategies.risk_preservation | State 2 detected at 2016-02-22 00:00:00 - de-risking 60% of 2 position(s).
2026-08-29 04:54:18,990 | INFO    | quant_system.strategies.risk_preservation | State 2 detected at 2016-02-24 00:00:00 - de-risking 60% of 2 position(s).
2026-08-29 04:54:18,994 | INFO    | quant_system.strategies.risk_preservation | State 2 detected at 2016-02-29 00:00:00 - de-risking 60% of 2 position(s).
2026-08-29 04:54:18,997 | INFO    | quant_system.strategies.risk_preservation | State 2 detected at 2016-03-02 00:00:00 - de-risking 60% of 2 position(s).
2026-08-29 04:54:19,001 | INFO    | quant_system.strategies.risk_preservation | State 2 detected at 2016-03-04 00:00:00 - de-risking 60% of 2 position(s).
2026-08-29 04:54:19,004 | INFO    | quant_system.strategies.risk_preservation | State 2 detected at 2016-03-08 00:00:00 - de-risking 60% of 2 position(s).
2026-08-29 04:54:19,007 | INFO    | quant_system.strategies.risk_preservation | State 2 detected at 2016-03-10 00:00:00 - de-risking 60% of 2 position(s).
2026-08-29 04:54:19,011 | INFO    | quant_system.strategies.risk_preservation | State 2 detected at 2016-03-14 00:00:00 - de-risking 60% of 2 position(s).
2026-08-29 04:54:19,014 | INFO    | quant_system.strategies.risk_preservation | State 2 detected at 2016-03-16 00:00:00 - de-risking 60% of 2 position(s).
2026-08-29 04:54:19,018 | INFO    | quant_system.strategies.risk_preservation | State 2 detected at 2016-03-18 00:00:00 - de-risking 60% of 2 position(s).
2026-08-29 04:54:19,021 | INFO    | quant_system.strategies.risk_preservation | State 2 detected at 2016-03-22 00:00:00 - de-risking 60% of 2 position(s).
2026-08-29 04:54:19,024 | INFO    | quant_system.strategies.risk_preservation | State 2 detected at 2016-03-24 00:00:00 - de-risking 60% of 2 position(s).
2026-08-29 04:54:19,031 | INFO    | quant_system.strategies.risk_preservation | State 2 detected at 2016-03-29 00:00:00 - de-risking 60% of 2 position(s).
2026-08-29 04:54:19,034 | INFO    | quant_system.strategies.risk_preservation | State 2 detected at 2016-03-31 00:00:00 - de-risking 60% of 2 position(s).
2026-08-29 04:54:19,039 | INFO    | quant_system.strategies.risk_preservation | State 2 detected at 2016-04-04 00:00:00 - de-risking 60% of 2 position(s).
2026-08-29 04:54:19,044 | INFO    | quant_system.strategies.risk_preservation | State 2 detected at 2016-04-06 00:00:00 - de-risking 60% of 2 position(s).
2026-08-29 04:54:19,048 | INFO    | quant_system.strategies.risk_preservation | State 2 detected at 2016-04-08 00:00:00 - de-risking 60% of 2 position(s).
2026-08-29 04:54:19,053 | INFO    | quant_system.strategies.risk_preservation | State 2 detected at 2016-04-12 00:00:00 - de-risking 60% of 2 position(s).
2026-08-29 04:54:19,059 | INFO    | quant_system.strategies.risk_preservation | State 2 detected at 2016-04-14 00:00:00 - de-risking 60% of 2 position(s).
2026-08-29 04:54:19,064 | INFO    | quant_system.strategies.risk_preservation | State 2 detected at 2016-04-18 00:00:00 - de-risking 60% of 2 position(s).
2026-08-29 04:54:19,075 | INFO    | quant_system.strategies.risk_preservation | State 2 detected at 2016-04-21 00:00:00 - de-risking 60% of 2 position(s).
2026-08-29 04:54:19,078 | INFO    | quant_system.strategies.risk_preservation | State 2 detected at 2016-04-25 00:00:00 - de-risking 60% of 2 position(s).
2026-08-29 04:54:19,087 | INFO    | quant_system.strategies.risk_preservation | State 2 detected at 2016-04-27 00:00:00 - de-risking 60% of 2 position(s).
2026-08-29 04:54:19,089 | INFO    | quant_system.strategies.risk_preservation | State 2 detected at 2016-04-29 00:00:00 - de-risking 60% of 2 position(s).
2026-08-29 04:54:19,116 | INFO    | quant_system.strategies.risk_preservation | State 2 detected at 2016-06-03 00:00:00 - de-risking 60% of 2 position(s).
2026-08-29 04:54:19,123 | INFO    | quant_system.strategies.risk_preservation | State 2 detected at 2016-06-07 00:00:00 - de-risking 60% of 2 position(s).
2026-08-29 04:54:19,316 | INFO    | quant_system.strategies.risk_preservation | State 2 detected at 2016-02-01 00:00:00 - de-risking 60% of 2 position(s).
2026-08-29 04:54:19,320 | INFO    | quant_system.strategies.risk_preservation | State 2 detected at 2016-02-03 00:00:00 - de-risking 60% of 2 position(s).
2026-08-29 04:54:19,324 | INFO    | quant_system.strategies.risk_preservation | State 2 detected at 2016-02-05 00:00:00 - de-risking 60% of 2 position(s).
2026-08-29 04:54:19,327 | INFO    | quant_system.strategies.risk_preservation | State 2 detected at 2016-02-10 00:00:00 - de-risking 60% of 2 position(s).
2026-08-29 04:54:19,330 | INFO    | quant_system.strategies.risk_preservation | State 2 detected at 2016-02-16 00:00:00 - de-risking 60% of 2 position(s).
2026-08-29 04:54:19,331 | INFO    | quant_system.strategies.risk_preservation | State 2 detected at 2016-02-18 00:00:00 - de-risking 60% of 2 position(s).
2026-08-29 04:54:19,334 | INFO    | quant_system.strategies.risk_preservation | State 2 detected at 2016-02-22 00:00:00 - de-risking 60% of 2 position(s).
2026-08-29 04:54:19,337 | INFO    | quant_system.strategies.risk_preservation | State 2 detected at 2016-02-24 00:00:00 - de-risking 60% of 2 position(s).
2026-08-29 04:54:19,341 | INFO    | quant_system.strategies.risk_preservation | State 2 detected at 2016-02-29 00:00:00 - de-risking 60% of 2 position(s).
2026-08-29 04:54:19,344 | INFO    | quant_system.strategies.risk_preservation | State 2 detected at 2016-03-02 00:00:00 - de-risking 60% of 2 position(s).
2026-08-29 04:54:19,347 | INFO    | quant_system.strategies.risk_preservation | State 2 detected at 2016-03-04 00:00:00 - de-risking 60% of 2 position(s).
2026-08-29 04:54:19,351 | INFO    | quant_system.strategies.risk_preservation | State 2 detected at 2016-03-08 00:00:00 - de-risking 60% of 2 position(s).
2026-08-29 04:54:19,354 | INFO    | quant_system.strategies.risk_preservation | State 2 detected at 2016-03-10 00:00:00 - de-risking 60% of 2 position(s).
2026-08-29 04:54:19,358 | INFO    | quant_system.strategies.risk_preservation | State 2 detected at 2016-03-14 00:00:00 - de-risking 60% of 2 position(s).
2026-08-29 04:54:19,361 | INFO    | quant_system.strategies.risk_preservation | State 2 detected at 2016-03-16 00:00:00 - de-risking 60% of 2 position(s).
2026-08-29 04:54:19,364 | INFO    | quant_system.strategies.risk_preservation | State 2 detected at 2016-03-18 00:00:00 - de-risking 60% of 2 position(s).
2026-08-29 04:54:19,368 | INFO    | quant_system.strategies.risk_preservation | State 2 detected at 2016-03-22 00:00:00 - de-risking 60% of 2 position(s).
2026-08-29 04:54:19,371 | INFO    | quant_system.strategies.risk_preservation | State 2 detected at 2016-03-24 00:00:00 - de-risking 60% of 2 position(s).
2026-08-29 04:54:19,375 | INFO    | quant_system.strategies.risk_preservation | State 2 detected at 2016-03-29 00:00:00 - de-risking 60% of 2 position(s).
2026-08-29 04:54:19,378 | INFO    | quant_system.strategies.risk_preservation | State 2 detected at 2016-03-31 00:00:00 - de-risking 60% of 2 position(s).
2026-08-29 04:54:19,381 | INFO    | quant_system.strategies.risk_preservation | State 2 detected at 2016-04-04 00:00:00 - de-risking 60% of 2 position(s).
2026-08-29 04:54:19,385 | INFO    | quant_system.strategies.risk_preservation | State 2 detected at 2016-04-06 00:00:00 - de-risking 60% of 2 position(s).
2026-08-29 04:54:19,388 | INFO    | quant_system.strategies.risk_preservation | State 2 detected at 2016-04-08 00:00:00 - de-risking 60% of 2 position(s).
2026-08-29 04:54:19,392 | INFO    | quant_system.strategies.risk_preservation | State 2 detected at 2016-04-12 00:00:00 - de-risking 60% of 2 position(s).
2026-08-29 04:54:19,396 | INFO    | quant_system.strategies.risk_preservation | State 2 detected at 2016-04-14 00:00:00 - de-risking 60% of 2 position(s).
2026-08-29 04:54:19,400 | INFO    | quant_system.strategies.risk_preservation | State 2 detected at 2016-04-18 00:00:00 - de-risking 60% of 2 position(s).
2026-08-29 04:54:19,408 | INFO    | quant_system.strategies.risk_preservation | State 2 detected at 2016-04-21 00:00:00 - de-risking 60% of 2 position(s).
2026-08-29 04:54:19,410 | INFO    | quant_system.strategies.risk_preservation | State 2 detected at 2016-04-25 00:00:00 - de-risking 60% of 2 position(s).
2026-08-29 04:54:19,414 | INFO    | quant_system.strategies.risk_preservation | State 2 detected at 2016-04-27 00:00:00 - de-risking 60% of 2 position(s).
2026-08-29 04:54:19,419 | INFO    | quant_system.strategies.risk_preservation | State 2 detected at 2016-04-29 00:00:00 - de-risking 60% of 2 position(s).
2026-08-29 04:54:19,445 | INFO    | quant_system.strategies.risk_preservation | State 2 detected at 2016-06-03 00:00:00 - de-risking 60% of 2 position(s).
2026-08-29 04:54:19,447 | INFO    | quant_system.strategies.risk_preservation | State 2 detected at 2016-06-07 00:00:00 - de-risking 60% of 2 position(s).
2026-08-29 04:54:19,640 | INFO    | quant_system.strategies.risk_preservation | State 2 detected at 2016-02-01 00:00:00 - de-risking 60% of 2 position(s).
2026-08-29 04:54:19,644 | INFO    | quant_system.strategies.risk_preservation | State 2 detected at 2016-02-03 00:00:00 - de-risking 60% of 2 position(s).
2026-08-29 04:54:19,648 | INFO    | quant_system.strategies.risk_preservation | State 2 detected at 2016-02-05 00:00:00 - de-risking 60% of 2 position(s).
2026-08-29 04:54:19,651 | INFO    | quant_system.strategies.risk_preservation | State 2 detected at 2016-02-10 00:00:00 - de-risking 60% of 2 position(s).
2026-08-29 04:54:19,655 | INFO    | quant_system.strategies.risk_preservation | State 2 detected at 2016-02-16 00:00:00 - de-risking 60% of 2 position(s).
2026-08-29 04:54:19,656 | INFO    | quant_system.strategies.risk_preservation | State 2 detected at 2016-02-18 00:00:00 - de-risking 60% of 2 position(s).
2026-08-29 04:54:19,659 | INFO    | quant_system.strategies.risk_preservation | State 2 detected at 2016-02-22 00:00:00 - de-risking 60% of 2 position(s).
2026-08-29 04:54:19,661 | INFO    | quant_system.strategies.risk_preservation | State 2 detected at 2016-02-24 00:00:00 - de-risking 60% of 2 position(s).
2026-08-29 04:54:19,665 | INFO    | quant_system.strategies.risk_preservation | State 2 detected at 2016-02-29 00:00:00 - de-risking 60% of 2 position(s).
2026-08-29 04:54:19,669 | INFO    | quant_system.strategies.risk_preservation | State 2 detected at 2016-03-02 00:00:00 - de-risking 60% of 2 position(s).
2026-08-29 04:54:19,672 | INFO    | quant_system.strategies.risk_preservation | State 2 detected at 2016-03-04 00:00:00 - de-risking 60% of 2 position(s).
2026-08-29 04:54:19,676 | INFO    | quant_system.strategies.risk_preservation | State 2 detected at 2016-03-08 00:00:00 - de-risking 60% of 2 position(s).
2026-08-29 04:54:19,679 | INFO    | quant_system.strategies.risk_preservation | State 2 detected at 2016-03-10 00:00:00 - de-risking 60% of 2 position(s).
2026-08-29 04:54:19,683 | INFO    | quant_system.strategies.risk_preservation | State 2 detected at 2016-03-14 00:00:00 - de-risking 60% of 2 position(s).
2026-08-29 04:54:19,687 | INFO    | quant_system.strategies.risk_preservation | State 2 detected at 2016-03-16 00:00:00 - de-risking 60% of 2 position(s).
2026-08-29 04:54:19,690 | INFO    | quant_system.strategies.risk_preservation | State 2 detected at 2016-03-18 00:00:00 - de-risking 60% of 2 position(s).
2026-08-29 04:54:19,696 | INFO    | quant_system.strategies.risk_preservation | State 2 detected at 2016-03-22 00:00:00 - de-risking 60% of 2 position(s).
2026-08-29 04:54:19,701 | INFO    | quant_system.strategies.risk_preservation | State 2 detected at 2016-03-24 00:00:00 - de-risking 60% of 2 position(s).
2026-08-29 04:54:19,705 | INFO    | quant_system.strategies.risk_preservation | State 2 detected at 2016-03-29 00:00:00 - de-risking 60% of 2 position(s).
2026-08-29 04:54:19,708 | INFO    | quant_system.strategies.risk_preservation | State 2 detected at 2016-03-31 00:00:00 - de-risking 60% of 2 position(s).
2026-08-29 04:54:19,711 | INFO    | quant_system.strategies.risk_preservation | State 2 detected at 2016-04-04 00:00:00 - de-risking 60% of 2 position(s).
2026-08-29 04:54:19,715 | INFO    | quant_system.strategies.risk_preservation | State 2 detected at 2016-04-06 00:00:00 - de-risking 60% of 2 position(s).
2026-08-29 04:54:19,718 | INFO    | quant_system.strategies.risk_preservation | State 2 detected at 2016-04-08 00:00:00 - de-risking 60% of 2 position(s).
2026-08-29 04:54:19,722 | INFO    | quant_system.strategies.risk_preservation | State 2 detected at 2016-04-12 00:00:00 - de-risking 60% of 2 position(s).
2026-08-29 04:54:19,726 | INFO    | quant_system.strategies.risk_preservation | State 2 detected at 2016-04-14 00:00:00 - de-risking 60% of 2 position(s).
2026-08-29 04:54:19,731 | INFO    | quant_system.strategies.risk_preservation | State 2 detected at 2016-04-18 00:00:00 - de-risking 60% of 2 position(s).
2026-08-29 04:54:19,738 | INFO    | quant_system.strategies.risk_preservation | State 2 detected at 2016-04-21 00:00:00 - de-risking 60% of 2 position(s).
2026-08-29 04:54:19,740 | INFO    | quant_system.strategies.risk_preservation | State 2 detected at 2016-04-25 00:00:00 - de-risking 60% of 2 position(s).
2026-08-29 04:54:19,745 | INFO    | quant_system.strategies.risk_preservation | State 2 detected at 2016-04-27 00:00:00 - de-risking 60% of 2 position(s).
2026-08-29 04:54:19,749 | INFO    | quant_system.strategies.risk_preservation | State 2 detected at 2016-04-29 00:00:00 - de-risking 60% of 2 position(s).
2026-08-29 04:54:19,776 | INFO    | quant_system.strategies.risk_preservation | State 2 detected at 2016-06-03 00:00:00 - de-risking 60% of 2 position(s).
2026-08-29 04:54:19,778 | INFO    | quant_system.strategies.risk_preservation | State 2 detected at 2016-06-07 00:00:00 - de-risking 60% of 2 position(s).
2026-08-29 04:54:19,971 | INFO    | quant_system.strategies.risk_preservation | State 2 detected at 2016-02-01 00:00:00 - de-risking 60% of 2 position(s).
2026-08-29 04:54:19,975 | INFO    | quant_system.strategies.risk_preservation | State 2 detected at 2016-02-03 00:00:00 - de-risking 60% of 2 position(s).
2026-08-29 04:54:19,979 | INFO    | quant_system.strategies.risk_preservation | State 2 detected at 2016-02-05 00:00:00 - de-risking 60% of 2 position(s).
2026-08-29 04:54:19,982 | INFO    | quant_system.strategies.risk_preservation | State 2 detected at 2016-02-10 00:00:00 - de-risking 60% of 2 position(s).
2026-08-29 04:54:19,985 | INFO    | quant_system.strategies.risk_preservation | State 2 detected at 2016-02-16 00:00:00 - de-risking 60% of 2 position(s).
2026-08-29 04:54:19,987 | INFO    | quant_system.strategies.risk_preservation | State 2 detected at 2016-02-18 00:00:00 - de-risking 60% of 2 position(s).
2026-08-29 04:54:19,990 | INFO    | quant_system.strategies.risk_preservation | State 2 detected at 2016-02-22 00:00:00 - de-risking 60% of 2 position(s).
2026-08-29 04:54:19,992 | INFO    | quant_system.strategies.risk_preservation | State 2 detected at 2016-02-24 00:00:00 - de-risking 60% of 2 position(s).
2026-08-29 04:54:19,996 | INFO    | quant_system.strategies.risk_preservation | State 2 detected at 2016-02-29 00:00:00 - de-risking 60% of 2 position(s).
2026-08-29 04:54:20,000 | INFO    | quant_system.strategies.risk_preservation | State 2 detected at 2016-03-02 00:00:00 - de-risking 60% of 2 position(s).
2026-08-29 04:54:20,003 | INFO    | quant_system.strategies.risk_preservation | State 2 detected at 2016-03-04 00:00:00 - de-risking 60% of 2 position(s).
2026-08-29 04:54:20,006 | INFO    | quant_system.strategies.risk_preservation | State 2 detected at 2016-03-08 00:00:00 - de-risking 60% of 2 position(s).
2026-08-29 04:54:20,010 | INFO    | quant_system.strategies.risk_preservation | State 2 detected at 2016-03-10 00:00:00 - de-risking 60% of 2 position(s).
2026-08-29 04:54:20,013 | INFO    | quant_system.strategies.risk_preservation | State 2 detected at 2016-03-14 00:00:00 - de-risking 60% of 2 position(s).
2026-08-29 04:54:20,017 | INFO    | quant_system.strategies.risk_preservation | State 2 detected at 2016-03-16 00:00:00 - de-risking 60% of 2 position(s).
2026-08-29 04:54:20,020 | INFO    | quant_system.strategies.risk_preservation | State 2 detected at 2016-03-18 00:00:00 - de-risking 60% of 2 position(s).
2026-08-29 04:54:20,023 | INFO    | quant_system.strategies.risk_preservation | State 2 detected at 2016-03-22 00:00:00 - de-risking 60% of 2 position(s).
2026-08-29 04:54:20,027 | INFO    | quant_system.strategies.risk_preservation | State 2 detected at 2016-03-24 00:00:00 - de-risking 60% of 2 position(s).
2026-08-29 04:54:20,030 | INFO    | quant_system.strategies.risk_preservation | State 2 detected at 2016-03-29 00:00:00 - de-risking 60% of 2 position(s).
2026-08-29 04:54:20,033 | INFO    | quant_system.strategies.risk_preservation | State 2 detected at 2016-03-31 00:00:00 - de-risking 60% of 2 position(s).
2026-08-29 04:54:20,037 | INFO    | quant_system.strategies.risk_preservation | State 2 detected at 2016-04-04 00:00:00 - de-risking 60% of 2 position(s).
2026-08-29 04:54:20,040 | INFO    | quant_system.strategies.risk_preservation | State 2 detected at 2016-04-06 00:00:00 - de-risking 60% of 2 position(s).
2026-08-29 04:54:20,044 | INFO    | quant_system.strategies.risk_preservation | State 2 detected at 2016-04-08 00:00:00 - de-risking 60% of 2 position(s).
2026-08-29 04:54:20,048 | INFO    | quant_system.strategies.risk_preservation | State 2 detected at 2016-04-12 00:00:00 - de-risking 60% of 2 position(s).
2026-08-29 04:54:20,052 | INFO    | quant_system.strategies.risk_preservation | State 2 detected at 2016-04-14 00:00:00 - de-risking 60% of 2 position(s).
2026-08-29 04:54:20,057 | INFO    | quant_system.strategies.risk_preservation | State 2 detected at 2016-04-18 00:00:00 - de-risking 60% of 2 position(s).
2026-08-29 04:54:20,065 | INFO    | quant_system.strategies.risk_preservation | State 2 detected at 2016-04-21 00:00:00 - de-risking 60% of 2 position(s).
2026-08-29 04:54:20,067 | INFO    | quant_system.strategies.risk_preservation | State 2 detected at 2016-04-25 00:00:00 - de-risking 60% of 2 position(s).
2026-08-29 04:54:20,071 | INFO    | quant_system.strategies.risk_preservation | State 2 detected at 2016-04-27 00:00:00 - de-risking 60% of 2 position(s).
2026-08-29 04:54:20,076 | INFO    | quant_system.strategies.risk_preservation | State 2 detected at 2016-04-29 00:00:00 - de-risking 60% of 2 position(s).
2026-08-29 04:54:20,103 | INFO    | quant_system.strategies.risk_preservation | State 2 detected at 2016-06-03 00:00:00 - de-risking 60% of 2 position(s).
2026-08-29 04:54:20,105 | INFO    | quant_system.strategies.risk_preservation | State 2 detected at 2016-06-07 00:00:00 - de-risking 60% of 2 position(s).
2026-08-29 04:54:20,297 | INFO    | quant_system.strategies.risk_preservation | State 2 detected at 2016-02-01 00:00:00 - de-risking 60% of 2 position(s).
2026-08-29 04:54:20,301 | INFO    | quant_system.strategies.risk_preservation | State 2 detected at 2016-02-03 00:00:00 - de-risking 60% of 2 position(s).
2026-08-29 04:54:20,305 | INFO    | quant_system.strategies.risk_preservation | State 2 detected at 2016-02-05 00:00:00 - de-risking 60% of 2 position(s).
2026-08-29 04:54:20,308 | INFO    | quant_system.strategies.risk_preservation | State 2 detected at 2016-02-10 00:00:00 - de-risking 60% of 2 position(s).
2026-08-29 04:54:20,311 | INFO    | quant_system.strategies.risk_preservation | State 2 detected at 2016-02-16 00:00:00 - de-risking 60% of 2 position(s).
2026-08-29 04:54:20,312 | INFO    | quant_system.strategies.risk_preservation | State 2 detected at 2016-02-18 00:00:00 - de-risking 60% of 2 position(s).
2026-08-29 04:54:20,315 | INFO    | quant_system.strategies.risk_preservation | State 2 detected at 2016-02-22 00:00:00 - de-risking 60% of 2 position(s).
2026-08-29 04:54:20,318 | INFO    | quant_system.strategies.risk_preservation | State 2 detected at 2016-02-24 00:00:00 - de-risking 60% of 2 position(s).
2026-08-29 04:54:20,322 | INFO    | quant_system.strategies.risk_preservation | State 2 detected at 2016-02-29 00:00:00 - de-risking 60% of 2 position(s).
2026-08-29 04:54:20,325 | INFO    | quant_system.strategies.risk_preservation | State 2 detected at 2016-03-02 00:00:00 - de-risking 60% of 2 position(s).
2026-08-29 04:54:20,329 | INFO    | quant_system.strategies.risk_preservation | State 2 detected at 2016-03-04 00:00:00 - de-risking 60% of 2 position(s).
2026-08-29 04:54:20,332 | INFO    | quant_system.strategies.risk_preservation | State 2 detected at 2016-03-08 00:00:00 - de-risking 60% of 2 position(s).
2026-08-29 04:54:20,335 | INFO    | quant_system.strategies.risk_preservation | State 2 detected at 2016-03-10 00:00:00 - de-risking 60% of 2 position(s).
2026-08-29 04:54:20,339 | INFO    | quant_system.strategies.risk_preservation | State 2 detected at 2016-03-14 00:00:00 - de-risking 60% of 2 position(s).
2026-08-29 04:54:20,342 | INFO    | quant_system.strategies.risk_preservation | State 2 detected at 2016-03-16 00:00:00 - de-risking 60% of 2 position(s).
2026-08-29 04:54:20,346 | INFO    | quant_system.strategies.risk_preservation | State 2 detected at 2016-03-18 00:00:00 - de-risking 60% of 2 position(s).
2026-08-29 04:54:20,349 | INFO    | quant_system.strategies.risk_preservation | State 2 detected at 2016-03-22 00:00:00 - de-risking 60% of 2 position(s).
2026-08-29 04:54:20,352 | INFO    | quant_system.strategies.risk_preservation | State 2 detected at 2016-03-24 00:00:00 - de-risking 60% of 2 position(s).
2026-08-29 04:54:20,356 | INFO    | quant_system.strategies.risk_preservation | State 2 detected at 2016-03-29 00:00:00 - de-risking 60% of 2 position(s).
2026-08-29 04:54:20,359 | INFO    | quant_system.strategies.risk_preservation | State 2 detected at 2016-03-31 00:00:00 - de-risking 60% of 2 position(s).
2026-08-29 04:54:20,363 | INFO    | quant_system.strategies.risk_preservation | State 2 detected at 2016-04-04 00:00:00 - de-risking 60% of 2 position(s).
2026-08-29 04:54:20,366 | INFO    | quant_system.strategies.risk_preservation | State 2 detected at 2016-04-06 00:00:00 - de-risking 60% of 2 position(s).
2026-08-29 04:54:20,369 | INFO    | quant_system.strategies.risk_preservation | State 2 detected at 2016-04-08 00:00:00 - de-risking 60% of 2 position(s).
2026-08-29 04:54:20,374 | INFO    | quant_system.strategies.risk_preservation | State 2 detected at 2016-04-12 00:00:00 - de-risking 60% of 2 position(s).
2026-08-29 04:54:20,378 | INFO    | quant_system.strategies.risk_preservation | State 2 detected at 2016-04-14 00:00:00 - de-risking 60% of 2 position(s).
2026-08-29 04:54:20,382 | INFO    | quant_system.strategies.risk_preservation | State 2 detected at 2016-04-18 00:00:00 - de-risking 60% of 2 position(s).
2026-08-29 04:54:20,390 | INFO    | quant_system.strategies.risk_preservation | State 2 detected at 2016-04-21 00:00:00 - de-risking 60% of 2 position(s).
2026-08-29 04:54:20,392 | INFO    | quant_system.strategies.risk_preservation | State 2 detected at 2016-04-25 00:00:00 - de-risking 60% of 2 position(s).
2026-08-29 04:54:20,396 | INFO    | quant_system.strategies.risk_preservation | State 2 detected at 2016-04-27 00:00:00 - de-risking 60% of 2 position(s).
2026-08-29 04:54:20,401 | INFO    | quant_system.strategies.risk_preservation | State 2 detected at 2016-04-29 00:00:00 - de-risking 60% of 2 position(s).
2026-08-29 04:54:20,428 | INFO    | quant_system.strategies.risk_preservation | State 2 detected at 2016-06-03 00:00:00 - de-risking 60% of 2 position(s).
2026-08-29 04:54:20,429 | INFO    | quant_system.strategies.risk_preservation | State 2 detected at 2016-06-07 00:00:00 - de-risking 60% of 2 position(s).
2026-08-29 04:54:20,845 | INFO    | quant_system.backtesting.walk_forward |   best={'fast_base': 15, 'slow_base': 40, 'entry_z': 2.4}  IS 0.766 -> OOS 0.000  (degradation 100.0%, REJECTED)
2026-08-29 04:54:20,845 | INFO    | quant_system.backtesting.walk_forward | Segment 5/39  IS 2016-01-04..2017-01-05  OOS 2017-01-05..2017-04-06
2026-08-29 04:54:21,361 | INFO    | quant_system.strategies.risk_preservation | State 2 detected at 2016-02-01 00:00:00 - de-risking 60% of 2 position(s).
2026-08-29 04:54:21,366 | INFO    | quant_system.strategies.risk_preservation | State 2 detected at 2016-02-03 00:00:00 - de-risking 60% of 2 position(s).
2026-08-29 04:54:21,370 | INFO    | quant_system.strategies.risk_preservation | State 2 detected at 2016-02-05 00:00:00 - de-risking 60% of 2 position(s).
2026-08-29 04:54:21,373 | INFO    | quant_system.strategies.risk_preservation | State 2 detected at 2016-02-10 00:00:00 - de-risking 60% of 2 position(s).
2026-08-29 04:54:21,376 | INFO    | quant_system.strategies.risk_preservation | State 2 detected at 2016-02-16 00:00:00 - de-risking 60% of 2 position(s).
2026-08-29 04:54:21,378 | INFO    | quant_system.strategies.risk_preservation | State 2 detected at 2016-02-18 00:00:00 - de-risking 60% of 2 position(s).
2026-08-29 04:54:21,380 | INFO    | quant_system.strategies.risk_preservation | State 2 detected at 2016-02-22 00:00:00 - de-risking 60% of 2 position(s).
2026-08-29 04:54:21,383 | INFO    | quant_system.strategies.risk_preservation | State 2 detected at 2016-02-24 00:00:00 - de-risking 60% of 2 position(s).
2026-08-29 04:54:21,387 | INFO    | quant_system.strategies.risk_preservation | State 2 detected at 2016-02-29 00:00:00 - de-risking 60% of 2 position(s).
2026-08-29 04:54:21,391 | INFO    | quant_system.strategies.risk_preservation | State 2 detected at 2016-03-02 00:00:00 - de-risking 60% of 2 position(s).
2026-08-29 04:54:21,394 | INFO    | quant_system.strategies.risk_preservation | State 2 detected at 2016-03-04 00:00:00 - de-risking 60% of 2 position(s).
2026-08-29 04:54:21,397 | INFO    | quant_system.strategies.risk_preservation | State 2 detected at 2016-03-08 00:00:00 - de-risking 60% of 2 position(s).
2026-08-29 04:54:21,401 | INFO    | quant_system.strategies.risk_preservation | State 2 detected at 2016-03-10 00:00:00 - de-risking 60% of 2 position(s).
2026-08-29 04:54:21,404 | INFO    | quant_system.strategies.risk_preservation | State 2 detected at 2016-03-14 00:00:00 - de-risking 60% of 2 position(s).
2026-08-29 04:54:21,407 | INFO    | quant_system.strategies.risk_preservation | State 2 detected at 2016-03-16 00:00:00 - de-risking 60% of 2 position(s).
2026-08-29 04:54:21,411 | INFO    | quant_system.strategies.risk_preservation | State 2 detected at 2016-03-18 00:00:00 - de-risking 60% of 2 position(s).
2026-08-29 04:54:21,414 | INFO    | quant_system.strategies.risk_preservation | State 2 detected at 2016-03-22 00:00:00 - de-risking 60% of 2 position(s).
2026-08-29 04:54:21,418 | INFO    | quant_system.strategies.risk_preservation | State 2 detected at 2016-03-24 00:00:00 - de-risking 60% of 2 position(s).
2026-08-29 04:54:21,425 | INFO    | quant_system.strategies.risk_preservation | State 2 detected at 2016-03-29 00:00:00 - de-risking 60% of 2 position(s).
2026-08-29 04:54:21,428 | INFO    | quant_system.strategies.risk_preservation | State 2 detected at 2016-03-31 00:00:00 - de-risking 60% of 2 position(s).
2026-08-29 04:54:21,432 | INFO    | quant_system.strategies.risk_preservation | State 2 detected at 2016-04-04 00:00:00 - de-risking 60% of 2 position(s).
2026-08-29 04:54:21,437 | INFO    | quant_system.strategies.risk_preservation | State 2 detected at 2016-04-06 00:00:00 - de-risking 60% of 2 position(s).
2026-08-29 04:54:21,441 | INFO    | quant_system.strategies.risk_preservation | State 2 detected at 2016-04-08 00:00:00 - de-risking 60% of 2 position(s).
2026-08-29 04:54:21,447 | INFO    | quant_system.strategies.risk_preservation | State 2 detected at 2016-04-12 00:00:00 - de-risking 60% of 2 position(s).
2026-08-29 04:54:21,452 | INFO    | quant_system.strategies.risk_preservation | State 2 detected at 2016-04-14 00:00:00 - de-risking 60% of 2 position(s).
2026-08-29 04:54:21,458 | INFO    | quant_system.strategies.risk_preservation | State 2 detected at 2016-04-18 00:00:00 - de-risking 60% of 2 position(s).
2026-08-29 04:54:21,468 | INFO    | quant_system.strategies.risk_preservation | State 2 detected at 2016-04-21 00:00:00 - de-risking 60% of 2 position(s).
2026-08-29 04:54:21,471 | INFO    | quant_system.strategies.risk_preservation | State 2 detected at 2016-04-25 00:00:00 - de-risking 60% of 2 position(s).
2026-08-29 04:54:21,480 | INFO    | quant_system.strategies.risk_preservation | State 2 detected at 2016-04-27 00:00:00 - de-risking 60% of 2 position(s).
2026-08-29 04:54:21,482 | INFO    | quant_system.strategies.risk_preservation | State 2 detected at 2016-04-29 00:00:00 - de-risking 60% of 2 position(s).
2026-08-29 04:54:21,509 | INFO    | quant_system.strategies.risk_preservation | State 2 detected at 2016-06-03 00:00:00 - de-risking 60% of 2 position(s).
2026-08-29 04:54:21,516 | INFO    | quant_system.strategies.risk_preservation | State 2 detected at 2016-06-07 00:00:00 - de-risking 60% of 2 position(s).
2026-08-29 04:54:21,751 | INFO    | quant_system.strategies.risk_preservation | State 2 detected at 2016-02-01 00:00:00 - de-risking 60% of 2 position(s).
2026-08-29 04:54:21,755 | INFO    | quant_system.strategies.risk_preservation | State 2 detected at 2016-02-03 00:00:00 - de-risking 60% of 2 position(s).
2026-08-29 04:54:21,760 | INFO    | quant_system.strategies.risk_preservation | State 2 detected at 2016-02-05 00:00:00 - de-risking 60% of 2 position(s).
2026-08-29 04:54:21,763 | INFO    | quant_system.strategies.risk_preservation | State 2 detected at 2016-02-10 00:00:00 - de-risking 60% of 2 position(s).
2026-08-29 04:54:21,766 | INFO    | quant_system.strategies.risk_preservation | State 2 detected at 2016-02-16 00:00:00 - de-risking 60% of 2 position(s).
2026-08-29 04:54:21,767 | INFO    | quant_system.strategies.risk_preservation | State 2 detected at 2016-02-18 00:00:00 - de-risking 60% of 2 position(s).
2026-08-29 04:54:21,770 | INFO    | quant_system.strategies.risk_preservation | State 2 detected at 2016-02-22 00:00:00 - de-risking 60% of 2 position(s).
2026-08-29 04:54:21,773 | INFO    | quant_system.strategies.risk_preservation | State 2 detected at 2016-02-24 00:00:00 - de-risking 60% of 2 position(s).
2026-08-29 04:54:21,777 | INFO    | quant_system.strategies.risk_preservation | State 2 detected at 2016-02-29 00:00:00 - de-risking 60% of 2 position(s).
2026-08-29 04:54:21,780 | INFO    | quant_system.strategies.risk_preservation | State 2 detected at 2016-03-02 00:00:00 - de-risking 60% of 2 position(s).
2026-08-29 04:54:21,784 | INFO    | quant_system.strategies.risk_preservation | State 2 detected at 2016-03-04 00:00:00 - de-risking 60% of 2 position(s).
2026-08-29 04:54:21,787 | INFO    | quant_system.strategies.risk_preservation | State 2 detected at 2016-03-08 00:00:00 - de-risking 60% of 2 position(s).
2026-08-29 04:54:21,790 | INFO    | quant_system.strategies.risk_preservation | State 2 detected at 2016-03-10 00:00:00 - de-risking 60% of 2 position(s).
2026-08-29 04:54:21,794 | INFO    | quant_system.strategies.risk_preservation | State 2 detected at 2016-03-14 00:00:00 - de-risking 60% of 2 position(s).
2026-08-29 04:54:21,797 | INFO    | quant_system.strategies.risk_preservation | State 2 detected at 2016-03-16 00:00:00 - de-risking 60% of 2 position(s).
2026-08-29 04:54:21,800 | INFO    | quant_system.strategies.risk_preservation | State 2 detected at 2016-03-18 00:00:00 - de-risking 60% of 2 position(s).
2026-08-29 04:54:21,804 | INFO    | quant_system.strategies.risk_preservation | State 2 detected at 2016-03-22 00:00:00 - de-risking 60% of 2 position(s).
2026-08-29 04:54:21,807 | INFO    | quant_system.strategies.risk_preservation | State 2 detected at 2016-03-24 00:00:00 - de-risking 60% of 2 position(s).
2026-08-29 04:54:21,811 | INFO    | quant_system.strategies.risk_preservation | State 2 detected at 2016-03-29 00:00:00 - de-risking 60% of 2 position(s).
2026-08-29 04:54:21,814 | INFO    | quant_system.strategies.risk_preservation | State 2 detected at 2016-03-31 00:00:00 - de-risking 60% of 2 position(s).
2026-08-29 04:54:21,818 | INFO    | quant_system.strategies.risk_preservation | State 2 detected at 2016-04-04 00:00:00 - de-risking 60% of 2 position(s).
2026-08-29 04:54:21,821 | INFO    | quant_system.strategies.risk_preservation | State 2 detected at 2016-04-06 00:00:00 - de-risking 60% of 2 position(s).
2026-08-29 04:54:21,824 | INFO    | quant_system.strategies.risk_preservation | State 2 detected at 2016-04-08 00:00:00 - de-risking 60% of 2 position(s).
2026-08-29 04:54:21,829 | INFO    | quant_system.strategies.risk_preservation | State 2 detected at 2016-04-12 00:00:00 - de-risking 60% of 2 position(s).
2026-08-29 04:54:21,833 | INFO    | quant_system.strategies.risk_preservation | State 2 detected at 2016-04-14 00:00:00 - de-risking 60% of 2 position(s).
2026-08-29 04:54:21,837 | INFO    | quant_system.strategies.risk_preservation | State 2 detected at 2016-04-18 00:00:00 - de-risking 60% of 2 position(s).
2026-08-29 04:54:21,845 | INFO    | quant_system.strategies.risk_preservation | State 2 detected at 2016-04-21 00:00:00 - de-risking 60% of 2 position(s).
2026-08-29 04:54:21,847 | INFO    | quant_system.strategies.risk_preservation | State 2 detected at 2016-04-25 00:00:00 - de-risking 60% of 2 position(s).
2026-08-29 04:54:21,851 | INFO    | quant_system.strategies.risk_preservation | State 2 detected at 2016-04-27 00:00:00 - de-risking 60% of 2 position(s).
2026-08-29 04:54:21,856 | INFO    | quant_system.strategies.risk_preservation | State 2 detected at 2016-04-29 00:00:00 - de-risking 60% of 2 position(s).
2026-08-29 04:54:21,882 | INFO    | quant_system.strategies.risk_preservation | State 2 detected at 2016-06-03 00:00:00 - de-risking 60% of 2 position(s).
2026-08-29 04:54:21,884 | INFO    | quant_system.strategies.risk_preservation | State 2 detected at 2016-06-07 00:00:00 - de-risking 60% of 2 position(s).
2026-08-29 04:54:22,116 | INFO    | quant_system.strategies.risk_preservation | State 2 detected at 2016-02-01 00:00:00 - de-risking 60% of 2 position(s).
2026-08-29 04:54:22,121 | INFO    | quant_system.strategies.risk_preservation | State 2 detected at 2016-02-03 00:00:00 - de-risking 60% of 2 position(s).
2026-08-29 04:54:22,125 | INFO    | quant_system.strategies.risk_preservation | State 2 detected at 2016-02-05 00:00:00 - de-risking 60% of 2 position(s).
2026-08-29 04:54:22,128 | INFO    | quant_system.strategies.risk_preservation | State 2 detected at 2016-02-10 00:00:00 - de-risking 60% of 2 position(s).
2026-08-29 04:54:22,131 | INFO    | quant_system.strategies.risk_preservation | State 2 detected at 2016-02-16 00:00:00 - de-risking 60% of 2 position(s).
2026-08-29 04:54:22,132 | INFO    | quant_system.strategies.risk_preservation | State 2 detected at 2016-02-18 00:00:00 - de-risking 60% of 2 position(s).
2026-08-29 04:54:22,135 | INFO    | quant_system.strategies.risk_preservation | State 2 detected at 2016-02-22 00:00:00 - de-risking 60% of 2 position(s).
2026-08-29 04:54:22,138 | INFO    | quant_system.strategies.risk_preservation | State 2 detected at 2016-02-24 00:00:00 - de-risking 60% of 2 position(s).
2026-08-29 04:54:22,142 | INFO    | quant_system.strategies.risk_preservation | State 2 detected at 2016-02-29 00:00:00 - de-risking 60% of 2 position(s).
2026-08-29 04:54:22,145 | INFO    | quant_system.strategies.risk_preservation | State 2 detected at 2016-03-02 00:00:00 - de-risking 60% of 2 position(s).
2026-08-29 04:54:22,149 | INFO    | quant_system.strategies.risk_preservation | State 2 detected at 2016-03-04 00:00:00 - de-risking 60% of 2 position(s).
2026-08-29 04:54:22,152 | INFO    | quant_system.strategies.risk_preservation | State 2 detected at 2016-03-08 00:00:00 - de-risking 60% of 2 position(s).
2026-08-29 04:54:22,155 | INFO    | quant_system.strategies.risk_preservation | State 2 detected at 2016-03-10 00:00:00 - de-risking 60% of 2 position(s).
2026-08-29 04:54:22,159 | INFO    | quant_system.strategies.risk_preservation | State 2 detected at 2016-03-14 00:00:00 - de-risking 60% of 2 position(s).
2026-08-29 04:54:22,162 | INFO    | quant_system.strategies.risk_preservation | State 2 detected at 2016-03-16 00:00:00 - de-risking 60% of 2 position(s).
2026-08-29 04:54:22,165 | INFO    | quant_system.strategies.risk_preservation | State 2 detected at 2016-03-18 00:00:00 - de-risking 60% of 2 position(s).
2026-08-29 04:54:22,169 | INFO    | quant_system.strategies.risk_preservation | State 2 detected at 2016-03-22 00:00:00 - de-risking 60% of 2 position(s).
2026-08-29 04:54:22,172 | INFO    | quant_system.strategies.risk_preservation | State 2 detected at 2016-03-24 00:00:00 - de-risking 60% of 2 position(s).
2026-08-29 04:54:22,176 | INFO    | quant_system.strategies.risk_preservation | State 2 detected at 2016-03-29 00:00:00 - de-risking 60% of 2 position(s).
2026-08-29 04:54:22,179 | INFO    | quant_system.strategies.risk_preservation | State 2 detected at 2016-03-31 00:00:00 - de-risking 60% of 2 position(s).
2026-08-29 04:54:22,182 | INFO    | quant_system.strategies.risk_preservation | State 2 detected at 2016-04-04 00:00:00 - de-risking 60% of 2 position(s).
2026-08-29 04:54:22,186 | INFO    | quant_system.strategies.risk_preservation | State 2 detected at 2016-04-06 00:00:00 - de-risking 60% of 2 position(s).
2026-08-29 04:54:22,189 | INFO    | quant_system.strategies.risk_preservation | State 2 detected at 2016-04-08 00:00:00 - de-risking 60% of 2 position(s).
2026-08-29 04:54:22,194 | INFO    | quant_system.strategies.risk_preservation | State 2 detected at 2016-04-12 00:00:00 - de-risking 60% of 2 position(s).
2026-08-29 04:54:22,198 | INFO    | quant_system.strategies.risk_preservation | State 2 detected at 2016-04-14 00:00:00 - de-risking 60% of 2 position(s).
2026-08-29 04:54:22,202 | INFO    | quant_system.strategies.risk_preservation | State 2 detected at 2016-04-18 00:00:00 - de-risking 60% of 2 position(s).
2026-08-29 04:54:22,210 | INFO    | quant_system.strategies.risk_preservation | State 2 detected at 2016-04-21 00:00:00 - de-risking 60% of 2 position(s).
2026-08-29 04:54:22,212 | INFO    | quant_system.strategies.risk_preservation | State 2 detected at 2016-04-25 00:00:00 - de-risking 60% of 2 position(s).
2026-08-29 04:54:22,216 | INFO    | quant_system.strategies.risk_preservation | State 2 detected at 2016-04-27 00:00:00 - de-risking 60% of 2 position(s).
2026-08-29 04:54:22,220 | INFO    | quant_system.strategies.risk_preservation | State 2 detected at 2016-04-29 00:00:00 - de-risking 60% of 2 position(s).
2026-08-29 04:54:22,247 | INFO    | quant_system.strategies.risk_preservation | State 2 detected at 2016-06-03 00:00:00 - de-risking 60% of 2 position(s).
2026-08-29 04:54:22,249 | INFO    | quant_system.strategies.risk_preservation | State 2 detected at 2016-06-07 00:00:00 - de-risking 60% of 2 position(s).
2026-08-29 04:54:22,478 | INFO    | quant_system.strategies.risk_preservation | State 2 detected at 2016-02-01 00:00:00 - de-risking 60% of 2 position(s).
2026-08-29 04:54:22,483 | INFO    | quant_system.strategies.risk_preservation | State 2 detected at 2016-02-03 00:00:00 - de-risking 60% of 2 position(s).
2026-08-29 04:54:22,487 | INFO    | quant_system.strategies.risk_preservation | State 2 detected at 2016-02-05 00:00:00 - de-risking 60% of 2 position(s).
2026-08-29 04:54:22,490 | INFO    | quant_system.strategies.risk_preservation | State 2 detected at 2016-02-10 00:00:00 - de-risking 60% of 2 position(s).
2026-08-29 04:54:22,493 | INFO    | quant_system.strategies.risk_preservation | State 2 detected at 2016-02-16 00:00:00 - de-risking 60% of 2 position(s).
2026-08-29 04:54:22,494 | INFO    | quant_system.strategies.risk_preservation | State 2 detected at 2016-02-18 00:00:00 - de-risking 60% of 2 position(s).
2026-08-29 04:54:22,497 | INFO    | quant_system.strategies.risk_preservation | State 2 detected at 2016-02-22 00:00:00 - de-risking 60% of 2 position(s).
2026-08-29 04:54:22,500 | INFO    | quant_system.strategies.risk_preservation | State 2 detected at 2016-02-24 00:00:00 - de-risking 60% of 2 position(s).
2026-08-29 04:54:22,504 | INFO    | quant_system.strategies.risk_preservation | State 2 detected at 2016-02-29 00:00:00 - de-risking 60% of 2 position(s).
2026-08-29 04:54:22,507 | INFO    | quant_system.strategies.risk_preservation | State 2 detected at 2016-03-02 00:00:00 - de-risking 60% of 2 position(s).
2026-08-29 04:54:22,510 | INFO    | quant_system.strategies.risk_preservation | State 2 detected at 2016-03-04 00:00:00 - de-risking 60% of 2 position(s).
2026-08-29 04:54:22,514 | INFO    | quant_system.strategies.risk_preservation | State 2 detected at 2016-03-08 00:00:00 - de-risking 60% of 2 position(s).
2026-08-29 04:54:22,517 | INFO    | quant_system.strategies.risk_preservation | State 2 detected at 2016-03-10 00:00:00 - de-risking 60% of 2 position(s).
2026-08-29 04:54:22,520 | INFO    | quant_system.strategies.risk_preservation | State 2 detected at 2016-03-14 00:00:00 - de-risking 60% of 2 position(s).
2026-08-29 04:54:22,524 | INFO    | quant_system.strategies.risk_preservation | State 2 detected at 2016-03-16 00:00:00 - de-risking 60% of 2 position(s).
2026-08-29 04:54:22,527 | INFO    | quant_system.strategies.risk_preservation | State 2 detected at 2016-03-18 00:00:00 - de-risking 60% of 2 position(s).
2026-08-29 04:54:22,531 | INFO    | quant_system.strategies.risk_preservation | State 2 detected at 2016-03-22 00:00:00 - de-risking 60% of 2 position(s).
2026-08-29 04:54:22,534 | INFO    | quant_system.strategies.risk_preservation | State 2 detected at 2016-03-24 00:00:00 - de-risking 60% of 2 position(s).
2026-08-29 04:54:22,537 | INFO    | quant_system.strategies.risk_preservation | State 2 detected at 2016-03-29 00:00:00 - de-risking 60% of 2 position(s).
2026-08-29 04:54:22,541 | INFO    | quant_system.strategies.risk_preservation | State 2 detected at 2016-03-31 00:00:00 - de-risking 60% of 2 position(s).
2026-08-29 04:54:22,544 | INFO    | quant_system.strategies.risk_preservation | State 2 detected at 2016-04-04 00:00:00 - de-risking 60% of 2 position(s).
2026-08-29 04:54:22,548 | INFO    | quant_system.strategies.risk_preservation | State 2 detected at 2016-04-06 00:00:00 - de-risking 60% of 2 position(s).
2026-08-29 04:54:22,551 | INFO    | quant_system.strategies.risk_preservation | State 2 detected at 2016-04-08 00:00:00 - de-risking 60% of 2 position(s).
2026-08-29 04:54:22,555 | INFO    | quant_system.strategies.risk_preservation | State 2 detected at 2016-04-12 00:00:00 - de-risking 60% of 2 position(s).
2026-08-29 04:54:22,559 | INFO    | quant_system.strategies.risk_preservation | State 2 detected at 2016-04-14 00:00:00 - de-risking 60% of 2 position(s).
2026-08-29 04:54:22,563 | INFO    | quant_system.strategies.risk_preservation | State 2 detected at 2016-04-18 00:00:00 - de-risking 60% of 2 position(s).
2026-08-29 04:54:22,571 | INFO    | quant_system.strategies.risk_preservation | State 2 detected at 2016-04-21 00:00:00 - de-risking 60% of 2 position(s).
2026-08-29 04:54:22,573 | INFO    | quant_system.strategies.risk_preservation | State 2 detected at 2016-04-25 00:00:00 - de-risking 60% of 2 position(s).
2026-08-29 04:54:22,577 | INFO    | quant_system.strategies.risk_preservation | State 2 detected at 2016-04-27 00:00:00 - de-risking 60% of 2 position(s).
2026-08-29 04:54:22,581 | INFO    | quant_system.strategies.risk_preservation | State 2 detected at 2016-04-29 00:00:00 - de-risking 60% of 2 position(s).
2026-08-29 04:54:22,608 | INFO    | quant_system.strategies.risk_preservation | State 2 detected at 2016-06-03 00:00:00 - de-risking 60% of 2 position(s).
2026-08-29 04:54:22,610 | INFO    | quant_system.strategies.risk_preservation | State 2 detected at 2016-06-07 00:00:00 - de-risking 60% of 2 position(s).
2026-08-29 04:54:22,851 | INFO    | quant_system.strategies.risk_preservation | State 2 detected at 2016-02-01 00:00:00 - de-risking 60% of 2 position(s).
2026-08-29 04:54:22,855 | INFO    | quant_system.strategies.risk_preservation | State 2 detected at 2016-02-03 00:00:00 - de-risking 60% of 2 position(s).
2026-08-29 04:54:22,859 | INFO    | quant_system.strategies.risk_preservation | State 2 detected at 2016-02-05 00:00:00 - de-risking 60% of 2 position(s).
2026-08-29 04:54:22,863 | INFO    | quant_system.strategies.risk_preservation | State 2 detected at 2016-02-10 00:00:00 - de-risking 60% of 2 position(s).
2026-08-29 04:54:22,866 | INFO    | quant_system.strategies.risk_preservation | State 2 detected at 2016-02-16 00:00:00 - de-risking 60% of 2 position(s).
2026-08-29 04:54:22,867 | INFO    | quant_system.strategies.risk_preservation | State 2 detected at 2016-02-18 00:00:00 - de-risking 60% of 2 position(s).
2026-08-29 04:54:22,870 | INFO    | quant_system.strategies.risk_preservation | State 2 detected at 2016-02-22 00:00:00 - de-risking 60% of 2 position(s).
2026-08-29 04:54:22,873 | INFO    | quant_system.strategies.risk_preservation | State 2 detected at 2016-02-24 00:00:00 - de-risking 60% of 2 position(s).
2026-08-29 04:54:22,876 | INFO    | quant_system.strategies.risk_preservation | State 2 detected at 2016-02-29 00:00:00 - de-risking 60% of 2 position(s).
2026-08-29 04:54:22,880 | INFO    | quant_system.strategies.risk_preservation | State 2 detected at 2016-03-02 00:00:00 - de-risking 60% of 2 position(s).
2026-08-29 04:54:22,883 | INFO    | quant_system.strategies.risk_preservation | State 2 detected at 2016-03-04 00:00:00 - de-risking 60% of 2 position(s).
2026-08-29 04:54:22,886 | INFO    | quant_system.strategies.risk_preservation | State 2 detected at 2016-03-08 00:00:00 - de-risking 60% of 2 position(s).
2026-08-29 04:54:22,890 | INFO    | quant_system.strategies.risk_preservation | State 2 detected at 2016-03-10 00:00:00 - de-risking 60% of 2 position(s).
2026-08-29 04:54:22,893 | INFO    | quant_system.strategies.risk_preservation | State 2 detected at 2016-03-14 00:00:00 - de-risking 60% of 2 position(s).
2026-08-29 04:54:22,897 | INFO    | quant_system.strategies.risk_preservation | State 2 detected at 2016-03-16 00:00:00 - de-risking 60% of 2 position(s).
2026-08-29 04:54:22,900 | INFO    | quant_system.strategies.risk_preservation | State 2 detected at 2016-03-18 00:00:00 - de-risking 60% of 2 position(s).
2026-08-29 04:54:22,903 | INFO    | quant_system.strategies.risk_preservation | State 2 detected at 2016-03-22 00:00:00 - de-risking 60% of 2 position(s).
2026-08-29 04:54:22,907 | INFO    | quant_system.strategies.risk_preservation | State 2 detected at 2016-03-24 00:00:00 - de-risking 60% of 2 position(s).
2026-08-29 04:54:22,911 | INFO    | quant_system.strategies.risk_preservation | State 2 detected at 2016-03-29 00:00:00 - de-risking 60% of 2 position(s).
2026-08-29 04:54:22,914 | INFO    | quant_system.strategies.risk_preservation | State 2 detected at 2016-03-31 00:00:00 - de-risking 60% of 2 position(s).
2026-08-29 04:54:22,917 | INFO    | quant_system.strategies.risk_preservation | State 2 detected at 2016-04-04 00:00:00 - de-risking 60% of 2 position(s).
2026-08-29 04:54:22,921 | INFO    | quant_system.strategies.risk_preservation | State 2 detected at 2016-04-06 00:00:00 - de-risking 60% of 2 position(s).
2026-08-29 04:54:22,924 | INFO    | quant_system.strategies.risk_preservation | State 2 detected at 2016-04-08 00:00:00 - de-risking 60% of 2 position(s).
2026-08-29 04:54:22,928 | INFO    | quant_system.strategies.risk_preservation | State 2 detected at 2016-04-12 00:00:00 - de-risking 60% of 2 position(s).
2026-08-29 04:54:22,932 | INFO    | quant_system.strategies.risk_preservation | State 2 detected at 2016-04-14 00:00:00 - de-risking 60% of 2 position(s).
2026-08-29 04:54:22,936 | INFO    | quant_system.strategies.risk_preservation | State 2 detected at 2016-04-18 00:00:00 - de-risking 60% of 2 position(s).
2026-08-29 04:54:22,944 | INFO    | quant_system.strategies.risk_preservation | State 2 detected at 2016-04-21 00:00:00 - de-risking 60% of 2 position(s).
2026-08-29 04:54:22,946 | INFO    | quant_system.strategies.risk_preservation | State 2 detected at 2016-04-25 00:00:00 - de-risking 60% of 2 position(s).
2026-08-29 04:54:22,950 | INFO    | quant_system.strategies.risk_preservation | State 2 detected at 2016-04-27 00:00:00 - de-risking 60% of 2 position(s).
2026-08-29 04:54:22,954 | INFO    | quant_system.strategies.risk_preservation | State 2 detected at 2016-04-29 00:00:00 - de-risking 60% of 2 position(s).
2026-08-29 04:54:22,982 | INFO    | quant_system.strategies.risk_preservation | State 2 detected at 2016-06-03 00:00:00 - de-risking 60% of 2 position(s).
2026-08-29 04:54:22,984 | INFO    | quant_system.strategies.risk_preservation | State 2 detected at 2016-06-07 00:00:00 - de-risking 60% of 2 position(s).
2026-08-29 04:54:23,602 | INFO    | quant_system.strategies.risk_preservation | State 2 detected at 2016-02-01 00:00:00 - de-risking 60% of 2 position(s).
2026-08-29 04:54:23,607 | INFO    | quant_system.strategies.risk_preservation | State 2 detected at 2016-02-03 00:00:00 - de-risking 60% of 2 position(s).
2026-08-29 04:54:23,611 | INFO    | quant_system.strategies.risk_preservation | State 2 detected at 2016-02-05 00:00:00 - de-risking 60% of 2 position(s).
2026-08-29 04:54:23,614 | INFO    | quant_system.strategies.risk_preservation | State 2 detected at 2016-02-10 00:00:00 - de-risking 60% of 2 position(s).
2026-08-29 04:54:23,617 | INFO    | quant_system.strategies.risk_preservation | State 2 detected at 2016-02-16 00:00:00 - de-risking 60% of 2 position(s).
2026-08-29 04:54:23,618 | INFO    | quant_system.strategies.risk_preservation | State 2 detected at 2016-02-18 00:00:00 - de-risking 60% of 2 position(s).
2026-08-29 04:54:23,621 | INFO    | quant_system.strategies.risk_preservation | State 2 detected at 2016-02-22 00:00:00 - de-risking 60% of 2 position(s).
2026-08-29 04:54:23,624 | INFO    | quant_system.strategies.risk_preservation | State 2 detected at 2016-02-24 00:00:00 - de-risking 60% of 2 position(s).
2026-08-29 04:54:23,628 | INFO    | quant_system.strategies.risk_preservation | State 2 detected at 2016-02-29 00:00:00 - de-risking 60% of 2 position(s).
2026-08-29 04:54:23,633 | INFO    | quant_system.strategies.risk_preservation | State 2 detected at 2016-03-02 00:00:00 - de-risking 60% of 2 position(s).
2026-08-29 04:54:23,638 | INFO    | quant_system.strategies.risk_preservation | State 2 detected at 2016-03-04 00:00:00 - de-risking 60% of 2 position(s).
2026-08-29 04:54:23,642 | INFO    | quant_system.strategies.risk_preservation | State 2 detected at 2016-03-08 00:00:00 - de-risking 60% of 2 position(s).
2026-08-29 04:54:23,645 | INFO    | quant_system.strategies.risk_preservation | State 2 detected at 2016-03-10 00:00:00 - de-risking 60% of 2 position(s).
2026-08-29 04:54:23,649 | INFO    | quant_system.strategies.risk_preservation | State 2 detected at 2016-03-14 00:00:00 - de-risking 60% of 2 position(s).
2026-08-29 04:54:23,652 | INFO    | quant_system.strategies.risk_preservation | State 2 detected at 2016-03-16 00:00:00 - de-risking 60% of 2 position(s).
2026-08-29 04:54:23,656 | INFO    | quant_system.strategies.risk_preservation | State 2 detected at 2016-03-18 00:00:00 - de-risking 60% of 2 position(s).
2026-08-29 04:54:23,659 | INFO    | quant_system.strategies.risk_preservation | State 2 detected at 2016-03-22 00:00:00 - de-risking 60% of 2 position(s).
2026-08-29 04:54:23,663 | INFO    | quant_system.strategies.risk_preservation | State 2 detected at 2016-03-24 00:00:00 - de-risking 60% of 2 position(s).
2026-08-29 04:54:23,669 | INFO    | quant_system.strategies.risk_preservation | State 2 detected at 2016-03-29 00:00:00 - de-risking 60% of 2 position(s).
2026-08-29 04:54:23,672 | INFO    | quant_system.strategies.risk_preservation | State 2 detected at 2016-03-31 00:00:00 - de-risking 60% of 2 position(s).
2026-08-29 04:54:23,677 | INFO    | quant_system.strategies.risk_preservation | State 2 detected at 2016-04-04 00:00:00 - de-risking 60% of 2 position(s).
2026-08-29 04:54:23,682 | INFO    | quant_system.strategies.risk_preservation | State 2 detected at 2016-04-06 00:00:00 - de-risking 60% of 2 position(s).
2026-08-29 04:54:23,686 | INFO    | quant_system.strategies.risk_preservation | State 2 detected at 2016-04-08 00:00:00 - de-risking 60% of 2 position(s).
2026-08-29 04:54:23,692 | INFO    | quant_system.strategies.risk_preservation | State 2 detected at 2016-04-12 00:00:00 - de-risking 60% of 2 position(s).
2026-08-29 04:54:23,697 | INFO    | quant_system.strategies.risk_preservation | State 2 detected at 2016-04-14 00:00:00 - de-risking 60% of 2 position(s).
2026-08-29 04:54:23,703 | INFO    | quant_system.strategies.risk_preservation | State 2 detected at 2016-04-18 00:00:00 - de-risking 60% of 2 position(s).
2026-08-29 04:54:23,713 | INFO    | quant_system.strategies.risk_preservation | State 2 detected at 2016-04-21 00:00:00 - de-risking 60% of 2 position(s).
2026-08-29 04:54:23,717 | INFO    | quant_system.strategies.risk_preservation | State 2 detected at 2016-04-25 00:00:00 - de-risking 60% of 2 position(s).
2026-08-29 04:54:23,725 | INFO    | quant_system.strategies.risk_preservation | State 2 detected at 2016-04-27 00:00:00 - de-risking 60% of 2 position(s).
2026-08-29 04:54:23,727 | INFO    | quant_system.strategies.risk_preservation | State 2 detected at 2016-04-29 00:00:00 - de-risking 60% of 2 position(s).
2026-08-29 04:54:23,754 | INFO    | quant_system.strategies.risk_preservation | State 2 detected at 2016-06-03 00:00:00 - de-risking 60% of 2 position(s).
2026-08-29 04:54:23,761 | INFO    | quant_system.strategies.risk_preservation | State 2 detected at 2016-06-07 00:00:00 - de-risking 60% of 2 position(s).
2026-08-29 04:54:23,994 | INFO    | quant_system.strategies.risk_preservation | State 2 detected at 2016-02-01 00:00:00 - de-risking 60% of 2 position(s).
2026-08-29 04:54:23,998 | INFO    | quant_system.strategies.risk_preservation | State 2 detected at 2016-02-03 00:00:00 - de-risking 60% of 2 position(s).
2026-08-29 04:54:24,003 | INFO    | quant_system.strategies.risk_preservation | State 2 detected at 2016-02-05 00:00:00 - de-risking 60% of 2 position(s).
2026-08-29 04:54:24,006 | INFO    | quant_system.strategies.risk_preservation | State 2 detected at 2016-02-10 00:00:00 - de-risking 60% of 2 position(s).
2026-08-29 04:54:24,009 | INFO    | quant_system.strategies.risk_preservation | State 2 detected at 2016-02-16 00:00:00 - de-risking 60% of 2 position(s).
2026-08-29 04:54:24,010 | INFO    | quant_system.strategies.risk_preservation | State 2 detected at 2016-02-18 00:00:00 - de-risking 60% of 2 position(s).
2026-08-29 04:54:24,013 | INFO    | quant_system.strategies.risk_preservation | State 2 detected at 2016-02-22 00:00:00 - de-risking 60% of 2 position(s).
2026-08-29 04:54:24,016 | INFO    | quant_system.strategies.risk_preservation | State 2 detected at 2016-02-24 00:00:00 - de-risking 60% of 2 position(s).
2026-08-29 04:54:24,020 | INFO    | quant_system.strategies.risk_preservation | State 2 detected at 2016-02-29 00:00:00 - de-risking 60% of 2 position(s).
2026-08-29 04:54:24,023 | INFO    | quant_system.strategies.risk_preservation | State 2 detected at 2016-03-02 00:00:00 - de-risking 60% of 2 position(s).
2026-08-29 04:54:24,027 | INFO    | quant_system.strategies.risk_preservation | State 2 detected at 2016-03-04 00:00:00 - de-risking 60% of 2 position(s).
2026-08-29 04:54:24,031 | INFO    | quant_system.strategies.risk_preservation | State 2 detected at 2016-03-08 00:00:00 - de-risking 60% of 2 position(s).
2026-08-29 04:54:24,034 | INFO    | quant_system.strategies.risk_preservation | State 2 detected at 2016-03-10 00:00:00 - de-risking 60% of 2 position(s).
2026-08-29 04:54:24,037 | INFO    | quant_system.strategies.risk_preservation | State 2 detected at 2016-03-14 00:00:00 - de-risking 60% of 2 position(s).
2026-08-29 04:54:24,041 | INFO    | quant_system.strategies.risk_preservation | State 2 detected at 2016-03-16 00:00:00 - de-risking 60% of 2 position(s).
2026-08-29 04:54:24,044 | INFO    | quant_system.strategies.risk_preservation | State 2 detected at 2016-03-18 00:00:00 - de-risking 60% of 2 position(s).
2026-08-29 04:54:24,048 | INFO    | quant_system.strategies.risk_preservation | State 2 detected at 2016-03-22 00:00:00 - de-risking 60% of 2 position(s).
2026-08-29 04:54:24,051 | INFO    | quant_system.strategies.risk_preservation | State 2 detected at 2016-03-24 00:00:00 - de-risking 60% of 2 position(s).
2026-08-29 04:54:24,055 | INFO    | quant_system.strategies.risk_preservation | State 2 detected at 2016-03-29 00:00:00 - de-risking 60% of 2 position(s).
2026-08-29 04:54:24,058 | INFO    | quant_system.strategies.risk_preservation | State 2 detected at 2016-03-31 00:00:00 - de-risking 60% of 2 position(s).
2026-08-29 04:54:24,062 | INFO    | quant_system.strategies.risk_preservation | State 2 detected at 2016-04-04 00:00:00 - de-risking 60% of 2 position(s).
2026-08-29 04:54:24,066 | INFO    | quant_system.strategies.risk_preservation | State 2 detected at 2016-04-06 00:00:00 - de-risking 60% of 2 position(s).
2026-08-29 04:54:24,070 | INFO    | quant_system.strategies.risk_preservation | State 2 detected at 2016-04-08 00:00:00 - de-risking 60% of 2 position(s).
2026-08-29 04:54:24,074 | INFO    | quant_system.strategies.risk_preservation | State 2 detected at 2016-04-12 00:00:00 - de-risking 60% of 2 position(s).
2026-08-29 04:54:24,079 | INFO    | quant_system.strategies.risk_preservation | State 2 detected at 2016-04-14 00:00:00 - de-risking 60% of 2 position(s).
2026-08-29 04:54:24,083 | INFO    | quant_system.strategies.risk_preservation | State 2 detected at 2016-04-18 00:00:00 - de-risking 60% of 2 position(s).
2026-08-29 04:54:24,091 | INFO    | quant_system.strategies.risk_preservation | State 2 detected at 2016-04-21 00:00:00 - de-risking 60% of 2 position(s).
2026-08-29 04:54:24,093 | INFO    | quant_system.strategies.risk_preservation | State 2 detected at 2016-04-25 00:00:00 - de-risking 60% of 2 position(s).
2026-08-29 04:54:24,098 | INFO    | quant_system.strategies.risk_preservation | State 2 detected at 2016-04-27 00:00:00 - de-risking 60% of 2 position(s).
2026-08-29 04:54:24,103 | INFO    | quant_system.strategies.risk_preservation | State 2 detected at 2016-04-29 00:00:00 - de-risking 60% of 2 position(s).
2026-08-29 04:54:24,133 | INFO    | quant_system.strategies.risk_preservation | State 2 detected at 2016-06-03 00:00:00 - de-risking 60% of 2 position(s).
2026-08-29 04:54:24,135 | INFO    | quant_system.strategies.risk_preservation | State 2 detected at 2016-06-07 00:00:00 - de-risking 60% of 2 position(s).
2026-08-29 04:54:24,379 | INFO    | quant_system.strategies.risk_preservation | State 2 detected at 2016-02-01 00:00:00 - de-risking 60% of 2 position(s).
2026-08-29 04:54:24,383 | INFO    | quant_system.strategies.risk_preservation | State 2 detected at 2016-02-03 00:00:00 - de-risking 60% of 2 position(s).
2026-08-29 04:54:24,387 | INFO    | quant_system.strategies.risk_preservation | State 2 detected at 2016-02-05 00:00:00 - de-risking 60% of 2 position(s).
2026-08-29 04:54:24,391 | INFO    | quant_system.strategies.risk_preservation | State 2 detected at 2016-02-10 00:00:00 - de-risking 60% of 2 position(s).
2026-08-29 04:54:24,394 | INFO    | quant_system.strategies.risk_preservation | State 2 detected at 2016-02-16 00:00:00 - de-risking 60% of 2 position(s).
2026-08-29 04:54:24,395 | INFO    | quant_system.strategies.risk_preservation | State 2 detected at 2016-02-18 00:00:00 - de-risking 60% of 2 position(s).
2026-08-29 04:54:24,398 | INFO    | quant_system.strategies.risk_preservation | State 2 detected at 2016-02-22 00:00:00 - de-risking 60% of 2 position(s).
2026-08-29 04:54:24,401 | INFO    | quant_system.strategies.risk_preservation | State 2 detected at 2016-02-24 00:00:00 - de-risking 60% of 2 position(s).
2026-08-29 04:54:24,405 | INFO    | quant_system.strategies.risk_preservation | State 2 detected at 2016-02-29 00:00:00 - de-risking 60% of 2 position(s).
2026-08-29 04:54:24,408 | INFO    | quant_system.strategies.risk_preservation | State 2 detected at 2016-03-02 00:00:00 - de-risking 60% of 2 position(s).
2026-08-29 04:54:24,411 | INFO    | quant_system.strategies.risk_preservation | State 2 detected at 2016-03-04 00:00:00 - de-risking 60% of 2 position(s).
2026-08-29 04:54:24,415 | INFO    | quant_system.strategies.risk_preservation | State 2 detected at 2016-03-08 00:00:00 - de-risking 60% of 2 position(s).
2026-08-29 04:54:24,418 | INFO    | quant_system.strategies.risk_preservation | State 2 detected at 2016-03-10 00:00:00 - de-risking 60% of 2 position(s).
2026-08-29 04:54:24,422 | INFO    | quant_system.strategies.risk_preservation | State 2 detected at 2016-03-14 00:00:00 - de-risking 60% of 2 position(s).
2026-08-29 04:54:24,425 | INFO    | quant_system.strategies.risk_preservation | State 2 detected at 2016-03-16 00:00:00 - de-risking 60% of 2 position(s).
2026-08-29 04:54:24,428 | INFO    | quant_system.strategies.risk_preservation | State 2 detected at 2016-03-18 00:00:00 - de-risking 60% of 2 position(s).
2026-08-29 04:54:24,432 | INFO    | quant_system.strategies.risk_preservation | State 2 detected at 2016-03-22 00:00:00 - de-risking 60% of 2 position(s).
2026-08-29 04:54:24,435 | INFO    | quant_system.strategies.risk_preservation | State 2 detected at 2016-03-24 00:00:00 - de-risking 60% of 2 position(s).
2026-08-29 04:54:24,439 | INFO    | quant_system.strategies.risk_preservation | State 2 detected at 2016-03-29 00:00:00 - de-risking 60% of 2 position(s).
2026-08-29 04:54:24,442 | INFO    | quant_system.strategies.risk_preservation | State 2 detected at 2016-03-31 00:00:00 - de-risking 60% of 2 position(s).
2026-08-29 04:54:24,445 | INFO    | quant_system.strategies.risk_preservation | State 2 detected at 2016-04-04 00:00:00 - de-risking 60% of 2 position(s).
2026-08-29 04:54:24,449 | INFO    | quant_system.strategies.risk_preservation | State 2 detected at 2016-04-06 00:00:00 - de-risking 60% of 2 position(s).
2026-08-29 04:54:24,452 | INFO    | quant_system.strategies.risk_preservation | State 2 detected at 2016-04-08 00:00:00 - de-risking 60% of 2 position(s).
2026-08-29 04:54:24,457 | INFO    | quant_system.strategies.risk_preservation | State 2 detected at 2016-04-12 00:00:00 - de-risking 60% of 2 position(s).
2026-08-29 04:54:24,461 | INFO    | quant_system.strategies.risk_preservation | State 2 detected at 2016-04-14 00:00:00 - de-risking 60% of 2 position(s).
2026-08-29 04:54:24,465 | INFO    | quant_system.strategies.risk_preservation | State 2 detected at 2016-04-18 00:00:00 - de-risking 60% of 2 position(s).
2026-08-29 04:54:24,473 | INFO    | quant_system.strategies.risk_preservation | State 2 detected at 2016-04-21 00:00:00 - de-risking 60% of 2 position(s).
2026-08-29 04:54:24,475 | INFO    | quant_system.strategies.risk_preservation | State 2 detected at 2016-04-25 00:00:00 - de-risking 60% of 2 position(s).
2026-08-29 04:54:24,480 | INFO    | quant_system.strategies.risk_preservation | State 2 detected at 2016-04-27 00:00:00 - de-risking 60% of 2 position(s).
2026-08-29 04:54:24,484 | INFO    | quant_system.strategies.risk_preservation | State 2 detected at 2016-04-29 00:00:00 - de-risking 60% of 2 position(s).
2026-08-29 04:54:24,511 | INFO    | quant_system.strategies.risk_preservation | State 2 detected at 2016-06-03 00:00:00 - de-risking 60% of 2 position(s).
2026-08-29 04:54:24,513 | INFO    | quant_system.strategies.risk_preservation | State 2 detected at 2016-06-07 00:00:00 - de-risking 60% of 2 position(s).
2026-08-29 04:54:24,744 | INFO    | quant_system.strategies.risk_preservation | State 2 detected at 2016-02-01 00:00:00 - de-risking 60% of 2 position(s).
2026-08-29 04:54:24,748 | INFO    | quant_system.strategies.risk_preservation | State 2 detected at 2016-02-03 00:00:00 - de-risking 60% of 2 position(s).
2026-08-29 04:54:24,752 | INFO    | quant_system.strategies.risk_preservation | State 2 detected at 2016-02-05 00:00:00 - de-risking 60% of 2 position(s).
2026-08-29 04:54:24,756 | INFO    | quant_system.strategies.risk_preservation | State 2 detected at 2016-02-10 00:00:00 - de-risking 60% of 2 position(s).
2026-08-29 04:54:24,759 | INFO    | quant_system.strategies.risk_preservation | State 2 detected at 2016-02-16 00:00:00 - de-risking 60% of 2 position(s).
2026-08-29 04:54:24,760 | INFO    | quant_system.strategies.risk_preservation | State 2 detected at 2016-02-18 00:00:00 - de-risking 60% of 2 position(s).
2026-08-29 04:54:24,763 | INFO    | quant_system.strategies.risk_preservation | State 2 detected at 2016-02-22 00:00:00 - de-risking 60% of 2 position(s).
2026-08-29 04:54:24,765 | INFO    | quant_system.strategies.risk_preservation | State 2 detected at 2016-02-24 00:00:00 - de-risking 60% of 2 position(s).
2026-08-29 04:54:24,769 | INFO    | quant_system.strategies.risk_preservation | State 2 detected at 2016-02-29 00:00:00 - de-risking 60% of 2 position(s).
2026-08-29 04:54:24,773 | INFO    | quant_system.strategies.risk_preservation | State 2 detected at 2016-03-02 00:00:00 - de-risking 60% of 2 position(s).
2026-08-29 04:54:24,776 | INFO    | quant_system.strategies.risk_preservation | State 2 detected at 2016-03-04 00:00:00 - de-risking 60% of 2 position(s).
2026-08-29 04:54:24,779 | INFO    | quant_system.strategies.risk_preservation | State 2 detected at 2016-03-08 00:00:00 - de-risking 60% of 2 position(s).
2026-08-29 04:54:24,783 | INFO    | quant_system.strategies.risk_preservation | State 2 detected at 2016-03-10 00:00:00 - de-risking 60% of 2 position(s).
2026-08-29 04:54:24,786 | INFO    | quant_system.strategies.risk_preservation | State 2 detected at 2016-03-14 00:00:00 - de-risking 60% of 2 position(s).
2026-08-29 04:54:24,789 | INFO    | quant_system.strategies.risk_preservation | State 2 detected at 2016-03-16 00:00:00 - de-risking 60% of 2 position(s).
2026-08-29 04:54:24,793 | INFO    | quant_system.strategies.risk_preservation | State 2 detected at 2016-03-18 00:00:00 - de-risking 60% of 2 position(s).
2026-08-29 04:54:24,796 | INFO    | quant_system.strategies.risk_preservation | State 2 detected at 2016-03-22 00:00:00 - de-risking 60% of 2 position(s).
2026-08-29 04:54:24,800 | INFO    | quant_system.strategies.risk_preservation | State 2 detected at 2016-03-24 00:00:00 - de-risking 60% of 2 position(s).
2026-08-29 04:54:24,803 | INFO    | quant_system.strategies.risk_preservation | State 2 detected at 2016-03-29 00:00:00 - de-risking 60% of 2 position(s).
2026-08-29 04:54:24,807 | INFO    | quant_system.strategies.risk_preservation | State 2 detected at 2016-03-31 00:00:00 - de-risking 60% of 2 position(s).
2026-08-29 04:54:24,810 | INFO    | quant_system.strategies.risk_preservation | State 2 detected at 2016-04-04 00:00:00 - de-risking 60% of 2 position(s).
2026-08-29 04:54:24,813 | INFO    | quant_system.strategies.risk_preservation | State 2 detected at 2016-04-06 00:00:00 - de-risking 60% of 2 position(s).
2026-08-29 04:54:24,817 | INFO    | quant_system.strategies.risk_preservation | State 2 detected at 2016-04-08 00:00:00 - de-risking 60% of 2 position(s).
2026-08-29 04:54:24,820 | INFO    | quant_system.strategies.risk_preservation | State 2 detected at 2016-04-12 00:00:00 - de-risking 60% of 2 position(s).
2026-08-29 04:54:24,825 | INFO    | quant_system.strategies.risk_preservation | State 2 detected at 2016-04-14 00:00:00 - de-risking 60% of 2 position(s).
2026-08-29 04:54:24,829 | INFO    | quant_system.strategies.risk_preservation | State 2 detected at 2016-04-18 00:00:00 - de-risking 60% of 2 position(s).
2026-08-29 04:54:24,837 | INFO    | quant_system.strategies.risk_preservation | State 2 detected at 2016-04-21 00:00:00 - de-risking 60% of 2 position(s).
2026-08-29 04:54:24,839 | INFO    | quant_system.strategies.risk_preservation | State 2 detected at 2016-04-25 00:00:00 - de-risking 60% of 2 position(s).
2026-08-29 04:54:24,843 | INFO    | quant_system.strategies.risk_preservation | State 2 detected at 2016-04-27 00:00:00 - de-risking 60% of 2 position(s).
2026-08-29 04:54:24,848 | INFO    | quant_system.strategies.risk_preservation | State 2 detected at 2016-04-29 00:00:00 - de-risking 60% of 2 position(s).
2026-08-29 04:54:24,874 | INFO    | quant_system.strategies.risk_preservation | State 2 detected at 2016-06-03 00:00:00 - de-risking 60% of 2 position(s).
2026-08-29 04:54:24,876 | INFO    | quant_system.strategies.risk_preservation | State 2 detected at 2016-06-07 00:00:00 - de-risking 60% of 2 position(s).
2026-08-29 04:54:25,111 | INFO    | quant_system.strategies.risk_preservation | State 2 detected at 2016-02-01 00:00:00 - de-risking 60% of 2 position(s).
2026-08-29 04:54:25,116 | INFO    | quant_system.strategies.risk_preservation | State 2 detected at 2016-02-03 00:00:00 - de-risking 60% of 2 position(s).
2026-08-29 04:54:25,120 | INFO    | quant_system.strategies.risk_preservation | State 2 detected at 2016-02-05 00:00:00 - de-risking 60% of 2 position(s).
2026-08-29 04:54:25,123 | INFO    | quant_system.strategies.risk_preservation | State 2 detected at 2016-02-10 00:00:00 - de-risking 60% of 2 position(s).
2026-08-29 04:54:25,126 | INFO    | quant_system.strategies.risk_preservation | State 2 detected at 2016-02-16 00:00:00 - de-risking 60% of 2 position(s).
2026-08-29 04:54:25,128 | INFO    | quant_system.strategies.risk_preservation | State 2 detected at 2016-02-18 00:00:00 - de-risking 60% of 2 position(s).
2026-08-29 04:54:25,130 | INFO    | quant_system.strategies.risk_preservation | State 2 detected at 2016-02-22 00:00:00 - de-risking 60% of 2 position(s).
2026-08-29 04:54:25,133 | INFO    | quant_system.strategies.risk_preservation | State 2 detected at 2016-02-24 00:00:00 - de-risking 60% of 2 position(s).
2026-08-29 04:54:25,137 | INFO    | quant_system.strategies.risk_preservation | State 2 detected at 2016-02-29 00:00:00 - de-risking 60% of 2 position(s).
2026-08-29 04:54:25,141 | INFO    | quant_system.strategies.risk_preservation | State 2 detected at 2016-03-02 00:00:00 - de-risking 60% of 2 position(s).
2026-08-29 04:54:25,144 | INFO    | quant_system.strategies.risk_preservation | State 2 detected at 2016-03-04 00:00:00 - de-risking 60% of 2 position(s).
2026-08-29 04:54:25,148 | INFO    | quant_system.strategies.risk_preservation | State 2 detected at 2016-03-08 00:00:00 - de-risking 60% of 2 position(s).
2026-08-29 04:54:25,151 | INFO    | quant_system.strategies.risk_preservation | State 2 detected at 2016-03-10 00:00:00 - de-risking 60% of 2 position(s).
2026-08-29 04:54:25,155 | INFO    | quant_system.strategies.risk_preservation | State 2 detected at 2016-03-14 00:00:00 - de-risking 60% of 2 position(s).
2026-08-29 04:54:25,158 | INFO    | quant_system.strategies.risk_preservation | State 2 detected at 2016-03-16 00:00:00 - de-risking 60% of 2 position(s).
2026-08-29 04:54:25,162 | INFO    | quant_system.strategies.risk_preservation | State 2 detected at 2016-03-18 00:00:00 - de-risking 60% of 2 position(s).
2026-08-29 04:54:25,165 | INFO    | quant_system.strategies.risk_preservation | State 2 detected at 2016-03-22 00:00:00 - de-risking 60% of 2 position(s).
2026-08-29 04:54:25,169 | INFO    | quant_system.strategies.risk_preservation | State 2 detected at 2016-03-24 00:00:00 - de-risking 60% of 2 position(s).
2026-08-29 04:54:25,172 | INFO    | quant_system.strategies.risk_preservation | State 2 detected at 2016-03-29 00:00:00 - de-risking 60% of 2 position(s).
2026-08-29 04:54:25,176 | INFO    | quant_system.strategies.risk_preservation | State 2 detected at 2016-03-31 00:00:00 - de-risking 60% of 2 position(s).
2026-08-29 04:54:25,180 | INFO    | quant_system.strategies.risk_preservation | State 2 detected at 2016-04-04 00:00:00 - de-risking 60% of 2 position(s).
2026-08-29 04:54:25,183 | INFO    | quant_system.strategies.risk_preservation | State 2 detected at 2016-04-06 00:00:00 - de-risking 60% of 2 position(s).
2026-08-29 04:54:25,187 | INFO    | quant_system.strategies.risk_preservation | State 2 detected at 2016-04-08 00:00:00 - de-risking 60% of 2 position(s).
2026-08-29 04:54:25,190 | INFO    | quant_system.strategies.risk_preservation | State 2 detected at 2016-04-12 00:00:00 - de-risking 60% of 2 position(s).
2026-08-29 04:54:25,195 | INFO    | quant_system.strategies.risk_preservation | State 2 detected at 2016-04-14 00:00:00 - de-risking 60% of 2 position(s).
2026-08-29 04:54:25,199 | INFO    | quant_system.strategies.risk_preservation | State 2 detected at 2016-04-18 00:00:00 - de-risking 60% of 2 position(s).
2026-08-29 04:54:25,207 | INFO    | quant_system.strategies.risk_preservation | State 2 detected at 2016-04-21 00:00:00 - de-risking 60% of 2 position(s).
2026-08-29 04:54:25,209 | INFO    | quant_system.strategies.risk_preservation | State 2 detected at 2016-04-25 00:00:00 - de-risking 60% of 2 position(s).
2026-08-29 04:54:25,214 | INFO    | quant_system.strategies.risk_preservation | State 2 detected at 2016-04-27 00:00:00 - de-risking 60% of 2 position(s).
2026-08-29 04:54:25,219 | INFO    | quant_system.strategies.risk_preservation | State 2 detected at 2016-04-29 00:00:00 - de-risking 60% of 2 position(s).
2026-08-29 04:54:25,246 | INFO    | quant_system.strategies.risk_preservation | State 2 detected at 2016-06-03 00:00:00 - de-risking 60% of 2 position(s).
2026-08-29 04:54:25,247 | INFO    | quant_system.strategies.risk_preservation | State 2 detected at 2016-06-07 00:00:00 - de-risking 60% of 2 position(s).
2026-08-29 04:54:25,751 | INFO    | quant_system.backtesting.walk_forward |   best={'fast_base': 15, 'slow_base': 40, 'entry_z': 2.4}  IS 0.718 -> OOS -0.579  (degradation 180.7%, REJECTED)
2026-08-29 04:54:25,751 | INFO    | quant_system.backtesting.walk_forward | Segment 6/39  IS 2016-04-05..2017-04-06  OOS 2017-04-06..2017-07-07
2026-08-29 04:54:26,236 | INFO    | quant_system.strategies.risk_preservation | State 2 detected at 2016-02-01 00:00:00 - de-risking 60% of 2 position(s).
2026-08-29 04:54:26,240 | INFO    | quant_system.strategies.risk_preservation | State 2 detected at 2016-02-03 00:00:00 - de-risking 60% of 2 position(s).
2026-08-29 04:54:26,244 | INFO    | quant_system.strategies.risk_preservation | State 2 detected at 2016-02-05 00:00:00 - de-risking 60% of 2 position(s).
2026-08-29 04:54:26,248 | INFO    | quant_system.strategies.risk_preservation | State 2 detected at 2016-02-10 00:00:00 - de-risking 60% of 2 position(s).
2026-08-29 04:54:26,251 | INFO    | quant_system.strategies.risk_preservation | State 2 detected at 2016-02-16 00:00:00 - de-risking 60% of 2 position(s).
2026-08-29 04:54:26,252 | INFO    | quant_system.strategies.risk_preservation | State 2 detected at 2016-02-18 00:00:00 - de-risking 60% of 2 position(s).
2026-08-29 04:54:26,255 | INFO    | quant_system.strategies.risk_preservation | State 2 detected at 2016-02-22 00:00:00 - de-risking 60% of 2 position(s).
2026-08-29 04:54:26,257 | INFO    | quant_system.strategies.risk_preservation | State 2 detected at 2016-02-24 00:00:00 - de-risking 60% of 2 position(s).
2026-08-29 04:54:26,261 | INFO    | quant_system.strategies.risk_preservation | State 2 detected at 2016-02-29 00:00:00 - de-risking 60% of 2 position(s).
2026-08-29 04:54:26,263 | INFO    | quant_system.strategies.risk_preservation | State 2 detected at 2016-03-02 00:00:00 - de-risking 60% of 2 position(s).
2026-08-29 04:54:26,266 | INFO    | quant_system.strategies.risk_preservation | State 2 detected at 2016-03-04 00:00:00 - de-risking 60% of 2 position(s).
2026-08-29 04:54:26,270 | INFO    | quant_system.strategies.risk_preservation | State 2 detected at 2016-03-08 00:00:00 - de-risking 60% of 2 position(s).
2026-08-29 04:54:26,273 | INFO    | quant_system.strategies.risk_preservation | State 2 detected at 2016-03-10 00:00:00 - de-risking 60% of 2 position(s).
2026-08-29 04:54:26,277 | INFO    | quant_system.strategies.risk_preservation | State 2 detected at 2016-03-14 00:00:00 - de-risking 60% of 2 position(s).
2026-08-29 04:54:26,280 | INFO    | quant_system.strategies.risk_preservation | State 2 detected at 2016-03-16 00:00:00 - de-risking 60% of 2 position(s).
2026-08-29 04:54:26,284 | INFO    | quant_system.strategies.risk_preservation | State 2 detected at 2016-03-18 00:00:00 - de-risking 60% of 2 position(s).
2026-08-29 04:54:26,287 | INFO    | quant_system.strategies.risk_preservation | State 2 detected at 2016-03-22 00:00:00 - de-risking 60% of 2 position(s).
2026-08-29 04:54:26,290 | INFO    | quant_system.strategies.risk_preservation | State 2 detected at 2016-03-24 00:00:00 - de-risking 60% of 2 position(s).
2026-08-29 04:54:26,294 | INFO    | quant_system.strategies.risk_preservation | State 2 detected at 2016-03-29 00:00:00 - de-risking 60% of 2 position(s).
2026-08-29 04:54:26,297 | INFO    | quant_system.strategies.risk_preservation | State 2 detected at 2016-03-31 00:00:00 - de-risking 60% of 2 position(s).
2026-08-29 04:54:26,301 | INFO    | quant_system.strategies.risk_preservation | State 2 detected at 2016-04-04 00:00:00 - de-risking 60% of 2 position(s).
2026-08-29 04:54:26,304 | INFO    | quant_system.strategies.risk_preservation | State 2 detected at 2016-04-06 00:00:00 - de-risking 60% of 2 position(s).
2026-08-29 04:54:26,308 | INFO    | quant_system.strategies.risk_preservation | State 2 detected at 2016-04-08 00:00:00 - de-risking 60% of 2 position(s).
2026-08-29 04:54:26,311 | INFO    | quant_system.strategies.risk_preservation | State 2 detected at 2016-04-12 00:00:00 - de-risking 60% of 2 position(s).
2026-08-29 04:54:26,314 | INFO    | quant_system.strategies.risk_preservation | State 2 detected at 2016-04-14 00:00:00 - de-risking 60% of 2 position(s).
2026-08-29 04:54:26,318 | INFO    | quant_system.strategies.risk_preservation | State 2 detected at 2016-04-18 00:00:00 - de-risking 60% of 2 position(s).
2026-08-29 04:54:26,326 | INFO    | quant_system.strategies.risk_preservation | State 2 detected at 2016-04-21 00:00:00 - de-risking 60% of 2 position(s).
2026-08-29 04:54:26,329 | INFO    | quant_system.strategies.risk_preservation | State 2 detected at 2016-04-25 00:00:00 - de-risking 60% of 2 position(s).
2026-08-29 04:54:26,334 | INFO    | quant_system.strategies.risk_preservation | State 2 detected at 2016-04-27 00:00:00 - de-risking 60% of 2 position(s).
2026-08-29 04:54:26,338 | INFO    | quant_system.strategies.risk_preservation | State 2 detected at 2016-04-29 00:00:00 - de-risking 60% of 2 position(s).
2026-08-29 04:54:26,365 | INFO    | quant_system.strategies.risk_preservation | State 2 detected at 2016-06-03 00:00:00 - de-risking 60% of 2 position(s).
2026-08-29 04:54:26,372 | INFO    | quant_system.strategies.risk_preservation | State 2 detected at 2016-06-07 00:00:00 - de-risking 60% of 2 position(s).
2026-08-29 04:54:26,603 | INFO    | quant_system.strategies.risk_preservation | State 2 detected at 2016-02-01 00:00:00 - de-risking 60% of 2 position(s).
2026-08-29 04:54:26,608 | INFO    | quant_system.strategies.risk_preservation | State 2 detected at 2016-02-03 00:00:00 - de-risking 60% of 2 position(s).
2026-08-29 04:54:26,612 | INFO    | quant_system.strategies.risk_preservation | State 2 detected at 2016-02-05 00:00:00 - de-risking 60% of 2 position(s).
2026-08-29 04:54:26,615 | INFO    | quant_system.strategies.risk_preservation | State 2 detected at 2016-02-10 00:00:00 - de-risking 60% of 2 position(s).
2026-08-29 04:54:26,618 | INFO    | quant_system.strategies.risk_preservation | State 2 detected at 2016-02-16 00:00:00 - de-risking 60% of 2 position(s).
2026-08-29 04:54:26,619 | INFO    | quant_system.strategies.risk_preservation | State 2 detected at 2016-02-18 00:00:00 - de-risking 60% of 2 position(s).
2026-08-29 04:54:26,622 | INFO    | quant_system.strategies.risk_preservation | State 2 detected at 2016-02-22 00:00:00 - de-risking 60% of 2 position(s).
2026-08-29 04:54:26,624 | INFO    | quant_system.strategies.risk_preservation | State 2 detected at 2016-02-24 00:00:00 - de-risking 60% of 2 position(s).
2026-08-29 04:54:26,627 | INFO    | quant_system.strategies.risk_preservation | State 2 detected at 2016-02-29 00:00:00 - de-risking 60% of 2 position(s).
2026-08-29 04:54:26,630 | INFO    | quant_system.strategies.risk_preservation | State 2 detected at 2016-03-02 00:00:00 - de-risking 60% of 2 position(s).
2026-08-29 04:54:26,633 | INFO    | quant_system.strategies.risk_preservation | State 2 detected at 2016-03-04 00:00:00 - de-risking 60% of 2 position(s).
2026-08-29 04:54:26,636 | INFO    | quant_system.strategies.risk_preservation | State 2 detected at 2016-03-08 00:00:00 - de-risking 60% of 2 position(s).
2026-08-29 04:54:26,640 | INFO    | quant_system.strategies.risk_preservation | State 2 detected at 2016-03-10 00:00:00 - de-risking 60% of 2 position(s).
2026-08-29 04:54:26,643 | INFO    | quant_system.strategies.risk_preservation | State 2 detected at 2016-03-14 00:00:00 - de-risking 60% of 2 position(s).
2026-08-29 04:54:26,646 | INFO    | quant_system.strategies.risk_preservation | State 2 detected at 2016-03-16 00:00:00 - de-risking 60% of 2 position(s).
2026-08-29 04:54:26,650 | INFO    | quant_system.strategies.risk_preservation | State 2 detected at 2016-03-18 00:00:00 - de-risking 60% of 2 position(s).
2026-08-29 04:54:26,653 | INFO    | quant_system.strategies.risk_preservation | State 2 detected at 2016-03-22 00:00:00 - de-risking 60% of 2 position(s).
2026-08-29 04:54:26,656 | INFO    | quant_system.strategies.risk_preservation | State 2 detected at 2016-03-24 00:00:00 - de-risking 60% of 2 position(s).
2026-08-29 04:54:26,660 | INFO    | quant_system.strategies.risk_preservation | State 2 detected at 2016-03-29 00:00:00 - de-risking 60% of 2 position(s).
2026-08-29 04:54:26,663 | INFO    | quant_system.strategies.risk_preservation | State 2 detected at 2016-03-31 00:00:00 - de-risking 60% of 2 position(s).
2026-08-29 04:54:26,666 | INFO    | quant_system.strategies.risk_preservation | State 2 detected at 2016-04-04 00:00:00 - de-risking 60% of 2 position(s).
2026-08-29 04:54:26,670 | INFO    | quant_system.strategies.risk_preservation | State 2 detected at 2016-04-06 00:00:00 - de-risking 60% of 2 position(s).
2026-08-29 04:54:26,673 | INFO    | quant_system.strategies.risk_preservation | State 2 detected at 2016-04-08 00:00:00 - de-risking 60% of 2 position(s).
2026-08-29 04:54:26,676 | INFO    | quant_system.strategies.risk_preservation | State 2 detected at 2016-04-12 00:00:00 - de-risking 60% of 2 position(s).
2026-08-29 04:54:26,680 | INFO    | quant_system.strategies.risk_preservation | State 2 detected at 2016-04-14 00:00:00 - de-risking 60% of 2 position(s).
2026-08-29 04:54:26,683 | INFO    | quant_system.strategies.risk_preservation | State 2 detected at 2016-04-18 00:00:00 - de-risking 60% of 2 position(s).
2026-08-29 04:54:26,690 | INFO    | quant_system.strategies.risk_preservation | State 2 detected at 2016-04-21 00:00:00 - de-risking 60% of 2 position(s).
2026-08-29 04:54:26,692 | INFO    | quant_system.strategies.risk_preservation | State 2 detected at 2016-04-25 00:00:00 - de-risking 60% of 2 position(s).
2026-08-29 04:54:26,696 | INFO    | quant_system.strategies.risk_preservation | State 2 detected at 2016-04-27 00:00:00 - de-risking 60% of 2 position(s).
2026-08-29 04:54:26,700 | INFO    | quant_system.strategies.risk_preservation | State 2 detected at 2016-04-29 00:00:00 - de-risking 60% of 2 position(s).
2026-08-29 04:54:26,727 | INFO    | quant_system.strategies.risk_preservation | State 2 detected at 2016-06-03 00:00:00 - de-risking 60% of 2 position(s).
2026-08-29 04:54:26,729 | INFO    | quant_system.strategies.risk_preservation | State 2 detected at 2016-06-07 00:00:00 - de-risking 60% of 2 position(s).
2026-08-29 04:54:26,959 | INFO    | quant_system.strategies.risk_preservation | State 2 detected at 2016-02-01 00:00:00 - de-risking 60% of 2 position(s).
2026-08-29 04:54:26,963 | INFO    | quant_system.strategies.risk_preservation | State 2 detected at 2016-02-03 00:00:00 - de-risking 60% of 2 position(s).
2026-08-29 04:54:26,967 | INFO    | quant_system.strategies.risk_preservation | State 2 detected at 2016-02-05 00:00:00 - de-risking 60% of 2 position(s).
2026-08-29 04:54:26,971 | INFO    | quant_system.strategies.risk_preservation | State 2 detected at 2016-02-10 00:00:00 - de-risking 60% of 2 position(s).
2026-08-29 04:54:26,974 | INFO    | quant_system.strategies.risk_preservation | State 2 detected at 2016-02-16 00:00:00 - de-risking 60% of 2 position(s).
2026-08-29 04:54:26,975 | INFO    | quant_system.strategies.risk_preservation | State 2 detected at 2016-02-18 00:00:00 - de-risking 60% of 2 position(s).
2026-08-29 04:54:26,977 | INFO    | quant_system.strategies.risk_preservation | State 2 detected at 2016-02-22 00:00:00 - de-risking 60% of 2 position(s).
2026-08-29 04:54:26,980 | INFO    | quant_system.strategies.risk_preservation | State 2 detected at 2016-02-24 00:00:00 - de-risking 60% of 2 position(s).
2026-08-29 04:54:26,983 | INFO    | quant_system.strategies.risk_preservation | State 2 detected at 2016-02-29 00:00:00 - de-risking 60% of 2 position(s).
2026-08-29 04:54:26,986 | INFO    | quant_system.strategies.risk_preservation | State 2 detected at 2016-03-02 00:00:00 - de-risking 60% of 2 position(s).
2026-08-29 04:54:26,989 | INFO    | quant_system.strategies.risk_preservation | State 2 detected at 2016-03-04 00:00:00 - de-risking 60% of 2 position(s).
2026-08-29 04:54:26,992 | INFO    | quant_system.strategies.risk_preservation | State 2 detected at 2016-03-08 00:00:00 - de-risking 60% of 2 position(s).
2026-08-29 04:54:26,995 | INFO    | quant_system.strategies.risk_preservation | State 2 detected at 2016-03-10 00:00:00 - de-risking 60% of 2 position(s).
2026-08-29 04:54:26,999 | INFO    | quant_system.strategies.risk_preservation | State 2 detected at 2016-03-14 00:00:00 - de-risking 60% of 2 position(s).
2026-08-29 04:54:27,002 | INFO    | quant_system.strategies.risk_preservation | State 2 detected at 2016-03-16 00:00:00 - de-risking 60% of 2 position(s).
2026-08-29 04:54:27,006 | INFO    | quant_system.strategies.risk_preservation | State 2 detected at 2016-03-18 00:00:00 - de-risking 60% of 2 position(s).
2026-08-29 04:54:27,009 | INFO    | quant_system.strategies.risk_preservation | State 2 detected at 2016-03-22 00:00:00 - de-risking 60% of 2 position(s).
2026-08-29 04:54:27,012 | INFO    | quant_system.strategies.risk_preservation | State 2 detected at 2016-03-24 00:00:00 - de-risking 60% of 2 position(s).
2026-08-29 04:54:27,016 | INFO    | quant_system.strategies.risk_preservation | State 2 detected at 2016-03-29 00:00:00 - de-risking 60% of 2 position(s).
2026-08-29 04:54:27,019 | INFO    | quant_system.strategies.risk_preservation | State 2 detected at 2016-03-31 00:00:00 - de-risking 60% of 2 position(s).
2026-08-29 04:54:27,023 | INFO    | quant_system.strategies.risk_preservation | State 2 detected at 2016-04-04 00:00:00 - de-risking 60% of 2 position(s).
2026-08-29 04:54:27,026 | INFO    | quant_system.strategies.risk_preservation | State 2 detected at 2016-04-06 00:00:00 - de-risking 60% of 2 position(s).
2026-08-29 04:54:27,029 | INFO    | quant_system.strategies.risk_preservation | State 2 detected at 2016-04-08 00:00:00 - de-risking 60% of 2 position(s).
2026-08-29 04:54:27,033 | INFO    | quant_system.strategies.risk_preservation | State 2 detected at 2016-04-12 00:00:00 - de-risking 60% of 2 position(s).
2026-08-29 04:54:27,036 | INFO    | quant_system.strategies.risk_preservation | State 2 detected at 2016-04-14 00:00:00 - de-risking 60% of 2 position(s).
2026-08-29 04:54:27,040 | INFO    | quant_system.strategies.risk_preservation | State 2 detected at 2016-04-18 00:00:00 - de-risking 60% of 2 position(s).
2026-08-29 04:54:27,047 | INFO    | quant_system.strategies.risk_preservation | State 2 detected at 2016-04-21 00:00:00 - de-risking 60% of 2 position(s).
2026-08-29 04:54:27,048 | INFO    | quant_system.strategies.risk_preservation | State 2 detected at 2016-04-25 00:00:00 - de-risking 60% of 2 position(s).
2026-08-29 04:54:27,053 | INFO    | quant_system.strategies.risk_preservation | State 2 detected at 2016-04-27 00:00:00 - de-risking 60% of 2 position(s).
2026-08-29 04:54:27,057 | INFO    | quant_system.strategies.risk_preservation | State 2 detected at 2016-04-29 00:00:00 - de-risking 60% of 2 position(s).
2026-08-29 04:54:27,084 | INFO    | quant_system.strategies.risk_preservation | State 2 detected at 2016-06-03 00:00:00 - de-risking 60% of 2 position(s).
2026-08-29 04:54:27,085 | INFO    | quant_system.strategies.risk_preservation | State 2 detected at 2016-06-07 00:00:00 - de-risking 60% of 2 position(s).
2026-08-29 04:54:27,314 | INFO    | quant_system.strategies.risk_preservation | State 2 detected at 2016-02-01 00:00:00 - de-risking 60% of 2 position(s).
2026-08-29 04:54:27,319 | INFO    | quant_system.strategies.risk_preservation | State 2 detected at 2016-02-03 00:00:00 - de-risking 60% of 2 position(s).
2026-08-29 04:54:27,323 | INFO    | quant_system.strategies.risk_preservation | State 2 detected at 2016-02-05 00:00:00 - de-risking 60% of 2 position(s).
2026-08-29 04:54:27,326 | INFO    | quant_system.strategies.risk_preservation | State 2 detected at 2016-02-10 00:00:00 - de-risking 60% of 2 position(s).
2026-08-29 04:54:27,329 | INFO    | quant_system.strategies.risk_preservation | State 2 detected at 2016-02-16 00:00:00 - de-risking 60% of 2 position(s).
2026-08-29 04:54:27,330 | INFO    | quant_system.strategies.risk_preservation | State 2 detected at 2016-02-18 00:00:00 - de-risking 60% of 2 position(s).
2026-08-29 04:54:27,333 | INFO    | quant_system.strategies.risk_preservation | State 2 detected at 2016-02-22 00:00:00 - de-risking 60% of 2 position(s).
2026-08-29 04:54:27,335 | INFO    | quant_system.strategies.risk_preservation | State 2 detected at 2016-02-24 00:00:00 - de-risking 60% of 2 position(s).
2026-08-29 04:54:27,339 | INFO    | quant_system.strategies.risk_preservation | State 2 detected at 2016-02-29 00:00:00 - de-risking 60% of 2 position(s).
2026-08-29 04:54:27,341 | INFO    | quant_system.strategies.risk_preservation | State 2 detected at 2016-03-02 00:00:00 - de-risking 60% of 2 position(s).
2026-08-29 04:54:27,344 | INFO    | quant_system.strategies.risk_preservation | State 2 detected at 2016-03-04 00:00:00 - de-risking 60% of 2 position(s).
2026-08-29 04:54:27,347 | INFO    | quant_system.strategies.risk_preservation | State 2 detected at 2016-03-08 00:00:00 - de-risking 60% of 2 position(s).
2026-08-29 04:54:27,351 | INFO    | quant_system.strategies.risk_preservation | State 2 detected at 2016-03-10 00:00:00 - de-risking 60% of 2 position(s).
2026-08-29 04:54:27,354 | INFO    | quant_system.strategies.risk_preservation | State 2 detected at 2016-03-14 00:00:00 - de-risking 60% of 2 position(s).
2026-08-29 04:54:27,357 | INFO    | quant_system.strategies.risk_preservation | State 2 detected at 2016-03-16 00:00:00 - de-risking 60% of 2 position(s).
2026-08-29 04:54:27,361 | INFO    | quant_system.strategies.risk_preservation | State 2 detected at 2016-03-18 00:00:00 - de-risking 60% of 2 position(s).
2026-08-29 04:54:27,364 | INFO    | quant_system.strategies.risk_preservation | State 2 detected at 2016-03-22 00:00:00 - de-risking 60% of 2 position(s).
2026-08-29 04:54:27,367 | INFO    | quant_system.strategies.risk_preservation | State 2 detected at 2016-03-24 00:00:00 - de-risking 60% of 2 position(s).
2026-08-29 04:54:27,371 | INFO    | quant_system.strategies.risk_preservation | State 2 detected at 2016-03-29 00:00:00 - de-risking 60% of 2 position(s).
2026-08-29 04:54:27,374 | INFO    | quant_system.strategies.risk_preservation | State 2 detected at 2016-03-31 00:00:00 - de-risking 60% of 2 position(s).
2026-08-29 04:54:27,378 | INFO    | quant_system.strategies.risk_preservation | State 2 detected at 2016-04-04 00:00:00 - de-risking 60% of 2 position(s).
2026-08-29 04:54:27,381 | INFO    | quant_system.strategies.risk_preservation | State 2 detected at 2016-04-06 00:00:00 - de-risking 60% of 2 position(s).
2026-08-29 04:54:27,384 | INFO    | quant_system.strategies.risk_preservation | State 2 detected at 2016-04-08 00:00:00 - de-risking 60% of 2 position(s).
2026-08-29 04:54:27,388 | INFO    | quant_system.strategies.risk_preservation | State 2 detected at 2016-04-12 00:00:00 - de-risking 60% of 2 position(s).
2026-08-29 04:54:27,391 | INFO    | quant_system.strategies.risk_preservation | State 2 detected at 2016-04-14 00:00:00 - de-risking 60% of 2 position(s).
2026-08-29 04:54:27,395 | INFO    | quant_system.strategies.risk_preservation | State 2 detected at 2016-04-18 00:00:00 - de-risking 60% of 2 position(s).
2026-08-29 04:54:27,402 | INFO    | quant_system.strategies.risk_preservation | State 2 detected at 2016-04-21 00:00:00 - de-risking 60% of 2 position(s).
2026-08-29 04:54:27,403 | INFO    | quant_system.strategies.risk_preservation | State 2 detected at 2016-04-25 00:00:00 - de-risking 60% of 2 position(s).
2026-08-29 04:54:27,408 | INFO    | quant_system.strategies.risk_preservation | State 2 detected at 2016-04-27 00:00:00 - de-risking 60% of 2 position(s).
2026-08-29 04:54:27,412 | INFO    | quant_system.strategies.risk_preservation | State 2 detected at 2016-04-29 00:00:00 - de-risking 60% of 2 position(s).
2026-08-29 04:54:27,438 | INFO    | quant_system.strategies.risk_preservation | State 2 detected at 2016-06-03 00:00:00 - de-risking 60% of 2 position(s).
2026-08-29 04:54:27,440 | INFO    | quant_system.strategies.risk_preservation | State 2 detected at 2016-06-07 00:00:00 - de-risking 60% of 2 position(s).
2026-08-29 04:54:27,672 | INFO    | quant_system.strategies.risk_preservation | State 2 detected at 2016-02-01 00:00:00 - de-risking 60% of 2 position(s).
2026-08-29 04:54:27,677 | INFO    | quant_system.strategies.risk_preservation | State 2 detected at 2016-02-03 00:00:00 - de-risking 60% of 2 position(s).
2026-08-29 04:54:27,681 | INFO    | quant_system.strategies.risk_preservation | State 2 detected at 2016-02-05 00:00:00 - de-risking 60% of 2 position(s).
2026-08-29 04:54:27,684 | INFO    | quant_system.strategies.risk_preservation | State 2 detected at 2016-02-10 00:00:00 - de-risking 60% of 2 position(s).
2026-08-29 04:54:27,687 | INFO    | quant_system.strategies.risk_preservation | State 2 detected at 2016-02-16 00:00:00 - de-risking 60% of 2 position(s).
2026-08-29 04:54:27,688 | INFO    | quant_system.strategies.risk_preservation | State 2 detected at 2016-02-18 00:00:00 - de-risking 60% of 2 position(s).
2026-08-29 04:54:27,691 | INFO    | quant_system.strategies.risk_preservation | State 2 detected at 2016-02-22 00:00:00 - de-risking 60% of 2 position(s).
2026-08-29 04:54:27,693 | INFO    | quant_system.strategies.risk_preservation | State 2 detected at 2016-02-24 00:00:00 - de-risking 60% of 2 position(s).
2026-08-29 04:54:27,696 | INFO    | quant_system.strategies.risk_preservation | State 2 detected at 2016-02-29 00:00:00 - de-risking 60% of 2 position(s).
2026-08-29 04:54:27,699 | INFO    | quant_system.strategies.risk_preservation | State 2 detected at 2016-03-02 00:00:00 - de-risking 60% of 2 position(s).
2026-08-29 04:54:27,702 | INFO    | quant_system.strategies.risk_preservation | State 2 detected at 2016-03-04 00:00:00 - de-risking 60% of 2 position(s).
2026-08-29 04:54:27,705 | INFO    | quant_system.strategies.risk_preservation | State 2 detected at 2016-03-08 00:00:00 - de-risking 60% of 2 position(s).
2026-08-29 04:54:27,709 | INFO    | quant_system.strategies.risk_preservation | State 2 detected at 2016-03-10 00:00:00 - de-risking 60% of 2 position(s).
2026-08-29 04:54:27,712 | INFO    | quant_system.strategies.risk_preservation | State 2 detected at 2016-03-14 00:00:00 - de-risking 60% of 2 position(s).
2026-08-29 04:54:27,715 | INFO    | quant_system.strategies.risk_preservation | State 2 detected at 2016-03-16 00:00:00 - de-risking 60% of 2 position(s).
2026-08-29 04:54:27,719 | INFO    | quant_system.strategies.risk_preservation | State 2 detected at 2016-03-18 00:00:00 - de-risking 60% of 2 position(s).
2026-08-29 04:54:27,722 | INFO    | quant_system.strategies.risk_preservation | State 2 detected at 2016-03-22 00:00:00 - de-risking 60% of 2 position(s).
2026-08-29 04:54:27,725 | INFO    | quant_system.strategies.risk_preservation | State 2 detected at 2016-03-24 00:00:00 - de-risking 60% of 2 position(s).
2026-08-29 04:54:27,728 | INFO    | quant_system.strategies.risk_preservation | State 2 detected at 2016-03-29 00:00:00 - de-risking 60% of 2 position(s).
2026-08-29 04:54:27,732 | INFO    | quant_system.strategies.risk_preservation | State 2 detected at 2016-03-31 00:00:00 - de-risking 60% of 2 position(s).
2026-08-29 04:54:27,735 | INFO    | quant_system.strategies.risk_preservation | State 2 detected at 2016-04-04 00:00:00 - de-risking 60% of 2 position(s).
2026-08-29 04:54:27,739 | INFO    | quant_system.strategies.risk_preservation | State 2 detected at 2016-04-06 00:00:00 - de-risking 60% of 2 position(s).
2026-08-29 04:54:27,742 | INFO    | quant_system.strategies.risk_preservation | State 2 detected at 2016-04-08 00:00:00 - de-risking 60% of 2 position(s).
2026-08-29 04:54:27,745 | INFO    | quant_system.strategies.risk_preservation | State 2 detected at 2016-04-12 00:00:00 - de-risking 60% of 2 position(s).
2026-08-29 04:54:27,749 | INFO    | quant_system.strategies.risk_preservation | State 2 detected at 2016-04-14 00:00:00 - de-risking 60% of 2 position(s).
2026-08-29 04:54:27,752 | INFO    | quant_system.strategies.risk_preservation | State 2 detected at 2016-04-18 00:00:00 - de-risking 60% of 2 position(s).
2026-08-29 04:54:27,759 | INFO    | quant_system.strategies.risk_preservation | State 2 detected at 2016-04-21 00:00:00 - de-risking 60% of 2 position(s).
2026-08-29 04:54:27,761 | INFO    | quant_system.strategies.risk_preservation | State 2 detected at 2016-04-25 00:00:00 - de-risking 60% of 2 position(s).
2026-08-29 04:54:27,765 | INFO    | quant_system.strategies.risk_preservation | State 2 detected at 2016-04-27 00:00:00 - de-risking 60% of 2 position(s).
2026-08-29 04:54:27,769 | INFO    | quant_system.strategies.risk_preservation | State 2 detected at 2016-04-29 00:00:00 - de-risking 60% of 2 position(s).
2026-08-29 04:54:27,795 | INFO    | quant_system.strategies.risk_preservation | State 2 detected at 2016-06-03 00:00:00 - de-risking 60% of 2 position(s).
2026-08-29 04:54:27,797 | INFO    | quant_system.strategies.risk_preservation | State 2 detected at 2016-06-07 00:00:00 - de-risking 60% of 2 position(s).
2026-08-29 04:54:28,410 | INFO    | quant_system.strategies.risk_preservation | State 2 detected at 2016-02-01 00:00:00 - de-risking 60% of 2 position(s).
2026-08-29 04:54:28,414 | INFO    | quant_system.strategies.risk_preservation | State 2 detected at 2016-02-03 00:00:00 - de-risking 60% of 2 position(s).
2026-08-29 04:54:28,418 | INFO    | quant_system.strategies.risk_preservation | State 2 detected at 2016-02-05 00:00:00 - de-risking 60% of 2 position(s).
2026-08-29 04:54:28,421 | INFO    | quant_system.strategies.risk_preservation | State 2 detected at 2016-02-10 00:00:00 - de-risking 60% of 2 position(s).
2026-08-29 04:54:28,424 | INFO    | quant_system.strategies.risk_preservation | State 2 detected at 2016-02-16 00:00:00 - de-risking 60% of 2 position(s).
2026-08-29 04:54:28,425 | INFO    | quant_system.strategies.risk_preservation | State 2 detected at 2016-02-18 00:00:00 - de-risking 60% of 2 position(s).
2026-08-29 04:54:28,428 | INFO    | quant_system.strategies.risk_preservation | State 2 detected at 2016-02-22 00:00:00 - de-risking 60% of 2 position(s).
2026-08-29 04:54:28,431 | INFO    | quant_system.strategies.risk_preservation | State 2 detected at 2016-02-24 00:00:00 - de-risking 60% of 2 position(s).
2026-08-29 04:54:28,434 | INFO    | quant_system.strategies.risk_preservation | State 2 detected at 2016-02-29 00:00:00 - de-risking 60% of 2 position(s).
2026-08-29 04:54:28,436 | INFO    | quant_system.strategies.risk_preservation | State 2 detected at 2016-03-02 00:00:00 - de-risking 60% of 2 position(s).
2026-08-29 04:54:28,439 | INFO    | quant_system.strategies.risk_preservation | State 2 detected at 2016-03-04 00:00:00 - de-risking 60% of 2 position(s).
2026-08-29 04:54:28,442 | INFO    | quant_system.strategies.risk_preservation | State 2 detected at 2016-03-08 00:00:00 - de-risking 60% of 2 position(s).
2026-08-29 04:54:28,446 | INFO    | quant_system.strategies.risk_preservation | State 2 detected at 2016-03-10 00:00:00 - de-risking 60% of 2 position(s).
2026-08-29 04:54:28,449 | INFO    | quant_system.strategies.risk_preservation | State 2 detected at 2016-03-14 00:00:00 - de-risking 60% of 2 position(s).
2026-08-29 04:54:28,452 | INFO    | quant_system.strategies.risk_preservation | State 2 detected at 2016-03-16 00:00:00 - de-risking 60% of 2 position(s).
2026-08-29 04:54:28,456 | INFO    | quant_system.strategies.risk_preservation | State 2 detected at 2016-03-18 00:00:00 - de-risking 60% of 2 position(s).
2026-08-29 04:54:28,459 | INFO    | quant_system.strategies.risk_preservation | State 2 detected at 2016-03-22 00:00:00 - de-risking 60% of 2 position(s).
2026-08-29 04:54:28,462 | INFO    | quant_system.strategies.risk_preservation | State 2 detected at 2016-03-24 00:00:00 - de-risking 60% of 2 position(s).
2026-08-29 04:54:28,466 | INFO    | quant_system.strategies.risk_preservation | State 2 detected at 2016-03-29 00:00:00 - de-risking 60% of 2 position(s).
2026-08-29 04:54:28,469 | INFO    | quant_system.strategies.risk_preservation | State 2 detected at 2016-03-31 00:00:00 - de-risking 60% of 2 position(s).
2026-08-29 04:54:28,472 | INFO    | quant_system.strategies.risk_preservation | State 2 detected at 2016-04-04 00:00:00 - de-risking 60% of 2 position(s).
2026-08-29 04:54:28,476 | INFO    | quant_system.strategies.risk_preservation | State 2 detected at 2016-04-06 00:00:00 - de-risking 60% of 2 position(s).
2026-08-29 04:54:28,479 | INFO    | quant_system.strategies.risk_preservation | State 2 detected at 2016-04-08 00:00:00 - de-risking 60% of 2 position(s).
2026-08-29 04:54:28,482 | INFO    | quant_system.strategies.risk_preservation | State 2 detected at 2016-04-12 00:00:00 - de-risking 60% of 2 position(s).
2026-08-29 04:54:28,486 | INFO    | quant_system.strategies.risk_preservation | State 2 detected at 2016-04-14 00:00:00 - de-risking 60% of 2 position(s).
2026-08-29 04:54:28,489 | INFO    | quant_system.strategies.risk_preservation | State 2 detected at 2016-04-18 00:00:00 - de-risking 60% of 2 position(s).
2026-08-29 04:54:28,496 | INFO    | quant_system.strategies.risk_preservation | State 2 detected at 2016-04-21 00:00:00 - de-risking 60% of 2 position(s).
2026-08-29 04:54:28,498 | INFO    | quant_system.strategies.risk_preservation | State 2 detected at 2016-04-25 00:00:00 - de-risking 60% of 2 position(s).
2026-08-29 04:54:28,502 | INFO    | quant_system.strategies.risk_preservation | State 2 detected at 2016-04-27 00:00:00 - de-risking 60% of 2 position(s).
2026-08-29 04:54:28,506 | INFO    | quant_system.strategies.risk_preservation | State 2 detected at 2016-04-29 00:00:00 - de-risking 60% of 2 position(s).
2026-08-29 04:54:28,533 | INFO    | quant_system.strategies.risk_preservation | State 2 detected at 2016-06-03 00:00:00 - de-risking 60% of 2 position(s).
2026-08-29 04:54:28,539 | INFO    | quant_system.strategies.risk_preservation | State 2 detected at 2016-06-07 00:00:00 - de-risking 60% of 2 position(s).
2026-08-29 04:54:28,779 | INFO    | quant_system.strategies.risk_preservation | State 2 detected at 2016-02-01 00:00:00 - de-risking 60% of 2 position(s).
2026-08-29 04:54:28,784 | INFO    | quant_system.strategies.risk_preservation | State 2 detected at 2016-02-03 00:00:00 - de-risking 60% of 2 position(s).
2026-08-29 04:54:28,788 | INFO    | quant_system.strategies.risk_preservation | State 2 detected at 2016-02-05 00:00:00 - de-risking 60% of 2 position(s).
2026-08-29 04:54:28,791 | INFO    | quant_system.strategies.risk_preservation | State 2 detected at 2016-02-10 00:00:00 - de-risking 60% of 2 position(s).
2026-08-29 04:54:28,794 | INFO    | quant_system.strategies.risk_preservation | State 2 detected at 2016-02-16 00:00:00 - de-risking 60% of 2 position(s).
2026-08-29 04:54:28,795 | INFO    | quant_system.strategies.risk_preservation | State 2 detected at 2016-02-18 00:00:00 - de-risking 60% of 2 position(s).
2026-08-29 04:54:28,798 | INFO    | quant_system.strategies.risk_preservation | State 2 detected at 2016-02-22 00:00:00 - de-risking 60% of 2 position(s).
2026-08-29 04:54:28,800 | INFO    | quant_system.strategies.risk_preservation | State 2 detected at 2016-02-24 00:00:00 - de-risking 60% of 2 position(s).
2026-08-29 04:54:28,803 | INFO    | quant_system.strategies.risk_preservation | State 2 detected at 2016-02-29 00:00:00 - de-risking 60% of 2 position(s).
2026-08-29 04:54:28,806 | INFO    | quant_system.strategies.risk_preservation | State 2 detected at 2016-03-02 00:00:00 - de-risking 60% of 2 position(s).
2026-08-29 04:54:28,809 | INFO    | quant_system.strategies.risk_preservation | State 2 detected at 2016-03-04 00:00:00 - de-risking 60% of 2 position(s).
2026-08-29 04:54:28,812 | INFO    | quant_system.strategies.risk_preservation | State 2 detected at 2016-03-08 00:00:00 - de-risking 60% of 2 position(s).
2026-08-29 04:54:28,816 | INFO    | quant_system.strategies.risk_preservation | State 2 detected at 2016-03-10 00:00:00 - de-risking 60% of 2 position(s).
2026-08-29 04:54:28,819 | INFO    | quant_system.strategies.risk_preservation | State 2 detected at 2016-03-14 00:00:00 - de-risking 60% of 2 position(s).
2026-08-29 04:54:28,822 | INFO    | quant_system.strategies.risk_preservation | State 2 detected at 2016-03-16 00:00:00 - de-risking 60% of 2 position(s).
2026-08-29 04:54:28,826 | INFO    | quant_system.strategies.risk_preservation | State 2 detected at 2016-03-18 00:00:00 - de-risking 60% of 2 position(s).
2026-08-29 04:54:28,829 | INFO    | quant_system.strategies.risk_preservation | State 2 detected at 2016-03-22 00:00:00 - de-risking 60% of 2 position(s).
2026-08-29 04:54:28,832 | INFO    | quant_system.strategies.risk_preservation | State 2 detected at 2016-03-24 00:00:00 - de-risking 60% of 2 position(s).
2026-08-29 04:54:28,836 | INFO    | quant_system.strategies.risk_preservation | State 2 detected at 2016-03-29 00:00:00 - de-risking 60% of 2 position(s).
2026-08-29 04:54:28,839 | INFO    | quant_system.strategies.risk_preservation | State 2 detected at 2016-03-31 00:00:00 - de-risking 60% of 2 position(s).
2026-08-29 04:54:28,842 | INFO    | quant_system.strategies.risk_preservation | State 2 detected at 2016-04-04 00:00:00 - de-risking 60% of 2 position(s).
2026-08-29 04:54:28,846 | INFO    | quant_system.strategies.risk_preservation | State 2 detected at 2016-04-06 00:00:00 - de-risking 60% of 2 position(s).
2026-08-29 04:54:28,849 | INFO    | quant_system.strategies.risk_preservation | State 2 detected at 2016-04-08 00:00:00 - de-risking 60% of 2 position(s).
2026-08-29 04:54:28,853 | INFO    | quant_system.strategies.risk_preservation | State 2 detected at 2016-04-12 00:00:00 - de-risking 60% of 2 position(s).
2026-08-29 04:54:28,856 | INFO    | quant_system.strategies.risk_preservation | State 2 detected at 2016-04-14 00:00:00 - de-risking 60% of 2 position(s).
2026-08-29 04:54:28,859 | INFO    | quant_system.strategies.risk_preservation | State 2 detected at 2016-04-18 00:00:00 - de-risking 60% of 2 position(s).
2026-08-29 04:54:28,866 | INFO    | quant_system.strategies.risk_preservation | State 2 detected at 2016-04-21 00:00:00 - de-risking 60% of 2 position(s).
2026-08-29 04:54:28,868 | INFO    | quant_system.strategies.risk_preservation | State 2 detected at 2016-04-25 00:00:00 - de-risking 60% of 2 position(s).
2026-08-29 04:54:28,872 | INFO    | quant_system.strategies.risk_preservation | State 2 detected at 2016-04-27 00:00:00 - de-risking 60% of 2 position(s).
2026-08-29 04:54:28,877 | INFO    | quant_system.strategies.risk_preservation | State 2 detected at 2016-04-29 00:00:00 - de-risking 60% of 2 position(s).
2026-08-29 04:54:28,903 | INFO    | quant_system.strategies.risk_preservation | State 2 detected at 2016-06-03 00:00:00 - de-risking 60% of 2 position(s).
2026-08-29 04:54:28,905 | INFO    | quant_system.strategies.risk_preservation | State 2 detected at 2016-06-07 00:00:00 - de-risking 60% of 2 position(s).
2026-08-29 04:54:29,139 | INFO    | quant_system.strategies.risk_preservation | State 2 detected at 2016-02-01 00:00:00 - de-risking 60% of 2 position(s).
2026-08-29 04:54:29,144 | INFO    | quant_system.strategies.risk_preservation | State 2 detected at 2016-02-03 00:00:00 - de-risking 60% of 2 position(s).
2026-08-29 04:54:29,148 | INFO    | quant_system.strategies.risk_preservation | State 2 detected at 2016-02-05 00:00:00 - de-risking 60% of 2 position(s).
2026-08-29 04:54:29,151 | INFO    | quant_system.strategies.risk_preservation | State 2 detected at 2016-02-10 00:00:00 - de-risking 60% of 2 position(s).
2026-08-29 04:54:29,154 | INFO    | quant_system.strategies.risk_preservation | State 2 detected at 2016-02-16 00:00:00 - de-risking 60% of 2 position(s).
2026-08-29 04:54:29,155 | INFO    | quant_system.strategies.risk_preservation | State 2 detected at 2016-02-18 00:00:00 - de-risking 60% of 2 position(s).
2026-08-29 04:54:29,158 | INFO    | quant_system.strategies.risk_preservation | State 2 detected at 2016-02-22 00:00:00 - de-risking 60% of 2 position(s).
2026-08-29 04:54:29,161 | INFO    | quant_system.strategies.risk_preservation | State 2 detected at 2016-02-24 00:00:00 - de-risking 60% of 2 position(s).
2026-08-29 04:54:29,164 | INFO    | quant_system.strategies.risk_preservation | State 2 detected at 2016-02-29 00:00:00 - de-risking 60% of 2 position(s).
2026-08-29 04:54:29,166 | INFO    | quant_system.strategies.risk_preservation | State 2 detected at 2016-03-02 00:00:00 - de-risking 60% of 2 position(s).
2026-08-29 04:54:29,169 | INFO    | quant_system.strategies.risk_preservation | State 2 detected at 2016-03-04 00:00:00 - de-risking 60% of 2 position(s).
2026-08-29 04:54:29,173 | INFO    | quant_system.strategies.risk_preservation | State 2 detected at 2016-03-08 00:00:00 - de-risking 60% of 2 position(s).
2026-08-29 04:54:29,176 | INFO    | quant_system.strategies.risk_preservation | State 2 detected at 2016-03-10 00:00:00 - de-risking 60% of 2 position(s).
2026-08-29 04:54:29,179 | INFO    | quant_system.strategies.risk_preservation | State 2 detected at 2016-03-14 00:00:00 - de-risking 60% of 2 position(s).
2026-08-29 04:54:29,183 | INFO    | quant_system.strategies.risk_preservation | State 2 detected at 2016-03-16 00:00:00 - de-risking 60% of 2 position(s).
2026-08-29 04:54:29,187 | INFO    | quant_system.strategies.risk_preservation | State 2 detected at 2016-03-18 00:00:00 - de-risking 60% of 2 position(s).
2026-08-29 04:54:29,190 | INFO    | quant_system.strategies.risk_preservation | State 2 detected at 2016-03-22 00:00:00 - de-risking 60% of 2 position(s).
2026-08-29 04:54:29,194 | INFO    | quant_system.strategies.risk_preservation | State 2 detected at 2016-03-24 00:00:00 - de-risking 60% of 2 position(s).
2026-08-29 04:54:29,197 | INFO    | quant_system.strategies.risk_preservation | State 2 detected at 2016-03-29 00:00:00 - de-risking 60% of 2 position(s).
2026-08-29 04:54:29,201 | INFO    | quant_system.strategies.risk_preservation | State 2 detected at 2016-03-31 00:00:00 - de-risking 60% of 2 position(s).
2026-08-29 04:54:29,204 | INFO    | quant_system.strategies.risk_preservation | State 2 detected at 2016-04-04 00:00:00 - de-risking 60% of 2 position(s).
2026-08-29 04:54:29,208 | INFO    | quant_system.strategies.risk_preservation | State 2 detected at 2016-04-06 00:00:00 - de-risking 60% of 2 position(s).
2026-08-29 04:54:29,211 | INFO    | quant_system.strategies.risk_preservation | State 2 detected at 2016-04-08 00:00:00 - de-risking 60% of 2 position(s).
2026-08-29 04:54:29,215 | INFO    | quant_system.strategies.risk_preservation | State 2 detected at 2016-04-12 00:00:00 - de-risking 60% of 2 position(s).
2026-08-29 04:54:29,218 | INFO    | quant_system.strategies.risk_preservation | State 2 detected at 2016-04-14 00:00:00 - de-risking 60% of 2 position(s).
2026-08-29 04:54:29,222 | INFO    | quant_system.strategies.risk_preservation | State 2 detected at 2016-04-18 00:00:00 - de-risking 60% of 2 position(s).
2026-08-29 04:54:29,229 | INFO    | quant_system.strategies.risk_preservation | State 2 detected at 2016-04-21 00:00:00 - de-risking 60% of 2 position(s).
2026-08-29 04:54:29,231 | INFO    | quant_system.strategies.risk_preservation | State 2 detected at 2016-04-25 00:00:00 - de-risking 60% of 2 position(s).
2026-08-29 04:54:29,235 | INFO    | quant_system.strategies.risk_preservation | State 2 detected at 2016-04-27 00:00:00 - de-risking 60% of 2 position(s).
2026-08-29 04:54:29,240 | INFO    | quant_system.strategies.risk_preservation | State 2 detected at 2016-04-29 00:00:00 - de-risking 60% of 2 position(s).
2026-08-29 04:54:29,267 | INFO    | quant_system.strategies.risk_preservation | State 2 detected at 2016-06-03 00:00:00 - de-risking 60% of 2 position(s).
2026-08-29 04:54:29,269 | INFO    | quant_system.strategies.risk_preservation | State 2 detected at 2016-06-07 00:00:00 - de-risking 60% of 2 position(s).
2026-08-29 04:54:29,503 | INFO    | quant_system.strategies.risk_preservation | State 2 detected at 2016-02-01 00:00:00 - de-risking 60% of 2 position(s).
2026-08-29 04:54:29,507 | INFO    | quant_system.strategies.risk_preservation | State 2 detected at 2016-02-03 00:00:00 - de-risking 60% of 2 position(s).
2026-08-29 04:54:29,511 | INFO    | quant_system.strategies.risk_preservation | State 2 detected at 2016-02-05 00:00:00 - de-risking 60% of 2 position(s).
2026-08-29 04:54:29,514 | INFO    | quant_system.strategies.risk_preservation | State 2 detected at 2016-02-10 00:00:00 - de-risking 60% of 2 position(s).
2026-08-29 04:54:29,517 | INFO    | quant_system.strategies.risk_preservation | State 2 detected at 2016-02-16 00:00:00 - de-risking 60% of 2 position(s).
2026-08-29 04:54:29,519 | INFO    | quant_system.strategies.risk_preservation | State 2 detected at 2016-02-18 00:00:00 - de-risking 60% of 2 position(s).
2026-08-29 04:54:29,521 | INFO    | quant_system.strategies.risk_preservation | State 2 detected at 2016-02-22 00:00:00 - de-risking 60% of 2 position(s).
2026-08-29 04:54:29,524 | INFO    | quant_system.strategies.risk_preservation | State 2 detected at 2016-02-24 00:00:00 - de-risking 60% of 2 position(s).
2026-08-29 04:54:29,527 | INFO    | quant_system.strategies.risk_preservation | State 2 detected at 2016-02-29 00:00:00 - de-risking 60% of 2 position(s).
2026-08-29 04:54:29,530 | INFO    | quant_system.strategies.risk_preservation | State 2 detected at 2016-03-02 00:00:00 - de-risking 60% of 2 position(s).
2026-08-29 04:54:29,533 | INFO    | quant_system.strategies.risk_preservation | State 2 detected at 2016-03-04 00:00:00 - de-risking 60% of 2 position(s).
2026-08-29 04:54:29,536 | INFO    | quant_system.strategies.risk_preservation | State 2 detected at 2016-03-08 00:00:00 - de-risking 60% of 2 position(s).
2026-08-29 04:54:29,539 | INFO    | quant_system.strategies.risk_preservation | State 2 detected at 2016-03-10 00:00:00 - de-risking 60% of 2 position(s).
2026-08-29 04:54:29,543 | INFO    | quant_system.strategies.risk_preservation | State 2 detected at 2016-03-14 00:00:00 - de-risking 60% of 2 position(s).
2026-08-29 04:54:29,546 | INFO    | quant_system.strategies.risk_preservation | State 2 detected at 2016-03-16 00:00:00 - de-risking 60% of 2 position(s).
2026-08-29 04:54:29,549 | INFO    | quant_system.strategies.risk_preservation | State 2 detected at 2016-03-18 00:00:00 - de-risking 60% of 2 position(s).
2026-08-29 04:54:29,553 | INFO    | quant_system.strategies.risk_preservation | State 2 detected at 2016-03-22 00:00:00 - de-risking 60% of 2 position(s).
2026-08-29 04:54:29,556 | INFO    | quant_system.strategies.risk_preservation | State 2 detected at 2016-03-24 00:00:00 - de-risking 60% of 2 position(s).
2026-08-29 04:54:29,560 | INFO    | quant_system.strategies.risk_preservation | State 2 detected at 2016-03-29 00:00:00 - de-risking 60% of 2 position(s).
2026-08-29 04:54:29,563 | INFO    | quant_system.strategies.risk_preservation | State 2 detected at 2016-03-31 00:00:00 - de-risking 60% of 2 position(s).
2026-08-29 04:54:29,567 | INFO    | quant_system.strategies.risk_preservation | State 2 detected at 2016-04-04 00:00:00 - de-risking 60% of 2 position(s).
2026-08-29 04:54:29,570 | INFO    | quant_system.strategies.risk_preservation | State 2 detected at 2016-04-06 00:00:00 - de-risking 60% of 2 position(s).
2026-08-29 04:54:29,573 | INFO    | quant_system.strategies.risk_preservation | State 2 detected at 2016-04-08 00:00:00 - de-risking 60% of 2 position(s).
2026-08-29 04:54:29,577 | INFO    | quant_system.strategies.risk_preservation | State 2 detected at 2016-04-12 00:00:00 - de-risking 60% of 2 position(s).
2026-08-29 04:54:29,580 | INFO    | quant_system.strategies.risk_preservation | State 2 detected at 2016-04-14 00:00:00 - de-risking 60% of 2 position(s).
2026-08-29 04:54:29,584 | INFO    | quant_system.strategies.risk_preservation | State 2 detected at 2016-04-18 00:00:00 - de-risking 60% of 2 position(s).
2026-08-29 04:54:29,590 | INFO    | quant_system.strategies.risk_preservation | State 2 detected at 2016-04-21 00:00:00 - de-risking 60% of 2 position(s).
2026-08-29 04:54:29,592 | INFO    | quant_system.strategies.risk_preservation | State 2 detected at 2016-04-25 00:00:00 - de-risking 60% of 2 position(s).
2026-08-29 04:54:29,597 | INFO    | quant_system.strategies.risk_preservation | State 2 detected at 2016-04-27 00:00:00 - de-risking 60% of 2 position(s).
2026-08-29 04:54:29,601 | INFO    | quant_system.strategies.risk_preservation | State 2 detected at 2016-04-29 00:00:00 - de-risking 60% of 2 position(s).
2026-08-29 04:54:29,627 | INFO    | quant_system.strategies.risk_preservation | State 2 detected at 2016-06-03 00:00:00 - de-risking 60% of 2 position(s).
2026-08-29 04:54:29,629 | INFO    | quant_system.strategies.risk_preservation | State 2 detected at 2016-06-07 00:00:00 - de-risking 60% of 2 position(s).
2026-08-29 04:54:29,865 | INFO    | quant_system.strategies.risk_preservation | State 2 detected at 2016-02-01 00:00:00 - de-risking 60% of 2 position(s).
2026-08-29 04:54:29,869 | INFO    | quant_system.strategies.risk_preservation | State 2 detected at 2016-02-03 00:00:00 - de-risking 60% of 2 position(s).
2026-08-29 04:54:29,874 | INFO    | quant_system.strategies.risk_preservation | State 2 detected at 2016-02-05 00:00:00 - de-risking 60% of 2 position(s).
2026-08-29 04:54:29,877 | INFO    | quant_system.strategies.risk_preservation | State 2 detected at 2016-02-10 00:00:00 - de-risking 60% of 2 position(s).
2026-08-29 04:54:29,880 | INFO    | quant_system.strategies.risk_preservation | State 2 detected at 2016-02-16 00:00:00 - de-risking 60% of 2 position(s).
2026-08-29 04:54:29,881 | INFO    | quant_system.strategies.risk_preservation | State 2 detected at 2016-02-18 00:00:00 - de-risking 60% of 2 position(s).
2026-08-29 04:54:29,884 | INFO    | quant_system.strategies.risk_preservation | State 2 detected at 2016-02-22 00:00:00 - de-risking 60% of 2 position(s).
2026-08-29 04:54:29,886 | INFO    | quant_system.strategies.risk_preservation | State 2 detected at 2016-02-24 00:00:00 - de-risking 60% of 2 position(s).
2026-08-29 04:54:29,889 | INFO    | quant_system.strategies.risk_preservation | State 2 detected at 2016-02-29 00:00:00 - de-risking 60% of 2 position(s).
2026-08-29 04:54:29,892 | INFO    | quant_system.strategies.risk_preservation | State 2 detected at 2016-03-02 00:00:00 - de-risking 60% of 2 position(s).
2026-08-29 04:54:29,895 | INFO    | quant_system.strategies.risk_preservation | State 2 detected at 2016-03-04 00:00:00 - de-risking 60% of 2 position(s).
2026-08-29 04:54:29,898 | INFO    | quant_system.strategies.risk_preservation | State 2 detected at 2016-03-08 00:00:00 - de-risking 60% of 2 position(s).
2026-08-29 04:54:29,902 | INFO    | quant_system.strategies.risk_preservation | State 2 detected at 2016-03-10 00:00:00 - de-risking 60% of 2 position(s).
2026-08-29 04:54:29,905 | INFO    | quant_system.strategies.risk_preservation | State 2 detected at 2016-03-14 00:00:00 - de-risking 60% of 2 position(s).
2026-08-29 04:54:29,909 | INFO    | quant_system.strategies.risk_preservation | State 2 detected at 2016-03-16 00:00:00 - de-risking 60% of 2 position(s).
2026-08-29 04:54:29,912 | INFO    | quant_system.strategies.risk_preservation | State 2 detected at 2016-03-18 00:00:00 - de-risking 60% of 2 position(s).
2026-08-29 04:54:29,915 | INFO    | quant_system.strategies.risk_preservation | State 2 detected at 2016-03-22 00:00:00 - de-risking 60% of 2 position(s).
2026-08-29 04:54:29,919 | INFO    | quant_system.strategies.risk_preservation | State 2 detected at 2016-03-24 00:00:00 - de-risking 60% of 2 position(s).
2026-08-29 04:54:29,922 | INFO    | quant_system.strategies.risk_preservation | State 2 detected at 2016-03-29 00:00:00 - de-risking 60% of 2 position(s).
2026-08-29 04:54:29,925 | INFO    | quant_system.strategies.risk_preservation | State 2 detected at 2016-03-31 00:00:00 - de-risking 60% of 2 position(s).
2026-08-29 04:54:29,929 | INFO    | quant_system.strategies.risk_preservation | State 2 detected at 2016-04-04 00:00:00 - de-risking 60% of 2 position(s).
2026-08-29 04:54:29,932 | INFO    | quant_system.strategies.risk_preservation | State 2 detected at 2016-04-06 00:00:00 - de-risking 60% of 2 position(s).
2026-08-29 04:54:29,936 | INFO    | quant_system.strategies.risk_preservation | State 2 detected at 2016-04-08 00:00:00 - de-risking 60% of 2 position(s).
2026-08-29 04:54:29,939 | INFO    | quant_system.strategies.risk_preservation | State 2 detected at 2016-04-12 00:00:00 - de-risking 60% of 2 position(s).
2026-08-29 04:54:29,943 | INFO    | quant_system.strategies.risk_preservation | State 2 detected at 2016-04-14 00:00:00 - de-risking 60% of 2 position(s).
2026-08-29 04:54:29,946 | INFO    | quant_system.strategies.risk_preservation | State 2 detected at 2016-04-18 00:00:00 - de-risking 60% of 2 position(s).
2026-08-29 04:54:29,953 | INFO    | quant_system.strategies.risk_preservation | State 2 detected at 2016-04-21 00:00:00 - de-risking 60% of 2 position(s).
2026-08-29 04:54:29,955 | INFO    | quant_system.strategies.risk_preservation | State 2 detected at 2016-04-25 00:00:00 - de-risking 60% of 2 position(s).
2026-08-29 04:54:29,959 | INFO    | quant_system.strategies.risk_preservation | State 2 detected at 2016-04-27 00:00:00 - de-risking 60% of 2 position(s).
2026-08-29 04:54:29,963 | INFO    | quant_system.strategies.risk_preservation | State 2 detected at 2016-04-29 00:00:00 - de-risking 60% of 2 position(s).
2026-08-29 04:54:29,990 | INFO    | quant_system.strategies.risk_preservation | State 2 detected at 2016-06-03 00:00:00 - de-risking 60% of 2 position(s).
2026-08-29 04:54:29,992 | INFO    | quant_system.strategies.risk_preservation | State 2 detected at 2016-06-07 00:00:00 - de-risking 60% of 2 position(s).
2026-08-29 04:54:30,542 | INFO    | quant_system.backtesting.walk_forward |   best={'fast_base': 20, 'slow_base': 50, 'entry_z': 2.2}  IS -0.665 -> OOS 0.307  (degradation 0.0%, accepted)
2026-08-29 04:54:30,542 | INFO    | quant_system.backtesting.walk_forward | Segment 7/39  IS 2016-07-05..2017-07-07  OOS 2017-07-07..2017-10-06
2026-08-29 04:54:34,744 | INFO    | quant_system.backtesting.walk_forward |   best={'fast_base': 15, 'slow_base': 40, 'entry_z': 2.2}  IS 0.389 -> OOS 0.525  (degradation -34.9%, accepted)
2026-08-29 04:54:34,744 | INFO    | quant_system.backtesting.walk_forward | Segment 8/39  IS 2016-10-03..2017-10-06  OOS 2017-10-06..2018-01-09
2026-08-29 04:54:38,884 | INFO    | quant_system.backtesting.walk_forward |   best={'fast_base': 20, 'slow_base': 50, 'entry_z': 1.6}  IS 0.073 -> OOS 1.044  (degradation -1336.0%, accepted)
2026-08-29 04:54:38,884 | INFO    | quant_system.backtesting.walk_forward | Segment 9/39  IS 2017-01-05..2018-01-09  OOS 2018-01-09..2018-04-12
2026-08-29 04:54:43,408 | INFO    | quant_system.backtesting.walk_forward |   best={'fast_base': 20, 'slow_base': 50, 'entry_z': 2.2}  IS 0.212 -> OOS 0.119  (degradation 44.1%, REJECTED)
2026-08-29 04:54:43,409 | INFO    | quant_system.backtesting.walk_forward | Segment 10/39  IS 2017-04-06..2018-04-12  OOS 2018-04-12..2018-07-12
2026-08-29 04:54:48,266 | INFO    | quant_system.strategies.risk_preservation | State 2 detected at 2018-07-11 00:00:00 - de-risking 60% of 2 position(s).
2026-08-29 04:54:48,302 | INFO    | quant_system.backtesting.walk_forward |   best={'fast_base': 20, 'slow_base': 50, 'entry_z': 2.2}  IS 0.188 -> OOS 1.581  (degradation -740.2%, accepted)
2026-08-29 04:54:48,302 | INFO    | quant_system.backtesting.walk_forward | Segment 11/39  IS 2017-07-07..2018-07-12  OOS 2018-07-12..2018-10-10
2026-08-29 04:54:49,093 | INFO    | quant_system.strategies.risk_preservation | State 2 detected at 2018-07-11 00:00:00 - de-risking 60% of 2 position(s).
2026-08-29 04:54:49,506 | INFO    | quant_system.strategies.risk_preservation | State 2 detected at 2018-07-11 00:00:00 - de-risking 60% of 2 position(s).
2026-08-29 04:54:49,916 | INFO    | quant_system.strategies.risk_preservation | State 2 detected at 2018-07-11 00:00:00 - de-risking 60% of 2 position(s).
2026-08-29 04:54:50,311 | INFO    | quant_system.strategies.risk_preservation | State 2 detected at 2018-07-11 00:00:00 - de-risking 60% of 2 position(s).
2026-08-29 04:54:50,693 | INFO    | quant_system.strategies.risk_preservation | State 2 detected at 2018-07-11 00:00:00 - de-risking 60% of 2 position(s).
2026-08-29 04:54:51,466 | INFO    | quant_system.strategies.risk_preservation | State 2 detected at 2018-07-11 00:00:00 - de-risking 60% of 2 position(s).
2026-08-29 04:54:51,852 | INFO    | quant_system.strategies.risk_preservation | State 2 detected at 2018-07-11 00:00:00 - de-risking 60% of 2 position(s).
2026-08-29 04:54:52,240 | INFO    | quant_system.strategies.risk_preservation | State 2 detected at 2018-07-11 00:00:00 - de-risking 60% of 2 position(s).
2026-08-29 04:54:52,609 | INFO    | quant_system.strategies.risk_preservation | State 2 detected at 2018-07-11 00:00:00 - de-risking 60% of 2 position(s).
2026-08-29 04:54:52,967 | INFO    | quant_system.strategies.risk_preservation | State 2 detected at 2018-07-11 00:00:00 - de-risking 60% of 2 position(s).
2026-08-29 04:54:53,336 | INFO    | quant_system.strategies.risk_preservation | State 2 detected at 2018-07-11 00:00:00 - de-risking 60% of 2 position(s).
2026-08-29 04:54:53,417 | INFO    | quant_system.backtesting.walk_forward |   best={'fast_base': 15, 'slow_base': 40, 'entry_z': 2.2}  IS 0.894 -> OOS 0.715  (degradation 20.0%, REJECTED)
2026-08-29 04:54:53,418 | INFO    | quant_system.backtesting.walk_forward | Segment 12/39  IS 2017-10-06..2018-10-10  OOS 2018-10-10..2019-01-11
2026-08-29 04:54:54,144 | INFO    | quant_system.strategies.risk_preservation | State 2 detected at 2018-07-11 00:00:00 - de-risking 60% of 2 position(s).
2026-08-29 04:54:54,541 | INFO    | quant_system.strategies.risk_preservation | State 2 detected at 2018-07-11 00:00:00 - de-risking 60% of 2 position(s).
2026-08-29 04:54:54,926 | INFO    | quant_system.strategies.risk_preservation | State 2 detected at 2018-07-11 00:00:00 - de-risking 60% of 2 position(s).
2026-08-29 04:54:55,299 | INFO    | quant_system.strategies.risk_preservation | State 2 detected at 2018-07-11 00:00:00 - de-risking 60% of 2 position(s).
2026-08-29 04:54:55,655 | INFO    | quant_system.strategies.risk_preservation | State 2 detected at 2018-07-11 00:00:00 - de-risking 60% of 2 position(s).
2026-08-29 04:54:56,417 | INFO    | quant_system.strategies.risk_preservation | State 2 detected at 2018-07-11 00:00:00 - de-risking 60% of 2 position(s).
2026-08-29 04:54:56,780 | INFO    | quant_system.strategies.risk_preservation | State 2 detected at 2018-07-11 00:00:00 - de-risking 60% of 2 position(s).
2026-08-29 04:54:57,135 | INFO    | quant_system.strategies.risk_preservation | State 2 detected at 2018-07-11 00:00:00 - de-risking 60% of 2 position(s).
2026-08-29 04:54:57,474 | INFO    | quant_system.strategies.risk_preservation | State 2 detected at 2018-07-11 00:00:00 - de-risking 60% of 2 position(s).
2026-08-29 04:54:57,803 | INFO    | quant_system.strategies.risk_preservation | State 2 detected at 2018-07-11 00:00:00 - de-risking 60% of 2 position(s).
2026-08-29 04:54:58,158 | INFO    | quant_system.strategies.risk_preservation | State 2 detected at 2018-07-11 00:00:00 - de-risking 60% of 2 position(s).
2026-08-29 04:54:58,243 | INFO    | quant_system.strategies.risk_preservation | State 2 detected at 2019-01-09 00:00:00 - de-risking 60% of 1 position(s).
2026-08-29 04:54:58,277 | INFO    | quant_system.backtesting.walk_forward |   best={'fast_base': 15, 'slow_base': 40, 'entry_z': 1.8}  IS 1.326 -> OOS 0.948  (degradation 28.5%, REJECTED)
2026-08-29 04:54:58,277 | INFO    | quant_system.backtesting.walk_forward | Segment 13/39  IS 2018-01-09..2019-01-11  OOS 2019-01-11..2019-04-12
2026-08-29 04:54:58,952 | INFO    | quant_system.strategies.risk_preservation | State 2 detected at 2018-07-11 00:00:00 - de-risking 60% of 2 position(s).
2026-08-29 04:54:59,065 | INFO    | quant_system.strategies.risk_preservation | State 2 detected at 2019-01-09 00:00:00 - de-risking 60% of 1 position(s).
2026-08-29 04:54:59,409 | INFO    | quant_system.strategies.risk_preservation | State 2 detected at 2018-07-11 00:00:00 - de-risking 60% of 2 position(s).
2026-08-29 04:54:59,521 | INFO    | quant_system.strategies.risk_preservation | State 2 detected at 2019-01-09 00:00:00 - de-risking 60% of 1 position(s).
2026-08-29 04:54:59,816 | INFO    | quant_system.strategies.risk_preservation | State 2 detected at 2018-07-11 00:00:00 - de-risking 60% of 2 position(s).
2026-08-29 04:54:59,927 | INFO    | quant_system.strategies.risk_preservation | State 2 detected at 2019-01-09 00:00:00 - de-risking 60% of 1 position(s).
2026-08-29 04:55:00,194 | INFO    | quant_system.strategies.risk_preservation | State 2 detected at 2018-07-11 00:00:00 - de-risking 60% of 2 position(s).
2026-08-29 04:55:00,306 | INFO    | quant_system.strategies.risk_preservation | State 2 detected at 2019-01-09 00:00:00 - de-risking 60% of 1 position(s).
2026-08-29 04:55:00,562 | INFO    | quant_system.strategies.risk_preservation | State 2 detected at 2018-07-11 00:00:00 - de-risking 60% of 2 position(s).
2026-08-29 04:55:00,672 | INFO    | quant_system.strategies.risk_preservation | State 2 detected at 2019-01-09 00:00:00 - de-risking 60% of 1 position(s).
2026-08-29 04:55:01,665 | INFO    | quant_system.strategies.risk_preservation | State 2 detected at 2018-07-11 00:00:00 - de-risking 60% of 1 position(s).
2026-08-29 04:55:01,794 | INFO    | quant_system.strategies.risk_preservation | State 2 detected at 2019-01-09 00:00:00 - de-risking 60% of 1 position(s).
2026-08-29 04:55:02,063 | INFO    | quant_system.strategies.risk_preservation | State 2 detected at 2018-07-11 00:00:00 - de-risking 60% of 1 position(s).
2026-08-29 04:55:02,192 | INFO    | quant_system.strategies.risk_preservation | State 2 detected at 2019-01-09 00:00:00 - de-risking 60% of 1 position(s).
2026-08-29 04:55:02,438 | INFO    | quant_system.strategies.risk_preservation | State 2 detected at 2018-07-11 00:00:00 - de-risking 60% of 2 position(s).
2026-08-29 04:55:02,544 | INFO    | quant_system.strategies.risk_preservation | State 2 detected at 2019-01-09 00:00:00 - de-risking 60% of 1 position(s).
2026-08-29 04:55:02,779 | INFO    | quant_system.strategies.risk_preservation | State 2 detected at 2018-07-11 00:00:00 - de-risking 60% of 2 position(s).
2026-08-29 04:55:02,884 | INFO    | quant_system.strategies.risk_preservation | State 2 detected at 2019-01-09 00:00:00 - de-risking 60% of 1 position(s).
2026-08-29 04:55:03,249 | INFO    | quant_system.strategies.risk_preservation | State 2 detected at 2019-01-09 00:00:00 - de-risking 60% of 1 position(s).
2026-08-29 04:55:03,313 | INFO    | quant_system.backtesting.walk_forward |   best={'fast_base': 20, 'slow_base': 50, 'entry_z': 2.2}  IS 0.586 -> OOS 0.349  (degradation 40.4%, REJECTED)
2026-08-29 04:55:03,313 | INFO    | quant_system.backtesting.walk_forward | Segment 14/39  IS 2018-04-12..2019-04-12  OOS 2019-04-12..2019-07-16
2026-08-29 04:55:03,898 | INFO    | quant_system.strategies.risk_preservation | State 2 detected at 2018-07-11 00:00:00 - de-risking 60% of 2 position(s).
2026-08-29 04:55:04,009 | INFO    | quant_system.strategies.risk_preservation | State 2 detected at 2019-01-09 00:00:00 - de-risking 60% of 1 position(s).
2026-08-29 04:55:04,262 | INFO    | quant_system.strategies.risk_preservation | State 2 detected at 2018-07-11 00:00:00 - de-risking 60% of 2 position(s).
2026-08-29 04:55:04,371 | INFO    | quant_system.strategies.risk_preservation | State 2 detected at 2019-01-09 00:00:00 - de-risking 60% of 1 position(s).
2026-08-29 04:55:04,647 | INFO    | quant_system.strategies.risk_preservation | State 2 detected at 2018-07-11 00:00:00 - de-risking 60% of 2 position(s).
2026-08-29 04:55:04,794 | INFO    | quant_system.strategies.risk_preservation | State 2 detected at 2019-01-09 00:00:00 - de-risking 60% of 1 position(s).
2026-08-29 04:55:05,087 | INFO    | quant_system.strategies.risk_preservation | State 2 detected at 2018-07-11 00:00:00 - de-risking 60% of 2 position(s).
2026-08-29 04:55:05,204 | INFO    | quant_system.strategies.risk_preservation | State 2 detected at 2019-01-09 00:00:00 - de-risking 60% of 1 position(s).
2026-08-29 04:55:05,448 | INFO    | quant_system.strategies.risk_preservation | State 2 detected at 2018-07-11 00:00:00 - de-risking 60% of 2 position(s).
2026-08-29 04:55:05,559 | INFO    | quant_system.strategies.risk_preservation | State 2 detected at 2019-01-09 00:00:00 - de-risking 60% of 1 position(s).
2026-08-29 04:55:06,235 | INFO    | quant_system.strategies.risk_preservation | State 2 detected at 2018-07-11 00:00:00 - de-risking 60% of 2 position(s).
2026-08-29 04:55:06,340 | INFO    | quant_system.strategies.risk_preservation | State 2 detected at 2019-01-09 00:00:00 - de-risking 60% of 1 position(s).
2026-08-29 04:55:06,588 | INFO    | quant_system.strategies.risk_preservation | State 2 detected at 2018-07-11 00:00:00 - de-risking 60% of 2 position(s).
2026-08-29 04:55:06,695 | INFO    | quant_system.strategies.risk_preservation | State 2 detected at 2019-01-09 00:00:00 - de-risking 60% of 1 position(s).
2026-08-29 04:55:06,943 | INFO    | quant_system.strategies.risk_preservation | State 2 detected at 2018-07-11 00:00:00 - de-risking 60% of 2 position(s).
2026-08-29 04:55:07,051 | INFO    | quant_system.strategies.risk_preservation | State 2 detected at 2019-01-09 00:00:00 - de-risking 60% of 1 position(s).
2026-08-29 04:55:07,296 | INFO    | quant_system.strategies.risk_preservation | State 2 detected at 2018-07-11 00:00:00 - de-risking 60% of 2 position(s).
2026-08-29 04:55:07,401 | INFO    | quant_system.strategies.risk_preservation | State 2 detected at 2019-01-09 00:00:00 - de-risking 60% of 1 position(s).
2026-08-29 04:55:07,632 | INFO    | quant_system.strategies.risk_preservation | State 2 detected at 2018-07-11 00:00:00 - de-risking 60% of 2 position(s).
2026-08-29 04:55:07,731 | INFO    | quant_system.strategies.risk_preservation | State 2 detected at 2019-01-09 00:00:00 - de-risking 60% of 1 position(s).
2026-08-29 04:55:08,103 | INFO    | quant_system.strategies.risk_preservation | State 2 detected at 2019-01-09 00:00:00 - de-risking 60% of 2 position(s).
2026-08-29 04:55:08,212 | INFO    | quant_system.backtesting.walk_forward |   best={'fast_base': 20, 'slow_base': 50, 'entry_z': 2.0}  IS 1.517 -> OOS 0.259  (degradation 82.9%, REJECTED)
2026-08-29 04:55:08,212 | INFO    | quant_system.backtesting.walk_forward | Segment 15/39  IS 2018-07-12..2019-07-16  OOS 2019-07-16..2019-10-14
2026-08-29 04:55:08,748 | INFO    | quant_system.strategies.risk_preservation | State 2 detected at 2018-07-11 00:00:00 - de-risking 60% of 2 position(s).
2026-08-29 04:55:08,860 | INFO    | quant_system.strategies.risk_preservation | State 2 detected at 2019-01-09 00:00:00 - de-risking 60% of 1 position(s).
2026-08-29 04:55:09,125 | INFO    | quant_system.strategies.risk_preservation | State 2 detected at 2018-07-11 00:00:00 - de-risking 60% of 2 position(s).
2026-08-29 04:55:09,235 | INFO    | quant_system.strategies.risk_preservation | State 2 detected at 2019-01-09 00:00:00 - de-risking 60% of 1 position(s).
2026-08-29 04:55:09,494 | INFO    | quant_system.strategies.risk_preservation | State 2 detected at 2018-07-11 00:00:00 - de-risking 60% of 2 position(s).
2026-08-29 04:55:09,603 | INFO    | quant_system.strategies.risk_preservation | State 2 detected at 2019-01-09 00:00:00 - de-risking 60% of 1 position(s).
2026-08-29 04:55:09,851 | INFO    | quant_system.strategies.risk_preservation | State 2 detected at 2018-07-11 00:00:00 - de-risking 60% of 2 position(s).
2026-08-29 04:55:09,959 | INFO    | quant_system.strategies.risk_preservation | State 2 detected at 2019-01-09 00:00:00 - de-risking 60% of 1 position(s).
2026-08-29 04:55:10,201 | INFO    | quant_system.strategies.risk_preservation | State 2 detected at 2018-07-11 00:00:00 - de-risking 60% of 2 position(s).
2026-08-29 04:55:10,302 | INFO    | quant_system.strategies.risk_preservation | State 2 detected at 2019-01-09 00:00:00 - de-risking 60% of 1 position(s).
2026-08-29 04:55:10,941 | INFO    | quant_system.strategies.risk_preservation | State 2 detected at 2018-07-11 00:00:00 - de-risking 60% of 2 position(s).
2026-08-29 04:55:11,049 | INFO    | quant_system.strategies.risk_preservation | State 2 detected at 2019-01-09 00:00:00 - de-risking 60% of 1 position(s).
2026-08-29 04:55:11,303 | INFO    | quant_system.strategies.risk_preservation | State 2 detected at 2018-07-11 00:00:00 - de-risking 60% of 2 position(s).
2026-08-29 04:55:11,450 | INFO    | quant_system.strategies.risk_preservation | State 2 detected at 2019-01-09 00:00:00 - de-risking 60% of 1 position(s).
2026-08-29 04:55:11,701 | INFO    | quant_system.strategies.risk_preservation | State 2 detected at 2018-07-11 00:00:00 - de-risking 60% of 2 position(s).
2026-08-29 04:55:11,801 | INFO    | quant_system.strategies.risk_preservation | State 2 detected at 2019-01-09 00:00:00 - de-risking 60% of 1 position(s).
2026-08-29 04:55:12,049 | INFO    | quant_system.strategies.risk_preservation | State 2 detected at 2018-07-11 00:00:00 - de-risking 60% of 2 position(s).
2026-08-29 04:55:12,151 | INFO    | quant_system.strategies.risk_preservation | State 2 detected at 2019-01-09 00:00:00 - de-risking 60% of 1 position(s).
2026-08-29 04:55:12,392 | INFO    | quant_system.strategies.risk_preservation | State 2 detected at 2018-07-11 00:00:00 - de-risking 60% of 2 position(s).
2026-08-29 04:55:12,483 | INFO    | quant_system.strategies.risk_preservation | State 2 detected at 2019-01-09 00:00:00 - de-risking 60% of 1 position(s).
2026-08-29 04:55:13,011 | INFO    | quant_system.backtesting.walk_forward |   best={'fast_base': 20, 'slow_base': 50, 'entry_z': 2.0}  IS 0.788 -> OOS 0.903  (degradation -14.5%, accepted)
2026-08-29 04:55:13,011 | INFO    | quant_system.backtesting.walk_forward | Segment 16/39  IS 2018-10-10..2019-10-14  OOS 2019-10-14..2020-01-14
2026-08-29 04:55:13,488 | INFO    | quant_system.strategies.risk_preservation | State 2 detected at 2018-07-11 00:00:00 - de-risking 60% of 2 position(s).
2026-08-29 04:55:13,576 | INFO    | quant_system.strategies.risk_preservation | State 2 detected at 2019-01-09 00:00:00 - de-risking 60% of 1 position(s).
2026-08-29 04:55:13,797 | INFO    | quant_system.strategies.risk_preservation | State 2 detected at 2018-07-11 00:00:00 - de-risking 60% of 2 position(s).
2026-08-29 04:55:13,887 | INFO    | quant_system.strategies.risk_preservation | State 2 detected at 2019-01-09 00:00:00 - de-risking 60% of 1 position(s).
2026-08-29 04:55:14,108 | INFO    | quant_system.strategies.risk_preservation | State 2 detected at 2018-07-11 00:00:00 - de-risking 60% of 2 position(s).
2026-08-29 04:55:14,199 | INFO    | quant_system.strategies.risk_preservation | State 2 detected at 2019-01-09 00:00:00 - de-risking 60% of 1 position(s).
2026-08-29 04:55:14,417 | INFO    | quant_system.strategies.risk_preservation | State 2 detected at 2018-07-11 00:00:00 - de-risking 60% of 2 position(s).
2026-08-29 04:55:14,509 | INFO    | quant_system.strategies.risk_preservation | State 2 detected at 2019-01-09 00:00:00 - de-risking 60% of 1 position(s).
2026-08-29 04:55:14,725 | INFO    | quant_system.strategies.risk_preservation | State 2 detected at 2018-07-11 00:00:00 - de-risking 60% of 2 position(s).
2026-08-29 04:55:14,816 | INFO    | quant_system.strategies.risk_preservation | State 2 detected at 2019-01-09 00:00:00 - de-risking 60% of 1 position(s).
2026-08-29 04:55:15,421 | INFO    | quant_system.strategies.risk_preservation | State 2 detected at 2018-07-11 00:00:00 - de-risking 60% of 2 position(s).
2026-08-29 04:55:15,506 | INFO    | quant_system.strategies.risk_preservation | State 2 detected at 2019-01-09 00:00:00 - de-risking 60% of 1 position(s).
2026-08-29 04:55:15,721 | INFO    | quant_system.strategies.risk_preservation | State 2 detected at 2018-07-11 00:00:00 - de-risking 60% of 2 position(s).
2026-08-29 04:55:15,805 | INFO    | quant_system.strategies.risk_preservation | State 2 detected at 2019-01-09 00:00:00 - de-risking 60% of 1 position(s).
2026-08-29 04:55:16,024 | INFO    | quant_system.strategies.risk_preservation | State 2 detected at 2018-07-11 00:00:00 - de-risking 60% of 2 position(s).
2026-08-29 04:55:16,111 | INFO    | quant_system.strategies.risk_preservation | State 2 detected at 2019-01-09 00:00:00 - de-risking 60% of 1 position(s).
2026-08-29 04:55:16,325 | INFO    | quant_system.strategies.risk_preservation | State 2 detected at 2018-07-11 00:00:00 - de-risking 60% of 2 position(s).
2026-08-29 04:55:16,411 | INFO    | quant_system.strategies.risk_preservation | State 2 detected at 2019-01-09 00:00:00 - de-risking 60% of 1 position(s).
2026-08-29 04:55:16,623 | INFO    | quant_system.strategies.risk_preservation | State 2 detected at 2018-07-11 00:00:00 - de-risking 60% of 2 position(s).
2026-08-29 04:55:16,708 | INFO    | quant_system.strategies.risk_preservation | State 2 detected at 2019-01-09 00:00:00 - de-risking 60% of 1 position(s).
2026-08-29 04:55:17,232 | INFO    | quant_system.backtesting.walk_forward |   best={'fast_base': 15, 'slow_base': 40, 'entry_z': 2.0}  IS 1.189 -> OOS 0.812  (degradation 31.7%, REJECTED)
2026-08-29 04:55:17,232 | INFO    | quant_system.backtesting.walk_forward | Segment 17/39  IS 2019-01-11..2020-01-14  OOS 2020-01-14..2020-04-15
2026-08-29 04:55:17,759 | INFO    | quant_system.strategies.risk_preservation | State 2 detected at 2019-01-09 00:00:00 - de-risking 60% of 1 position(s).
2026-08-29 04:55:17,901 | INFO    | quant_system.strategies.risk_preservation | State 2 detected at 2019-12-10 00:00:00 - de-risking 60% of 1 position(s).
2026-08-29 04:55:18,070 | INFO    | quant_system.strategies.risk_preservation | State 2 detected at 2019-01-09 00:00:00 - de-risking 60% of 1 position(s).
2026-08-29 04:55:18,374 | INFO    | quant_system.strategies.risk_preservation | State 2 detected at 2019-01-09 00:00:00 - de-risking 60% of 1 position(s).
2026-08-29 04:55:18,677 | INFO    | quant_system.strategies.risk_preservation | State 2 detected at 2019-01-09 00:00:00 - de-risking 60% of 1 position(s).
2026-08-29 04:55:19,018 | INFO    | quant_system.strategies.risk_preservation | State 2 detected at 2019-01-09 00:00:00 - de-risking 60% of 1 position(s).
2026-08-29 04:55:19,738 | INFO    | quant_system.strategies.risk_preservation | State 2 detected at 2019-01-09 00:00:00 - de-risking 60% of 1 position(s).
2026-08-29 04:55:19,883 | INFO    | quant_system.strategies.risk_preservation | State 2 detected at 2019-12-10 00:00:00 - de-risking 60% of 1 position(s).
2026-08-29 04:55:20,050 | INFO    | quant_system.strategies.risk_preservation | State 2 detected at 2019-01-09 00:00:00 - de-risking 60% of 1 position(s).
2026-08-29 04:55:20,354 | INFO    | quant_system.strategies.risk_preservation | State 2 detected at 2019-01-09 00:00:00 - de-risking 60% of 1 position(s).
2026-08-29 04:55:20,653 | INFO    | quant_system.strategies.risk_preservation | State 2 detected at 2019-01-09 00:00:00 - de-risking 60% of 1 position(s).
2026-08-29 04:55:20,951 | INFO    | quant_system.strategies.risk_preservation | State 2 detected at 2019-01-09 00:00:00 - de-risking 60% of 1 position(s).
2026-08-29 04:55:21,435 | INFO    | quant_system.strategies.risk_preservation | State 2 detected at 2019-12-10 00:00:00 - de-risking 60% of 1 position(s).
2026-08-29 04:55:21,472 | INFO    | quant_system.strategies.risk_preservation | State 2 detected at 2020-02-25 00:00:00 - de-risking 60% of 2 position(s).
2026-08-29 04:55:21,476 | INFO    | quant_system.strategies.risk_preservation | State 2 detected at 2020-02-27 00:00:00 - de-risking 60% of 2 position(s).
2026-08-29 04:55:21,480 | INFO    | quant_system.strategies.risk_preservation | State 2 detected at 2020-03-03 00:00:00 - de-risking 60% of 2 position(s).
2026-08-29 04:55:21,484 | INFO    | quant_system.strategies.risk_preservation | State 2 detected at 2020-03-05 00:00:00 - de-risking 60% of 2 position(s).
2026-08-29 04:55:21,489 | INFO    | quant_system.strategies.risk_preservation | State 2 detected at 2020-03-09 00:00:00 - de-risking 60% of 2 position(s).
2026-08-29 04:55:21,494 | INFO    | quant_system.strategies.risk_preservation | State 2 detected at 2020-03-11 00:00:00 - de-risking 60% of 2 position(s).
2026-08-29 04:55:21,542 | INFO    | quant_system.strategies.risk_preservation | State 2 detected at 2020-04-14 00:00:00 - de-risking 60% of 2 position(s).
2026-08-29 04:55:21,579 | INFO    | quant_system.backtesting.walk_forward |   best={'fast_base': 15, 'slow_base': 40, 'entry_z': 1.6}  IS 0.614 -> OOS 0.359  (degradation 41.5%, REJECTED)
2026-08-29 04:55:21,579 | INFO    | quant_system.backtesting.walk_forward | Segment 18/39  IS 2019-04-12..2020-04-15  OOS 2020-04-15..2020-07-15
2026-08-29 04:55:22,068 | INFO    | quant_system.strategies.risk_preservation | State 2 detected at 2019-01-09 00:00:00 - de-risking 60% of 2 position(s).
2026-08-29 04:55:22,206 | INFO    | quant_system.strategies.risk_preservation | State 2 detected at 2019-12-10 00:00:00 - de-risking 60% of 1 position(s).
2026-08-29 04:55:22,252 | INFO    | quant_system.strategies.risk_preservation | State 2 detected at 2020-02-25 00:00:00 - de-risking 60% of 2 position(s).
2026-08-29 04:55:22,257 | INFO    | quant_system.strategies.risk_preservation | State 2 detected at 2020-02-27 00:00:00 - de-risking 60% of 2 position(s).
2026-08-29 04:55:22,262 | INFO    | quant_system.strategies.risk_preservation | State 2 detected at 2020-03-03 00:00:00 - de-risking 60% of 2 position(s).
2026-08-29 04:55:22,267 | INFO    | quant_system.strategies.risk_preservation | State 2 detected at 2020-03-05 00:00:00 - de-risking 60% of 2 position(s).
2026-08-29 04:55:22,273 | INFO    | quant_system.strategies.risk_preservation | State 2 detected at 2020-03-09 00:00:00 - de-risking 60% of 2 position(s).
2026-08-29 04:55:22,280 | INFO    | quant_system.strategies.risk_preservation | State 2 detected at 2020-03-11 00:00:00 - de-risking 60% of 2 position(s).
2026-08-29 04:55:22,328 | INFO    | quant_system.strategies.risk_preservation | State 2 detected at 2020-04-14 00:00:00 - de-risking 60% of 2 position(s).
2026-08-29 04:55:22,448 | INFO    | quant_system.strategies.risk_preservation | State 2 detected at 2019-01-09 00:00:00 - de-risking 60% of 2 position(s).
2026-08-29 04:55:22,622 | INFO    | quant_system.strategies.risk_preservation | State 2 detected at 2020-02-25 00:00:00 - de-risking 60% of 2 position(s).
2026-08-29 04:55:22,626 | INFO    | quant_system.strategies.risk_preservation | State 2 detected at 2020-02-27 00:00:00 - de-risking 60% of 2 position(s).
2026-08-29 04:55:22,632 | INFO    | quant_system.strategies.risk_preservation | State 2 detected at 2020-03-03 00:00:00 - de-risking 60% of 2 position(s).
2026-08-29 04:55:22,637 | INFO    | quant_system.strategies.risk_preservation | State 2 detected at 2020-03-05 00:00:00 - de-risking 60% of 2 position(s).
2026-08-29 04:55:22,643 | INFO    | quant_system.strategies.risk_preservation | State 2 detected at 2020-03-09 00:00:00 - de-risking 60% of 2 position(s).
2026-08-29 04:55:22,649 | INFO    | quant_system.strategies.risk_preservation | State 2 detected at 2020-03-11 00:00:00 - de-risking 60% of 2 position(s).
2026-08-29 04:55:22,697 | INFO    | quant_system.strategies.risk_preservation | State 2 detected at 2020-04-14 00:00:00 - de-risking 60% of 2 position(s).
2026-08-29 04:55:22,815 | INFO    | quant_system.strategies.risk_preservation | State 2 detected at 2019-01-09 00:00:00 - de-risking 60% of 2 position(s).
2026-08-29 04:55:23,126 | INFO    | quant_system.strategies.risk_preservation | State 2 detected at 2019-01-09 00:00:00 - de-risking 60% of 2 position(s).
2026-08-29 04:55:23,455 | INFO    | quant_system.strategies.risk_preservation | State 2 detected at 2019-01-09 00:00:00 - de-risking 60% of 2 position(s).
2026-08-29 04:55:24,292 | INFO    | quant_system.strategies.risk_preservation | State 2 detected at 2019-01-09 00:00:00 - de-risking 60% of 2 position(s).
2026-08-29 04:55:24,477 | INFO    | quant_system.strategies.risk_preservation | State 2 detected at 2019-12-10 00:00:00 - de-risking 60% of 1 position(s).
2026-08-29 04:55:24,530 | INFO    | quant_system.strategies.risk_preservation | State 2 detected at 2020-02-25 00:00:00 - de-risking 60% of 2 position(s).
2026-08-29 04:55:24,537 | INFO    | quant_system.strategies.risk_preservation | State 2 detected at 2020-02-27 00:00:00 - de-risking 60% of 2 position(s).
2026-08-29 04:55:24,545 | INFO    | quant_system.strategies.risk_preservation | State 2 detected at 2020-03-03 00:00:00 - de-risking 60% of 2 position(s).
2026-08-29 04:55:24,552 | INFO    | quant_system.strategies.risk_preservation | State 2 detected at 2020-03-05 00:00:00 - de-risking 60% of 2 position(s).
2026-08-29 04:55:24,560 | INFO    | quant_system.strategies.risk_preservation | State 2 detected at 2020-03-09 00:00:00 - de-risking 60% of 2 position(s).
2026-08-29 04:55:24,569 | INFO    | quant_system.strategies.risk_preservation | State 2 detected at 2020-03-11 00:00:00 - de-risking 60% of 2 position(s).
2026-08-29 04:55:24,636 | INFO    | quant_system.strategies.risk_preservation | State 2 detected at 2020-04-14 00:00:00 - de-risking 60% of 2 position(s).
2026-08-29 04:55:24,801 | INFO    | quant_system.strategies.risk_preservation | State 2 detected at 2019-01-09 00:00:00 - de-risking 60% of 2 position(s).
2026-08-29 04:55:25,049 | INFO    | quant_system.strategies.risk_preservation | State 2 detected at 2020-02-25 00:00:00 - de-risking 60% of 2 position(s).
2026-08-29 04:55:25,055 | INFO    | quant_system.strategies.risk_preservation | State 2 detected at 2020-02-27 00:00:00 - de-risking 60% of 2 position(s).
2026-08-29 04:55:25,064 | INFO    | quant_system.strategies.risk_preservation | State 2 detected at 2020-03-03 00:00:00 - de-risking 60% of 2 position(s).
2026-08-29 04:55:25,071 | INFO    | quant_system.strategies.risk_preservation | State 2 detected at 2020-03-05 00:00:00 - de-risking 60% of 2 position(s).
2026-08-29 04:55:25,080 | INFO    | quant_system.strategies.risk_preservation | State 2 detected at 2020-03-09 00:00:00 - de-risking 60% of 2 position(s).
2026-08-29 04:55:25,088 | INFO    | quant_system.strategies.risk_preservation | State 2 detected at 2020-03-11 00:00:00 - de-risking 60% of 2 position(s).
2026-08-29 04:55:25,139 | INFO    | quant_system.strategies.risk_preservation | State 2 detected at 2020-04-14 00:00:00 - de-risking 60% of 2 position(s).
2026-08-29 04:55:25,266 | INFO    | quant_system.strategies.risk_preservation | State 2 detected at 2019-01-09 00:00:00 - de-risking 60% of 2 position(s).
2026-08-29 04:55:25,573 | INFO    | quant_system.strategies.risk_preservation | State 2 detected at 2019-01-09 00:00:00 - de-risking 60% of 2 position(s).
2026-08-29 04:55:25,874 | INFO    | quant_system.strategies.risk_preservation | State 2 detected at 2019-01-09 00:00:00 - de-risking 60% of 2 position(s).
2026-08-29 04:55:26,399 | INFO    | quant_system.strategies.risk_preservation | State 2 detected at 2020-02-25 00:00:00 - de-risking 60% of 2 position(s).
2026-08-29 04:55:26,403 | INFO    | quant_system.strategies.risk_preservation | State 2 detected at 2020-02-27 00:00:00 - de-risking 60% of 2 position(s).
2026-08-29 04:55:26,407 | INFO    | quant_system.strategies.risk_preservation | State 2 detected at 2020-03-03 00:00:00 - de-risking 60% of 2 position(s).
2026-08-29 04:55:26,411 | INFO    | quant_system.strategies.risk_preservation | State 2 detected at 2020-03-05 00:00:00 - de-risking 60% of 2 position(s).
2026-08-29 04:55:26,416 | INFO    | quant_system.strategies.risk_preservation | State 2 detected at 2020-03-09 00:00:00 - de-risking 60% of 2 position(s).
2026-08-29 04:55:26,420 | INFO    | quant_system.strategies.risk_preservation | State 2 detected at 2020-03-11 00:00:00 - de-risking 60% of 2 position(s).
2026-08-29 04:55:26,457 | INFO    | quant_system.strategies.risk_preservation | State 2 detected at 2020-04-14 00:00:00 - de-risking 60% of 2 position(s).
2026-08-29 04:55:26,461 | INFO    | quant_system.strategies.risk_preservation | State 2 detected at 2020-04-16 00:00:00 - de-risking 60% of 2 position(s).
2026-08-29 04:55:26,622 | INFO    | quant_system.backtesting.walk_forward |   best={'fast_base': 15, 'slow_base': 40, 'entry_z': 1.6}  IS 0.620 -> OOS 0.343  (degradation 44.8%, REJECTED)
2026-08-29 04:55:26,623 | INFO    | quant_system.backtesting.walk_forward | Segment 19/39  IS 2019-07-16..2020-07-15  OOS 2020-07-15..2020-10-13
2026-08-29 04:55:27,201 | INFO    | quant_system.strategies.risk_preservation | State 2 detected at 2019-12-10 00:00:00 - de-risking 60% of 1 position(s).
2026-08-29 04:55:27,236 | INFO    | quant_system.strategies.risk_preservation | State 2 detected at 2020-02-25 00:00:00 - de-risking 60% of 2 position(s).
2026-08-29 04:55:27,240 | INFO    | quant_system.strategies.risk_preservation | State 2 detected at 2020-02-27 00:00:00 - de-risking 60% of 2 position(s).
2026-08-29 04:55:27,246 | INFO    | quant_system.strategies.risk_preservation | State 2 detected at 2020-03-03 00:00:00 - de-risking 60% of 2 position(s).
2026-08-29 04:55:27,251 | INFO    | quant_system.strategies.risk_preservation | State 2 detected at 2020-03-05 00:00:00 - de-risking 60% of 2 position(s).
2026-08-29 04:55:27,257 | INFO    | quant_system.strategies.risk_preservation | State 2 detected at 2020-03-09 00:00:00 - de-risking 60% of 2 position(s).
2026-08-29 04:55:27,263 | INFO    | quant_system.strategies.risk_preservation | State 2 detected at 2020-03-11 00:00:00 - de-risking 60% of 2 position(s).
2026-08-29 04:55:27,312 | INFO    | quant_system.strategies.risk_preservation | State 2 detected at 2020-04-14 00:00:00 - de-risking 60% of 2 position(s).
2026-08-29 04:55:27,318 | INFO    | quant_system.strategies.risk_preservation | State 2 detected at 2020-04-16 00:00:00 - de-risking 60% of 2 position(s).
2026-08-29 04:55:27,684 | INFO    | quant_system.strategies.risk_preservation | State 2 detected at 2020-02-25 00:00:00 - de-risking 60% of 2 position(s).
2026-08-29 04:55:27,687 | INFO    | quant_system.strategies.risk_preservation | State 2 detected at 2020-02-27 00:00:00 - de-risking 60% of 2 position(s).
2026-08-29 04:55:27,692 | INFO    | quant_system.strategies.risk_preservation | State 2 detected at 2020-03-03 00:00:00 - de-risking 60% of 2 position(s).
2026-08-29 04:55:27,698 | INFO    | quant_system.strategies.risk_preservation | State 2 detected at 2020-03-05 00:00:00 - de-risking 60% of 2 position(s).
2026-08-29 04:55:27,704 | INFO    | quant_system.strategies.risk_preservation | State 2 detected at 2020-03-09 00:00:00 - de-risking 60% of 2 position(s).
2026-08-29 04:55:27,710 | INFO    | quant_system.strategies.risk_preservation | State 2 detected at 2020-03-11 00:00:00 - de-risking 60% of 2 position(s).
2026-08-29 04:55:27,758 | INFO    | quant_system.strategies.risk_preservation | State 2 detected at 2020-04-14 00:00:00 - de-risking 60% of 2 position(s).
2026-08-29 04:55:27,764 | INFO    | quant_system.strategies.risk_preservation | State 2 detected at 2020-04-16 00:00:00 - de-risking 60% of 2 position(s).
2026-08-29 04:55:29,319 | INFO    | quant_system.strategies.risk_preservation | State 2 detected at 2019-12-10 00:00:00 - de-risking 60% of 1 position(s).
2026-08-29 04:55:29,354 | INFO    | quant_system.strategies.risk_preservation | State 2 detected at 2020-02-25 00:00:00 - de-risking 60% of 2 position(s).
2026-08-29 04:55:29,358 | INFO    | quant_system.strategies.risk_preservation | State 2 detected at 2020-02-27 00:00:00 - de-risking 60% of 2 position(s).
2026-08-29 04:55:29,364 | INFO    | quant_system.strategies.risk_preservation | State 2 detected at 2020-03-03 00:00:00 - de-risking 60% of 2 position(s).
2026-08-29 04:55:29,369 | INFO    | quant_system.strategies.risk_preservation | State 2 detected at 2020-03-05 00:00:00 - de-risking 60% of 2 position(s).
2026-08-29 04:55:29,375 | INFO    | quant_system.strategies.risk_preservation | State 2 detected at 2020-03-09 00:00:00 - de-risking 60% of 2 position(s).
2026-08-29 04:55:29,381 | INFO    | quant_system.strategies.risk_preservation | State 2 detected at 2020-03-11 00:00:00 - de-risking 60% of 2 position(s).
2026-08-29 04:55:29,431 | INFO    | quant_system.strategies.risk_preservation | State 2 detected at 2020-04-14 00:00:00 - de-risking 60% of 2 position(s).
2026-08-29 04:55:29,437 | INFO    | quant_system.strategies.risk_preservation | State 2 detected at 2020-04-16 00:00:00 - de-risking 60% of 2 position(s).
2026-08-29 04:55:29,801 | INFO    | quant_system.strategies.risk_preservation | State 2 detected at 2020-02-25 00:00:00 - de-risking 60% of 2 position(s).
2026-08-29 04:55:29,805 | INFO    | quant_system.strategies.risk_preservation | State 2 detected at 2020-02-27 00:00:00 - de-risking 60% of 2 position(s).
2026-08-29 04:55:29,810 | INFO    | quant_system.strategies.risk_preservation | State 2 detected at 2020-03-03 00:00:00 - de-risking 60% of 2 position(s).
2026-08-29 04:55:29,815 | INFO    | quant_system.strategies.risk_preservation | State 2 detected at 2020-03-05 00:00:00 - de-risking 60% of 2 position(s).
2026-08-29 04:55:29,822 | INFO    | quant_system.strategies.risk_preservation | State 2 detected at 2020-03-09 00:00:00 - de-risking 60% of 2 position(s).
2026-08-29 04:55:29,828 | INFO    | quant_system.strategies.risk_preservation | State 2 detected at 2020-03-11 00:00:00 - de-risking 60% of 2 position(s).
2026-08-29 04:55:29,877 | INFO    | quant_system.strategies.risk_preservation | State 2 detected at 2020-04-14 00:00:00 - de-risking 60% of 2 position(s).
2026-08-29 04:55:29,883 | INFO    | quant_system.strategies.risk_preservation | State 2 detected at 2020-04-16 00:00:00 - de-risking 60% of 2 position(s).
2026-08-29 04:55:31,190 | INFO    | quant_system.backtesting.walk_forward |   best={'fast_base': 15, 'slow_base': 40, 'entry_z': 1.6}  IS 0.924 -> OOS 0.000  (degradation 100.0%, REJECTED)
2026-08-29 04:55:31,190 | INFO    | quant_system.backtesting.walk_forward | Segment 20/39  IS 2019-10-14..2020-10-13  OOS 2020-10-13..2021-01-13
2026-08-29 04:55:31,725 | INFO    | quant_system.strategies.risk_preservation | State 2 detected at 2019-12-10 00:00:00 - de-risking 60% of 1 position(s).
2026-08-29 04:55:31,761 | INFO    | quant_system.strategies.risk_preservation | State 2 detected at 2020-02-25 00:00:00 - de-risking 60% of 2 position(s).
2026-08-29 04:55:31,764 | INFO    | quant_system.strategies.risk_preservation | State 2 detected at 2020-02-27 00:00:00 - de-risking 60% of 2 position(s).
2026-08-29 04:55:31,769 | INFO    | quant_system.strategies.risk_preservation | State 2 detected at 2020-03-03 00:00:00 - de-risking 60% of 2 position(s).
2026-08-29 04:55:31,772 | INFO    | quant_system.strategies.risk_preservation | State 2 detected at 2020-03-05 00:00:00 - de-risking 60% of 2 position(s).
2026-08-29 04:55:31,778 | INFO    | quant_system.strategies.risk_preservation | State 2 detected at 2020-03-09 00:00:00 - de-risking 60% of 2 position(s).
2026-08-29 04:55:31,784 | INFO    | quant_system.strategies.risk_preservation | State 2 detected at 2020-03-11 00:00:00 - de-risking 60% of 2 position(s).
2026-08-29 04:55:31,833 | INFO    | quant_system.strategies.risk_preservation | State 2 detected at 2020-04-14 00:00:00 - de-risking 60% of 2 position(s).
2026-08-29 04:55:31,838 | INFO    | quant_system.strategies.risk_preservation | State 2 detected at 2020-04-16 00:00:00 - de-risking 60% of 2 position(s).
2026-08-29 04:55:32,289 | INFO    | quant_system.strategies.risk_preservation | State 2 detected at 2020-02-25 00:00:00 - de-risking 60% of 2 position(s).
2026-08-29 04:55:32,292 | INFO    | quant_system.strategies.risk_preservation | State 2 detected at 2020-02-27 00:00:00 - de-risking 60% of 2 position(s).
2026-08-29 04:55:32,297 | INFO    | quant_system.strategies.risk_preservation | State 2 detected at 2020-03-03 00:00:00 - de-risking 60% of 2 position(s).
2026-08-29 04:55:32,300 | INFO    | quant_system.strategies.risk_preservation | State 2 detected at 2020-03-05 00:00:00 - de-risking 60% of 2 position(s).
2026-08-29 04:55:32,305 | INFO    | quant_system.strategies.risk_preservation | State 2 detected at 2020-03-09 00:00:00 - de-risking 60% of 2 position(s).
2026-08-29 04:55:32,311 | INFO    | quant_system.strategies.risk_preservation | State 2 detected at 2020-03-11 00:00:00 - de-risking 60% of 2 position(s).
2026-08-29 04:55:32,359 | INFO    | quant_system.strategies.risk_preservation | State 2 detected at 2020-04-14 00:00:00 - de-risking 60% of 2 position(s).
2026-08-29 04:55:32,365 | INFO    | quant_system.strategies.risk_preservation | State 2 detected at 2020-04-16 00:00:00 - de-risking 60% of 2 position(s).
2026-08-29 04:55:33,920 | INFO    | quant_system.strategies.risk_preservation | State 2 detected at 2019-12-10 00:00:00 - de-risking 60% of 1 position(s).
2026-08-29 04:55:33,956 | INFO    | quant_system.strategies.risk_preservation | State 2 detected at 2020-02-25 00:00:00 - de-risking 60% of 2 position(s).
2026-08-29 04:55:33,960 | INFO    | quant_system.strategies.risk_preservation | State 2 detected at 2020-02-27 00:00:00 - de-risking 60% of 2 position(s).
2026-08-29 04:55:33,964 | INFO    | quant_system.strategies.risk_preservation | State 2 detected at 2020-03-03 00:00:00 - de-risking 60% of 2 position(s).
2026-08-29 04:55:33,968 | INFO    | quant_system.strategies.risk_preservation | State 2 detected at 2020-03-05 00:00:00 - de-risking 60% of 2 position(s).
2026-08-29 04:55:33,973 | INFO    | quant_system.strategies.risk_preservation | State 2 detected at 2020-03-09 00:00:00 - de-risking 60% of 2 position(s).
2026-08-29 04:55:33,980 | INFO    | quant_system.strategies.risk_preservation | State 2 detected at 2020-03-11 00:00:00 - de-risking 60% of 2 position(s).
2026-08-29 04:55:34,028 | INFO    | quant_system.strategies.risk_preservation | State 2 detected at 2020-04-14 00:00:00 - de-risking 60% of 2 position(s).
2026-08-29 04:55:34,034 | INFO    | quant_system.strategies.risk_preservation | State 2 detected at 2020-04-16 00:00:00 - de-risking 60% of 2 position(s).
2026-08-29 04:55:34,487 | INFO    | quant_system.strategies.risk_preservation | State 2 detected at 2020-02-25 00:00:00 - de-risking 60% of 2 position(s).
2026-08-29 04:55:34,490 | INFO    | quant_system.strategies.risk_preservation | State 2 detected at 2020-02-27 00:00:00 - de-risking 60% of 2 position(s).
2026-08-29 04:55:34,494 | INFO    | quant_system.strategies.risk_preservation | State 2 detected at 2020-03-03 00:00:00 - de-risking 60% of 2 position(s).
2026-08-29 04:55:34,498 | INFO    | quant_system.strategies.risk_preservation | State 2 detected at 2020-03-05 00:00:00 - de-risking 60% of 2 position(s).
2026-08-29 04:55:34,504 | INFO    | quant_system.strategies.risk_preservation | State 2 detected at 2020-03-09 00:00:00 - de-risking 60% of 2 position(s).
2026-08-29 04:55:34,509 | INFO    | quant_system.strategies.risk_preservation | State 2 detected at 2020-03-11 00:00:00 - de-risking 60% of 2 position(s).
2026-08-29 04:55:34,558 | INFO    | quant_system.strategies.risk_preservation | State 2 detected at 2020-04-14 00:00:00 - de-risking 60% of 2 position(s).
2026-08-29 04:55:34,564 | INFO    | quant_system.strategies.risk_preservation | State 2 detected at 2020-04-16 00:00:00 - de-risking 60% of 2 position(s).
2026-08-29 04:55:35,944 | INFO    | quant_system.strategies.risk_preservation | State 2 detected at 2021-01-08 00:00:00 - de-risking 60% of 1 position(s).
2026-08-29 04:55:35,977 | INFO    | quant_system.backtesting.walk_forward |   best={'fast_base': 15, 'slow_base': 40, 'entry_z': 1.6}  IS 0.805 -> OOS -0.125  (degradation 115.6%, REJECTED)
2026-08-29 04:55:35,978 | INFO    | quant_system.backtesting.walk_forward | Segment 21/39  IS 2020-01-14..2021-01-13  OOS 2021-01-13..2021-04-15
2026-08-29 04:55:36,470 | INFO    | quant_system.strategies.risk_preservation | State 2 detected at 2019-12-10 00:00:00 - de-risking 60% of 1 position(s).
2026-08-29 04:55:36,506 | INFO    | quant_system.strategies.risk_preservation | State 2 detected at 2020-02-25 00:00:00 - de-risking 60% of 2 position(s).
2026-08-29 04:55:36,509 | INFO    | quant_system.strategies.risk_preservation | State 2 detected at 2020-02-27 00:00:00 - de-risking 60% of 2 position(s).
2026-08-29 04:55:36,513 | INFO    | quant_system.strategies.risk_preservation | State 2 detected at 2020-03-03 00:00:00 - de-risking 60% of 2 position(s).
2026-08-29 04:55:36,517 | INFO    | quant_system.strategies.risk_preservation | State 2 detected at 2020-03-05 00:00:00 - de-risking 60% of 2 position(s).
2026-08-29 04:55:36,522 | INFO    | quant_system.strategies.risk_preservation | State 2 detected at 2020-03-09 00:00:00 - de-risking 60% of 2 position(s).
2026-08-29 04:55:36,527 | INFO    | quant_system.strategies.risk_preservation | State 2 detected at 2020-03-11 00:00:00 - de-risking 60% of 2 position(s).
2026-08-29 04:55:36,575 | INFO    | quant_system.strategies.risk_preservation | State 2 detected at 2020-04-14 00:00:00 - de-risking 60% of 2 position(s).
2026-08-29 04:55:36,581 | INFO    | quant_system.strategies.risk_preservation | State 2 detected at 2020-04-16 00:00:00 - de-risking 60% of 2 position(s).
2026-08-29 04:55:36,884 | INFO    | quant_system.strategies.risk_preservation | State 2 detected at 2020-11-18 00:00:00 - de-risking 60% of 2 position(s).
2026-08-29 04:55:36,937 | INFO    | quant_system.strategies.risk_preservation | State 2 detected at 2021-01-08 00:00:00 - de-risking 60% of 3 position(s).
2026-08-29 04:55:37,094 | INFO    | quant_system.strategies.risk_preservation | State 2 detected at 2020-02-25 00:00:00 - de-risking 60% of 2 position(s).
2026-08-29 04:55:37,097 | INFO    | quant_system.strategies.risk_preservation | State 2 detected at 2020-02-27 00:00:00 - de-risking 60% of 2 position(s).
2026-08-29 04:55:37,102 | INFO    | quant_system.strategies.risk_preservation | State 2 detected at 2020-03-03 00:00:00 - de-risking 60% of 2 position(s).
2026-08-29 04:55:37,105 | INFO    | quant_system.strategies.risk_preservation | State 2 detected at 2020-03-05 00:00:00 - de-risking 60% of 2 position(s).
2026-08-29 04:55:37,110 | INFO    | quant_system.strategies.risk_preservation | State 2 detected at 2020-03-09 00:00:00 - de-risking 60% of 2 position(s).
2026-08-29 04:55:37,116 | INFO    | quant_system.strategies.risk_preservation | State 2 detected at 2020-03-11 00:00:00 - de-risking 60% of 2 position(s).
2026-08-29 04:55:37,152 | INFO    | quant_system.strategies.risk_preservation | State 2 detected at 2020-04-14 00:00:00 - de-risking 60% of 2 position(s).
2026-08-29 04:55:37,157 | INFO    | quant_system.strategies.risk_preservation | State 2 detected at 2020-04-16 00:00:00 - de-risking 60% of 2 position(s).
2026-08-29 04:55:37,459 | INFO    | quant_system.strategies.risk_preservation | State 2 detected at 2020-11-18 00:00:00 - de-risking 60% of 2 position(s).
2026-08-29 04:55:37,512 | INFO    | quant_system.strategies.risk_preservation | State 2 detected at 2021-01-08 00:00:00 - de-risking 60% of 3 position(s).
2026-08-29 04:55:37,757 | INFO    | quant_system.strategies.risk_preservation | State 2 detected at 2021-01-08 00:00:00 - de-risking 60% of 1 position(s).
2026-08-29 04:55:37,997 | INFO    | quant_system.strategies.risk_preservation | State 2 detected at 2021-01-08 00:00:00 - de-risking 60% of 1 position(s).
2026-08-29 04:55:38,242 | INFO    | quant_system.strategies.risk_preservation | State 2 detected at 2021-01-08 00:00:00 - de-risking 60% of 1 position(s).
2026-08-29 04:55:38,748 | INFO    | quant_system.strategies.risk_preservation | State 2 detected at 2019-12-10 00:00:00 - de-risking 60% of 1 position(s).
2026-08-29 04:55:38,784 | INFO    | quant_system.strategies.risk_preservation | State 2 detected at 2020-02-25 00:00:00 - de-risking 60% of 2 position(s).
2026-08-29 04:55:38,788 | INFO    | quant_system.strategies.risk_preservation | State 2 detected at 2020-02-27 00:00:00 - de-risking 60% of 2 position(s).
2026-08-29 04:55:38,792 | INFO    | quant_system.strategies.risk_preservation | State 2 detected at 2020-03-03 00:00:00 - de-risking 60% of 2 position(s).
2026-08-29 04:55:38,796 | INFO    | quant_system.strategies.risk_preservation | State 2 detected at 2020-03-05 00:00:00 - de-risking 60% of 2 position(s).
2026-08-29 04:55:38,801 | INFO    | quant_system.strategies.risk_preservation | State 2 detected at 2020-03-09 00:00:00 - de-risking 60% of 2 position(s).
2026-08-29 04:55:38,806 | INFO    | quant_system.strategies.risk_preservation | State 2 detected at 2020-03-11 00:00:00 - de-risking 60% of 2 position(s).
2026-08-29 04:55:38,854 | INFO    | quant_system.strategies.risk_preservation | State 2 detected at 2020-04-14 00:00:00 - de-risking 60% of 2 position(s).
2026-08-29 04:55:38,859 | INFO    | quant_system.strategies.risk_preservation | State 2 detected at 2020-04-16 00:00:00 - de-risking 60% of 2 position(s).
2026-08-29 04:55:39,163 | INFO    | quant_system.strategies.risk_preservation | State 2 detected at 2020-11-18 00:00:00 - de-risking 60% of 2 position(s).
2026-08-29 04:55:39,217 | INFO    | quant_system.strategies.risk_preservation | State 2 detected at 2021-01-08 00:00:00 - de-risking 60% of 3 position(s).
2026-08-29 04:55:39,374 | INFO    | quant_system.strategies.risk_preservation | State 2 detected at 2020-02-25 00:00:00 - de-risking 60% of 2 position(s).
2026-08-29 04:55:39,378 | INFO    | quant_system.strategies.risk_preservation | State 2 detected at 2020-02-27 00:00:00 - de-risking 60% of 2 position(s).
2026-08-29 04:55:39,382 | INFO    | quant_system.strategies.risk_preservation | State 2 detected at 2020-03-03 00:00:00 - de-risking 60% of 2 position(s).
2026-08-29 04:55:39,386 | INFO    | quant_system.strategies.risk_preservation | State 2 detected at 2020-03-05 00:00:00 - de-risking 60% of 2 position(s).
2026-08-29 04:55:39,391 | INFO    | quant_system.strategies.risk_preservation | State 2 detected at 2020-03-09 00:00:00 - de-risking 60% of 2 position(s).
2026-08-29 04:55:39,396 | INFO    | quant_system.strategies.risk_preservation | State 2 detected at 2020-03-11 00:00:00 - de-risking 60% of 2 position(s).
2026-08-29 04:55:39,432 | INFO    | quant_system.strategies.risk_preservation | State 2 detected at 2020-04-14 00:00:00 - de-risking 60% of 2 position(s).
2026-08-29 04:55:39,437 | INFO    | quant_system.strategies.risk_preservation | State 2 detected at 2020-04-16 00:00:00 - de-risking 60% of 2 position(s).
2026-08-29 04:55:39,742 | INFO    | quant_system.strategies.risk_preservation | State 2 detected at 2020-11-18 00:00:00 - de-risking 60% of 2 position(s).
2026-08-29 04:55:39,797 | INFO    | quant_system.strategies.risk_preservation | State 2 detected at 2021-01-08 00:00:00 - de-risking 60% of 3 position(s).
2026-08-29 04:55:40,071 | INFO    | quant_system.strategies.risk_preservation | State 2 detected at 2021-01-08 00:00:00 - de-risking 60% of 1 position(s).
2026-08-29 04:55:40,320 | INFO    | quant_system.strategies.risk_preservation | State 2 detected at 2021-01-08 00:00:00 - de-risking 60% of 1 position(s).
2026-08-29 04:55:40,567 | INFO    | quant_system.strategies.risk_preservation | State 2 detected at 2021-01-08 00:00:00 - de-risking 60% of 1 position(s).
2026-08-29 04:55:40,908 | INFO    | quant_system.strategies.risk_preservation | State 2 detected at 2021-01-08 00:00:00 - de-risking 60% of 1 position(s).
2026-08-29 04:55:40,987 | INFO    | quant_system.backtesting.walk_forward |   best={'fast_base': 15, 'slow_base': 40, 'entry_z': 1.6}  IS 0.378 -> OOS -0.295  (degradation 178.1%, REJECTED)
2026-08-29 04:55:40,987 | INFO    | quant_system.backtesting.walk_forward | Segment 22/39  IS 2020-04-15..2021-04-15  OOS 2021-04-15..2021-07-15
2026-08-29 04:55:41,484 | INFO    | quant_system.strategies.risk_preservation | State 2 detected at 2020-02-25 00:00:00 - de-risking 60% of 2 position(s).
2026-08-29 04:55:41,488 | INFO    | quant_system.strategies.risk_preservation | State 2 detected at 2020-02-27 00:00:00 - de-risking 60% of 2 position(s).
2026-08-29 04:55:41,492 | INFO    | quant_system.strategies.risk_preservation | State 2 detected at 2020-03-03 00:00:00 - de-risking 60% of 2 position(s).
2026-08-29 04:55:41,496 | INFO    | quant_system.strategies.risk_preservation | State 2 detected at 2020-03-05 00:00:00 - de-risking 60% of 2 position(s).
2026-08-29 04:55:41,501 | INFO    | quant_system.strategies.risk_preservation | State 2 detected at 2020-03-09 00:00:00 - de-risking 60% of 2 position(s).
2026-08-29 04:55:41,505 | INFO    | quant_system.strategies.risk_preservation | State 2 detected at 2020-03-11 00:00:00 - de-risking 60% of 2 position(s).
2026-08-29 04:55:41,542 | INFO    | quant_system.strategies.risk_preservation | State 2 detected at 2020-04-14 00:00:00 - de-risking 60% of 2 position(s).
2026-08-29 04:55:41,547 | INFO    | quant_system.strategies.risk_preservation | State 2 detected at 2020-04-16 00:00:00 - de-risking 60% of 2 position(s).
2026-08-29 04:55:41,850 | INFO    | quant_system.strategies.risk_preservation | State 2 detected at 2020-11-18 00:00:00 - de-risking 60% of 2 position(s).
2026-08-29 04:55:41,903 | INFO    | quant_system.strategies.risk_preservation | State 2 detected at 2021-01-08 00:00:00 - de-risking 60% of 3 position(s).
2026-08-29 04:55:41,928 | INFO    | quant_system.strategies.risk_preservation | State 2 detected at 2021-02-12 00:00:00 - de-risking 60% of 2 position(s).
2026-08-29 04:55:41,933 | INFO    | quant_system.strategies.risk_preservation | State 2 detected at 2021-02-17 00:00:00 - de-risking 60% of 2 position(s).
2026-08-29 04:55:41,939 | INFO    | quant_system.strategies.risk_preservation | State 2 detected at 2021-02-19 00:00:00 - de-risking 60% of 2 position(s).
2026-08-29 04:55:41,945 | INFO    | quant_system.strategies.risk_preservation | State 2 detected at 2021-02-23 00:00:00 - de-risking 60% of 2 position(s).
2026-08-29 04:55:41,951 | INFO    | quant_system.strategies.risk_preservation | State 2 detected at 2021-02-25 00:00:00 - de-risking 60% of 2 position(s).
2026-08-29 04:55:41,956 | INFO    | quant_system.strategies.risk_preservation | State 2 detected at 2021-03-01 00:00:00 - de-risking 60% of 2 position(s).
2026-08-29 04:55:41,963 | INFO    | quant_system.strategies.risk_preservation | State 2 detected at 2021-03-03 00:00:00 - de-risking 60% of 2 position(s).
2026-08-29 04:55:41,969 | INFO    | quant_system.strategies.risk_preservation | State 2 detected at 2021-03-05 00:00:00 - de-risking 60% of 2 position(s).
2026-08-29 04:55:41,975 | INFO    | quant_system.strategies.risk_preservation | State 2 detected at 2021-03-09 00:00:00 - de-risking 60% of 2 position(s).
2026-08-29 04:55:41,981 | INFO    | quant_system.strategies.risk_preservation | State 2 detected at 2021-03-11 00:00:00 - de-risking 60% of 2 position(s).
2026-08-29 04:55:42,152 | INFO    | quant_system.strategies.risk_preservation | State 2 detected at 2020-02-25 00:00:00 - de-risking 60% of 2 position(s).
2026-08-29 04:55:42,155 | INFO    | quant_system.strategies.risk_preservation | State 2 detected at 2020-02-27 00:00:00 - de-risking 60% of 2 position(s).
2026-08-29 04:55:42,159 | INFO    | quant_system.strategies.risk_preservation | State 2 detected at 2020-03-03 00:00:00 - de-risking 60% of 2 position(s).
2026-08-29 04:55:42,163 | INFO    | quant_system.strategies.risk_preservation | State 2 detected at 2020-03-05 00:00:00 - de-risking 60% of 2 position(s).
2026-08-29 04:55:42,168 | INFO    | quant_system.strategies.risk_preservation | State 2 detected at 2020-03-09 00:00:00 - de-risking 60% of 2 position(s).
2026-08-29 04:55:42,173 | INFO    | quant_system.strategies.risk_preservation | State 2 detected at 2020-03-11 00:00:00 - de-risking 60% of 2 position(s).
2026-08-29 04:55:42,209 | INFO    | quant_system.strategies.risk_preservation | State 2 detected at 2020-04-14 00:00:00 - de-risking 60% of 2 position(s).
2026-08-29 04:55:42,214 | INFO    | quant_system.strategies.risk_preservation | State 2 detected at 2020-04-16 00:00:00 - de-risking 60% of 2 position(s).
2026-08-29 04:55:42,518 | INFO    | quant_system.strategies.risk_preservation | State 2 detected at 2020-11-18 00:00:00 - de-risking 60% of 2 position(s).
2026-08-29 04:55:42,571 | INFO    | quant_system.strategies.risk_preservation | State 2 detected at 2021-01-08 00:00:00 - de-risking 60% of 3 position(s).
2026-08-29 04:55:42,595 | INFO    | quant_system.strategies.risk_preservation | State 2 detected at 2021-02-12 00:00:00 - de-risking 60% of 2 position(s).
2026-08-29 04:55:42,600 | INFO    | quant_system.strategies.risk_preservation | State 2 detected at 2021-02-17 00:00:00 - de-risking 60% of 2 position(s).
2026-08-29 04:55:42,607 | INFO    | quant_system.strategies.risk_preservation | State 2 detected at 2021-02-19 00:00:00 - de-risking 60% of 2 position(s).
2026-08-29 04:55:42,616 | INFO    | quant_system.strategies.risk_preservation | State 2 detected at 2021-02-23 00:00:00 - de-risking 60% of 2 position(s).
2026-08-29 04:55:42,624 | INFO    | quant_system.strategies.risk_preservation | State 2 detected at 2021-02-25 00:00:00 - de-risking 60% of 2 position(s).
2026-08-29 04:55:42,629 | INFO    | quant_system.strategies.risk_preservation | State 2 detected at 2021-03-01 00:00:00 - de-risking 60% of 2 position(s).
2026-08-29 04:55:42,636 | INFO    | quant_system.strategies.risk_preservation | State 2 detected at 2021-03-03 00:00:00 - de-risking 60% of 2 position(s).
2026-08-29 04:55:42,642 | INFO    | quant_system.strategies.risk_preservation | State 2 detected at 2021-03-05 00:00:00 - de-risking 60% of 2 position(s).
2026-08-29 04:55:42,648 | INFO    | quant_system.strategies.risk_preservation | State 2 detected at 2021-03-09 00:00:00 - de-risking 60% of 2 position(s).
2026-08-29 04:55:42,654 | INFO    | quant_system.strategies.risk_preservation | State 2 detected at 2021-03-11 00:00:00 - de-risking 60% of 2 position(s).
2026-08-29 04:55:42,911 | INFO    | quant_system.strategies.risk_preservation | State 2 detected at 2021-01-08 00:00:00 - de-risking 60% of 1 position(s).
2026-08-29 04:55:43,164 | INFO    | quant_system.strategies.risk_preservation | State 2 detected at 2021-01-08 00:00:00 - de-risking 60% of 1 position(s).
2026-08-29 04:55:43,440 | INFO    | quant_system.strategies.risk_preservation | State 2 detected at 2021-01-08 00:00:00 - de-risking 60% of 1 position(s).
2026-08-29 04:55:44,033 | INFO    | quant_system.strategies.risk_preservation | State 2 detected at 2020-02-25 00:00:00 - de-risking 60% of 2 position(s).
2026-08-29 04:55:44,037 | INFO    | quant_system.strategies.risk_preservation | State 2 detected at 2020-02-27 00:00:00 - de-risking 60% of 2 position(s).
2026-08-29 04:55:44,041 | INFO    | quant_system.strategies.risk_preservation | State 2 detected at 2020-03-03 00:00:00 - de-risking 60% of 2 position(s).
2026-08-29 04:55:44,044 | INFO    | quant_system.strategies.risk_preservation | State 2 detected at 2020-03-05 00:00:00 - de-risking 60% of 2 position(s).
2026-08-29 04:55:44,049 | INFO    | quant_system.strategies.risk_preservation | State 2 detected at 2020-03-09 00:00:00 - de-risking 60% of 2 position(s).
2026-08-29 04:55:44,055 | INFO    | quant_system.strategies.risk_preservation | State 2 detected at 2020-03-11 00:00:00 - de-risking 60% of 2 position(s).
2026-08-29 04:55:44,097 | INFO    | quant_system.strategies.risk_preservation | State 2 detected at 2020-04-14 00:00:00 - de-risking 60% of 2 position(s).
2026-08-29 04:55:44,102 | INFO    | quant_system.strategies.risk_preservation | State 2 detected at 2020-04-16 00:00:00 - de-risking 60% of 2 position(s).
2026-08-29 04:55:44,428 | INFO    | quant_system.strategies.risk_preservation | State 2 detected at 2020-11-18 00:00:00 - de-risking 60% of 2 position(s).
2026-08-29 04:55:44,482 | INFO    | quant_system.strategies.risk_preservation | State 2 detected at 2021-01-08 00:00:00 - de-risking 60% of 3 position(s).
2026-08-29 04:55:44,506 | INFO    | quant_system.strategies.risk_preservation | State 2 detected at 2021-02-12 00:00:00 - de-risking 60% of 2 position(s).
2026-08-29 04:55:44,512 | INFO    | quant_system.strategies.risk_preservation | State 2 detected at 2021-02-17 00:00:00 - de-risking 60% of 2 position(s).
2026-08-29 04:55:44,518 | INFO    | quant_system.strategies.risk_preservation | State 2 detected at 2021-02-19 00:00:00 - de-risking 60% of 2 position(s).
2026-08-29 04:55:44,524 | INFO    | quant_system.strategies.risk_preservation | State 2 detected at 2021-02-23 00:00:00 - de-risking 60% of 2 position(s).
2026-08-29 04:55:44,530 | INFO    | quant_system.strategies.risk_preservation | State 2 detected at 2021-02-25 00:00:00 - de-risking 60% of 2 position(s).
2026-08-29 04:55:44,536 | INFO    | quant_system.strategies.risk_preservation | State 2 detected at 2021-03-01 00:00:00 - de-risking 60% of 2 position(s).
2026-08-29 04:55:44,542 | INFO    | quant_system.strategies.risk_preservation | State 2 detected at 2021-03-03 00:00:00 - de-risking 60% of 2 position(s).
2026-08-29 04:55:44,549 | INFO    | quant_system.strategies.risk_preservation | State 2 detected at 2021-03-05 00:00:00 - de-risking 60% of 2 position(s).
2026-08-29 04:55:44,555 | INFO    | quant_system.strategies.risk_preservation | State 2 detected at 2021-03-09 00:00:00 - de-risking 60% of 2 position(s).
2026-08-29 04:55:44,561 | INFO    | quant_system.strategies.risk_preservation | State 2 detected at 2021-03-11 00:00:00 - de-risking 60% of 2 position(s).
2026-08-29 04:55:44,737 | INFO    | quant_system.strategies.risk_preservation | State 2 detected at 2020-02-25 00:00:00 - de-risking 60% of 2 position(s).
2026-08-29 04:55:44,740 | INFO    | quant_system.strategies.risk_preservation | State 2 detected at 2020-02-27 00:00:00 - de-risking 60% of 2 position(s).
2026-08-29 04:55:44,744 | INFO    | quant_system.strategies.risk_preservation | State 2 detected at 2020-03-03 00:00:00 - de-risking 60% of 2 position(s).
2026-08-29 04:55:44,748 | INFO    | quant_system.strategies.risk_preservation | State 2 detected at 2020-03-05 00:00:00 - de-risking 60% of 2 position(s).
2026-08-29 04:55:44,753 | INFO    | quant_system.strategies.risk_preservation | State 2 detected at 2020-03-09 00:00:00 - de-risking 60% of 2 position(s).
2026-08-29 04:55:44,758 | INFO    | quant_system.strategies.risk_preservation | State 2 detected at 2020-03-11 00:00:00 - de-risking 60% of 2 position(s).
2026-08-29 04:55:44,795 | INFO    | quant_system.strategies.risk_preservation | State 2 detected at 2020-04-14 00:00:00 - de-risking 60% of 2 position(s).
2026-08-29 04:55:44,800 | INFO    | quant_system.strategies.risk_preservation | State 2 detected at 2020-04-16 00:00:00 - de-risking 60% of 2 position(s).
2026-08-29 04:55:45,108 | INFO    | quant_system.strategies.risk_preservation | State 2 detected at 2020-11-18 00:00:00 - de-risking 60% of 2 position(s).
2026-08-29 04:55:45,162 | INFO    | quant_system.strategies.risk_preservation | State 2 detected at 2021-01-08 00:00:00 - de-risking 60% of 3 position(s).
2026-08-29 04:55:45,186 | INFO    | quant_system.strategies.risk_preservation | State 2 detected at 2021-02-12 00:00:00 - de-risking 60% of 2 position(s).
2026-08-29 04:55:45,191 | INFO    | quant_system.strategies.risk_preservation | State 2 detected at 2021-02-17 00:00:00 - de-risking 60% of 2 position(s).
2026-08-29 04:55:45,197 | INFO    | quant_system.strategies.risk_preservation | State 2 detected at 2021-02-19 00:00:00 - de-risking 60% of 2 position(s).
2026-08-29 04:55:45,203 | INFO    | quant_system.strategies.risk_preservation | State 2 detected at 2021-02-23 00:00:00 - de-risking 60% of 2 position(s).
2026-08-29 04:55:45,209 | INFO    | quant_system.strategies.risk_preservation | State 2 detected at 2021-02-25 00:00:00 - de-risking 60% of 2 position(s).
2026-08-29 04:55:45,215 | INFO    | quant_system.strategies.risk_preservation | State 2 detected at 2021-03-01 00:00:00 - de-risking 60% of 2 position(s).
2026-08-29 04:55:45,221 | INFO    | quant_system.strategies.risk_preservation | State 2 detected at 2021-03-03 00:00:00 - de-risking 60% of 2 position(s).
2026-08-29 04:55:45,228 | INFO    | quant_system.strategies.risk_preservation | State 2 detected at 2021-03-05 00:00:00 - de-risking 60% of 2 position(s).
2026-08-29 04:55:45,234 | INFO    | quant_system.strategies.risk_preservation | State 2 detected at 2021-03-09 00:00:00 - de-risking 60% of 2 position(s).
2026-08-29 04:55:45,241 | INFO    | quant_system.strategies.risk_preservation | State 2 detected at 2021-03-11 00:00:00 - de-risking 60% of 2 position(s).
2026-08-29 04:55:45,533 | INFO    | quant_system.strategies.risk_preservation | State 2 detected at 2021-01-08 00:00:00 - de-risking 60% of 1 position(s).
2026-08-29 04:55:45,781 | INFO    | quant_system.strategies.risk_preservation | State 2 detected at 2021-01-08 00:00:00 - de-risking 60% of 1 position(s).
2026-08-29 04:55:46,028 | INFO    | quant_system.strategies.risk_preservation | State 2 detected at 2021-01-08 00:00:00 - de-risking 60% of 1 position(s).
2026-08-29 04:55:46,371 | INFO    | quant_system.strategies.risk_preservation | State 2 detected at 2021-01-08 00:00:00 - de-risking 60% of 1 position(s).
2026-08-29 04:55:46,492 | INFO    | quant_system.backtesting.walk_forward |   best={'fast_base': 15, 'slow_base': 40, 'entry_z': 1.6}  IS 0.243 -> OOS 0.186  (degradation 23.4%, REJECTED)
2026-08-29 04:55:46,492 | INFO    | quant_system.backtesting.walk_forward | Segment 23/39  IS 2020-07-15..2021-07-15  OOS 2021-07-15..2021-10-13
2026-08-29 04:55:47,030 | INFO    | quant_system.strategies.risk_preservation | State 2 detected at 2021-01-08 00:00:00 - de-risking 60% of 1 position(s).
2026-08-29 04:55:47,290 | INFO    | quant_system.strategies.risk_preservation | State 2 detected at 2021-01-08 00:00:00 - de-risking 60% of 1 position(s).
2026-08-29 04:55:47,551 | INFO    | quant_system.strategies.risk_preservation | State 2 detected at 2021-01-08 00:00:00 - de-risking 60% of 1 position(s).
2026-08-29 04:55:47,806 | INFO    | quant_system.strategies.risk_preservation | State 2 detected at 2021-01-08 00:00:00 - de-risking 60% of 1 position(s).
2026-08-29 04:55:48,062 | INFO    | quant_system.strategies.risk_preservation | State 2 detected at 2021-01-08 00:00:00 - de-risking 60% of 1 position(s).
2026-08-29 04:55:48,700 | INFO    | quant_system.strategies.risk_preservation | State 2 detected at 2021-01-08 00:00:00 - de-risking 60% of 1 position(s).
2026-08-29 04:55:48,959 | INFO    | quant_system.strategies.risk_preservation | State 2 detected at 2021-01-08 00:00:00 - de-risking 60% of 1 position(s).
2026-08-29 04:55:49,215 | INFO    | quant_system.strategies.risk_preservation | State 2 detected at 2021-01-08 00:00:00 - de-risking 60% of 1 position(s).
2026-08-29 04:55:49,466 | INFO    | quant_system.strategies.risk_preservation | State 2 detected at 2021-01-08 00:00:00 - de-risking 60% of 1 position(s).
2026-08-29 04:55:49,717 | INFO    | quant_system.strategies.risk_preservation | State 2 detected at 2021-01-08 00:00:00 - de-risking 60% of 1 position(s).
2026-08-29 04:55:50,230 | INFO    | quant_system.backtesting.walk_forward |   best={'fast_base': 15, 'slow_base': 40, 'entry_z': 2.0}  IS 0.516 -> OOS 0.464  (degradation 10.0%, accepted)
2026-08-29 04:55:50,230 | INFO    | quant_system.backtesting.walk_forward | Segment 24/39  IS 2020-10-13..2021-10-13  OOS 2021-10-13..2022-01-12
2026-08-29 04:55:50,746 | INFO    | quant_system.strategies.risk_preservation | State 2 detected at 2021-01-08 00:00:00 - de-risking 60% of 1 position(s).
2026-08-29 04:55:51,017 | INFO    | quant_system.strategies.risk_preservation | State 2 detected at 2021-01-08 00:00:00 - de-risking 60% of 1 position(s).
2026-08-29 04:55:51,288 | INFO    | quant_system.strategies.risk_preservation | State 2 detected at 2021-01-08 00:00:00 - de-risking 60% of 1 position(s).
2026-08-29 04:55:51,556 | INFO    | quant_system.strategies.risk_preservation | State 2 detected at 2021-01-08 00:00:00 - de-risking 60% of 1 position(s).
2026-08-29 04:55:51,824 | INFO    | quant_system.strategies.risk_preservation | State 2 detected at 2021-01-08 00:00:00 - de-risking 60% of 1 position(s).
2026-08-29 04:55:52,478 | INFO    | quant_system.strategies.risk_preservation | State 2 detected at 2021-01-08 00:00:00 - de-risking 60% of 1 position(s).
2026-08-29 04:55:52,758 | INFO    | quant_system.strategies.risk_preservation | State 2 detected at 2021-01-08 00:00:00 - de-risking 60% of 1 position(s).
2026-08-29 04:55:53,036 | INFO    | quant_system.strategies.risk_preservation | State 2 detected at 2021-01-08 00:00:00 - de-risking 60% of 1 position(s).
2026-08-29 04:55:53,314 | INFO    | quant_system.strategies.risk_preservation | State 2 detected at 2021-01-08 00:00:00 - de-risking 60% of 1 position(s).
2026-08-29 04:55:53,580 | INFO    | quant_system.strategies.risk_preservation | State 2 detected at 2021-01-08 00:00:00 - de-risking 60% of 1 position(s).
2026-08-29 04:55:54,141 | INFO    | quant_system.backtesting.walk_forward |   best={'fast_base': 15, 'slow_base': 40, 'entry_z': 2.0}  IS 0.638 -> OOS 0.629  (degradation 1.4%, accepted)
2026-08-29 04:55:54,141 | INFO    | quant_system.backtesting.walk_forward | Segment 25/39  IS 2021-01-13..2022-01-12  OOS 2022-01-12..2022-04-13
2026-08-29 04:55:54,640 | INFO    | quant_system.strategies.risk_preservation | State 2 detected at 2021-01-08 00:00:00 - de-risking 60% of 1 position(s).
2026-08-29 04:55:54,966 | INFO    | quant_system.strategies.risk_preservation | State 2 detected at 2021-01-08 00:00:00 - de-risking 60% of 1 position(s).
2026-08-29 04:55:55,281 | INFO    | quant_system.strategies.risk_preservation | State 2 detected at 2021-01-08 00:00:00 - de-risking 60% of 1 position(s).
2026-08-29 04:55:55,581 | INFO    | quant_system.strategies.risk_preservation | State 2 detected at 2021-01-08 00:00:00 - de-risking 60% of 1 position(s).
2026-08-29 04:55:55,987 | INFO    | quant_system.strategies.risk_preservation | State 2 detected at 2021-01-08 00:00:00 - de-risking 60% of 1 position(s).
2026-08-29 04:55:56,662 | INFO    | quant_system.strategies.risk_preservation | State 2 detected at 2021-01-08 00:00:00 - de-risking 60% of 1 position(s).
2026-08-29 04:55:56,978 | INFO    | quant_system.strategies.risk_preservation | State 2 detected at 2021-01-08 00:00:00 - de-risking 60% of 1 position(s).
2026-08-29 04:55:57,279 | INFO    | quant_system.strategies.risk_preservation | State 2 detected at 2021-01-08 00:00:00 - de-risking 60% of 1 position(s).
2026-08-29 04:55:57,571 | INFO    | quant_system.strategies.risk_preservation | State 2 detected at 2021-01-08 00:00:00 - de-risking 60% of 1 position(s).
2026-08-29 04:55:57,954 | INFO    | quant_system.strategies.risk_preservation | State 2 detected at 2021-01-08 00:00:00 - de-risking 60% of 1 position(s).
2026-08-29 04:55:58,665 | INFO    | quant_system.strategies.risk_preservation | State 2 detected at 2022-04-11 00:00:00 - de-risking 60% of 1 position(s).
2026-08-29 04:55:58,700 | INFO    | quant_system.backtesting.walk_forward |   best={'fast_base': 15, 'slow_base': 40, 'entry_z': 2.0}  IS 0.603 -> OOS -0.217  (degradation 136.0%, REJECTED)
2026-08-29 04:55:58,700 | INFO    | quant_system.backtesting.walk_forward | Segment 26/39  IS 2021-04-15..2022-04-13  OOS 2022-04-13..2022-07-15
2026-08-29 04:55:59,180 | INFO    | quant_system.strategies.risk_preservation | State 2 detected at 2021-01-08 00:00:00 - de-risking 60% of 1 position(s).
2026-08-29 04:55:59,410 | INFO    | quant_system.strategies.risk_preservation | State 2 detected at 2022-04-11 00:00:00 - de-risking 60% of 1 position(s).
2026-08-29 04:55:59,517 | INFO    | quant_system.strategies.risk_preservation | State 2 detected at 2021-01-08 00:00:00 - de-risking 60% of 1 position(s).
2026-08-29 04:55:59,746 | INFO    | quant_system.strategies.risk_preservation | State 2 detected at 2022-04-11 00:00:00 - de-risking 60% of 1 position(s).
2026-08-29 04:55:59,853 | INFO    | quant_system.strategies.risk_preservation | State 2 detected at 2021-01-08 00:00:00 - de-risking 60% of 1 position(s).
2026-08-29 04:56:00,062 | INFO    | quant_system.strategies.risk_preservation | State 2 detected at 2022-04-11 00:00:00 - de-risking 60% of 1 position(s).
2026-08-29 04:56:00,169 | INFO    | quant_system.strategies.risk_preservation | State 2 detected at 2021-01-08 00:00:00 - de-risking 60% of 1 position(s).
2026-08-29 04:56:00,377 | INFO    | quant_system.strategies.risk_preservation | State 2 detected at 2022-04-11 00:00:00 - de-risking 60% of 1 position(s).
2026-08-29 04:56:00,486 | INFO    | quant_system.strategies.risk_preservation | State 2 detected at 2021-01-08 00:00:00 - de-risking 60% of 1 position(s).
2026-08-29 04:56:00,693 | INFO    | quant_system.strategies.risk_preservation | State 2 detected at 2022-04-11 00:00:00 - de-risking 60% of 1 position(s).
2026-08-29 04:56:01,186 | INFO    | quant_system.strategies.risk_preservation | State 2 detected at 2021-01-08 00:00:00 - de-risking 60% of 1 position(s).
2026-08-29 04:56:01,511 | INFO    | quant_system.strategies.risk_preservation | State 2 detected at 2021-01-08 00:00:00 - de-risking 60% of 1 position(s).
2026-08-29 04:56:01,829 | INFO    | quant_system.strategies.risk_preservation | State 2 detected at 2021-01-08 00:00:00 - de-risking 60% of 1 position(s).
2026-08-29 04:56:02,126 | INFO    | quant_system.strategies.risk_preservation | State 2 detected at 2021-01-08 00:00:00 - de-risking 60% of 1 position(s).
2026-08-29 04:56:02,425 | INFO    | quant_system.strategies.risk_preservation | State 2 detected at 2021-01-08 00:00:00 - de-risking 60% of 1 position(s).
2026-08-29 04:56:02,969 | INFO    | quant_system.strategies.risk_preservation | State 2 detected at 2022-04-11 00:00:00 - de-risking 60% of 1 position(s).
2026-08-29 04:56:02,975 | INFO    | quant_system.strategies.risk_preservation | State 2 detected at 2022-04-19 00:00:00 - de-risking 60% of 1 position(s).
2026-08-29 04:56:02,979 | INFO    | quant_system.strategies.risk_preservation | State 2 detected at 2022-04-21 00:00:00 - de-risking 60% of 1 position(s).
2026-08-29 04:56:02,983 | INFO    | quant_system.strategies.risk_preservation | State 2 detected at 2022-04-25 00:00:00 - de-risking 60% of 1 position(s).
2026-08-29 04:56:02,986 | INFO    | quant_system.strategies.risk_preservation | State 2 detected at 2022-04-27 00:00:00 - de-risking 60% of 1 position(s).
2026-08-29 04:56:02,990 | INFO    | quant_system.strategies.risk_preservation | State 2 detected at 2022-04-29 00:00:00 - de-risking 60% of 1 position(s).
2026-08-29 04:56:02,995 | INFO    | quant_system.strategies.risk_preservation | State 2 detected at 2022-05-04 00:00:00 - de-risking 60% of 1 position(s).
2026-08-29 04:56:03,000 | INFO    | quant_system.strategies.risk_preservation | State 2 detected at 2022-05-06 00:00:00 - de-risking 60% of 1 position(s).
2026-08-29 04:56:03,005 | INFO    | quant_system.strategies.risk_preservation | State 2 detected at 2022-05-12 00:00:00 - de-risking 60% of 1 position(s).
2026-08-29 04:56:03,010 | INFO    | quant_system.strategies.risk_preservation | State 2 detected at 2022-05-20 00:00:00 - de-risking 60% of 1 position(s).
2026-08-29 04:56:03,015 | INFO    | quant_system.strategies.risk_preservation | State 2 detected at 2022-05-25 00:00:00 - de-risking 60% of 1 position(s).
2026-08-29 04:56:03,017 | INFO    | quant_system.strategies.risk_preservation | State 2 detected at 2022-05-27 00:00:00 - de-risking 60% of 1 position(s).
2026-08-29 04:56:03,024 | INFO    | quant_system.strategies.risk_preservation | State 2 detected at 2022-06-03 00:00:00 - de-risking 60% of 1 position(s).
2026-08-29 04:56:03,028 | INFO    | quant_system.strategies.risk_preservation | State 2 detected at 2022-06-07 00:00:00 - de-risking 60% of 1 position(s).
2026-08-29 04:56:03,031 | INFO    | quant_system.strategies.risk_preservation | State 2 detected at 2022-06-09 00:00:00 - de-risking 60% of 1 position(s).
2026-08-29 04:56:03,083 | INFO    | quant_system.backtesting.walk_forward |   best={'fast_base': 15, 'slow_base': 40, 'entry_z': 1.6}  IS 0.220 -> OOS 0.880  (degradation -300.0%, accepted)
2026-08-29 04:56:03,083 | INFO    | quant_system.backtesting.walk_forward | Segment 27/39  IS 2021-07-15..2022-07-15  OOS 2022-07-15..2022-10-13
2026-08-29 04:56:03,738 | INFO    | quant_system.strategies.risk_preservation | State 2 detected at 2022-04-11 00:00:00 - de-risking 60% of 1 position(s).
2026-08-29 04:56:03,744 | INFO    | quant_system.strategies.risk_preservation | State 2 detected at 2022-04-19 00:00:00 - de-risking 60% of 1 position(s).
2026-08-29 04:56:03,750 | INFO    | quant_system.strategies.risk_preservation | State 2 detected at 2022-04-21 00:00:00 - de-risking 60% of 1 position(s).
2026-08-29 04:56:03,755 | INFO    | quant_system.strategies.risk_preservation | State 2 detected at 2022-04-25 00:00:00 - de-risking 60% of 1 position(s).
2026-08-29 04:56:03,759 | INFO    | quant_system.strategies.risk_preservation | State 2 detected at 2022-04-27 00:00:00 - de-risking 60% of 1 position(s).
2026-08-29 04:56:03,764 | INFO    | quant_system.strategies.risk_preservation | State 2 detected at 2022-04-29 00:00:00 - de-risking 60% of 1 position(s).
2026-08-29 04:56:03,771 | INFO    | quant_system.strategies.risk_preservation | State 2 detected at 2022-05-04 00:00:00 - de-risking 60% of 1 position(s).
2026-08-29 04:56:03,776 | INFO    | quant_system.strategies.risk_preservation | State 2 detected at 2022-05-06 00:00:00 - de-risking 60% of 1 position(s).
2026-08-29 04:56:03,784 | INFO    | quant_system.strategies.risk_preservation | State 2 detected at 2022-05-12 00:00:00 - de-risking 60% of 1 position(s).
2026-08-29 04:56:03,788 | INFO    | quant_system.strategies.risk_preservation | State 2 detected at 2022-05-20 00:00:00 - de-risking 60% of 1 position(s).
2026-08-29 04:56:03,795 | INFO    | quant_system.strategies.risk_preservation | State 2 detected at 2022-05-25 00:00:00 - de-risking 60% of 1 position(s).
2026-08-29 04:56:03,796 | INFO    | quant_system.strategies.risk_preservation | State 2 detected at 2022-05-27 00:00:00 - de-risking 60% of 1 position(s).
2026-08-29 04:56:03,806 | INFO    | quant_system.strategies.risk_preservation | State 2 detected at 2022-06-03 00:00:00 - de-risking 60% of 1 position(s).
2026-08-29 04:56:03,811 | INFO    | quant_system.strategies.risk_preservation | State 2 detected at 2022-06-07 00:00:00 - de-risking 60% of 1 position(s).
2026-08-29 04:56:03,816 | INFO    | quant_system.strategies.risk_preservation | State 2 detected at 2022-06-09 00:00:00 - de-risking 60% of 1 position(s).
2026-08-29 04:56:04,108 | INFO    | quant_system.strategies.risk_preservation | State 2 detected at 2022-04-11 00:00:00 - de-risking 60% of 1 position(s).
2026-08-29 04:56:04,115 | INFO    | quant_system.strategies.risk_preservation | State 2 detected at 2022-04-19 00:00:00 - de-risking 60% of 1 position(s).
2026-08-29 04:56:04,120 | INFO    | quant_system.strategies.risk_preservation | State 2 detected at 2022-04-21 00:00:00 - de-risking 60% of 1 position(s).
2026-08-29 04:56:04,125 | INFO    | quant_system.strategies.risk_preservation | State 2 detected at 2022-04-25 00:00:00 - de-risking 60% of 1 position(s).
2026-08-29 04:56:04,129 | INFO    | quant_system.strategies.risk_preservation | State 2 detected at 2022-04-27 00:00:00 - de-risking 60% of 1 position(s).
2026-08-29 04:56:04,134 | INFO    | quant_system.strategies.risk_preservation | State 2 detected at 2022-04-29 00:00:00 - de-risking 60% of 1 position(s).
2026-08-29 04:56:04,140 | INFO    | quant_system.strategies.risk_preservation | State 2 detected at 2022-05-04 00:00:00 - de-risking 60% of 1 position(s).
2026-08-29 04:56:04,146 | INFO    | quant_system.strategies.risk_preservation | State 2 detected at 2022-05-06 00:00:00 - de-risking 60% of 1 position(s).
2026-08-29 04:56:04,153 | INFO    | quant_system.strategies.risk_preservation | State 2 detected at 2022-05-12 00:00:00 - de-risking 60% of 1 position(s).
2026-08-29 04:56:04,157 | INFO    | quant_system.strategies.risk_preservation | State 2 detected at 2022-05-20 00:00:00 - de-risking 60% of 1 position(s).
2026-08-29 04:56:04,164 | INFO    | quant_system.strategies.risk_preservation | State 2 detected at 2022-05-25 00:00:00 - de-risking 60% of 1 position(s).
2026-08-29 04:56:04,166 | INFO    | quant_system.strategies.risk_preservation | State 2 detected at 2022-05-27 00:00:00 - de-risking 60% of 1 position(s).
2026-08-29 04:56:04,176 | INFO    | quant_system.strategies.risk_preservation | State 2 detected at 2022-06-03 00:00:00 - de-risking 60% of 1 position(s).
2026-08-29 04:56:04,181 | INFO    | quant_system.strategies.risk_preservation | State 2 detected at 2022-06-07 00:00:00 - de-risking 60% of 1 position(s).
2026-08-29 04:56:04,186 | INFO    | quant_system.strategies.risk_preservation | State 2 detected at 2022-06-09 00:00:00 - de-risking 60% of 1 position(s).
2026-08-29 04:56:04,479 | INFO    | quant_system.strategies.risk_preservation | State 2 detected at 2022-04-11 00:00:00 - de-risking 60% of 1 position(s).
2026-08-29 04:56:04,485 | INFO    | quant_system.strategies.risk_preservation | State 2 detected at 2022-04-19 00:00:00 - de-risking 60% of 1 position(s).
2026-08-29 04:56:04,491 | INFO    | quant_system.strategies.risk_preservation | State 2 detected at 2022-04-21 00:00:00 - de-risking 60% of 1 position(s).
2026-08-29 04:56:04,496 | INFO    | quant_system.strategies.risk_preservation | State 2 detected at 2022-04-25 00:00:00 - de-risking 60% of 1 position(s).
2026-08-29 04:56:04,500 | INFO    | quant_system.strategies.risk_preservation | State 2 detected at 2022-04-27 00:00:00 - de-risking 60% of 1 position(s).
2026-08-29 04:56:04,505 | INFO    | quant_system.strategies.risk_preservation | State 2 detected at 2022-04-29 00:00:00 - de-risking 60% of 1 position(s).
2026-08-29 04:56:04,512 | INFO    | quant_system.strategies.risk_preservation | State 2 detected at 2022-05-04 00:00:00 - de-risking 60% of 1 position(s).
2026-08-29 04:56:04,517 | INFO    | quant_system.strategies.risk_preservation | State 2 detected at 2022-05-06 00:00:00 - de-risking 60% of 1 position(s).
2026-08-29 04:56:04,525 | INFO    | quant_system.strategies.risk_preservation | State 2 detected at 2022-05-12 00:00:00 - de-risking 60% of 1 position(s).
2026-08-29 04:56:04,529 | INFO    | quant_system.strategies.risk_preservation | State 2 detected at 2022-05-20 00:00:00 - de-risking 60% of 1 position(s).
2026-08-29 04:56:04,535 | INFO    | quant_system.strategies.risk_preservation | State 2 detected at 2022-05-25 00:00:00 - de-risking 60% of 1 position(s).
2026-08-29 04:56:04,537 | INFO    | quant_system.strategies.risk_preservation | State 2 detected at 2022-05-27 00:00:00 - de-risking 60% of 1 position(s).
2026-08-29 04:56:04,547 | INFO    | quant_system.strategies.risk_preservation | State 2 detected at 2022-06-03 00:00:00 - de-risking 60% of 1 position(s).
2026-08-29 04:56:04,552 | INFO    | quant_system.strategies.risk_preservation | State 2 detected at 2022-06-07 00:00:00 - de-risking 60% of 1 position(s).
2026-08-29 04:56:04,557 | INFO    | quant_system.strategies.risk_preservation | State 2 detected at 2022-06-09 00:00:00 - de-risking 60% of 1 position(s).
2026-08-29 04:56:04,851 | INFO    | quant_system.strategies.risk_preservation | State 2 detected at 2022-04-11 00:00:00 - de-risking 60% of 1 position(s).
2026-08-29 04:56:04,858 | INFO    | quant_system.strategies.risk_preservation | State 2 detected at 2022-04-19 00:00:00 - de-risking 60% of 1 position(s).
2026-08-29 04:56:04,863 | INFO    | quant_system.strategies.risk_preservation | State 2 detected at 2022-04-21 00:00:00 - de-risking 60% of 1 position(s).
2026-08-29 04:56:04,868 | INFO    | quant_system.strategies.risk_preservation | State 2 detected at 2022-04-25 00:00:00 - de-risking 60% of 1 position(s).
2026-08-29 04:56:04,872 | INFO    | quant_system.strategies.risk_preservation | State 2 detected at 2022-04-27 00:00:00 - de-risking 60% of 1 position(s).
2026-08-29 04:56:04,877 | INFO    | quant_system.strategies.risk_preservation | State 2 detected at 2022-04-29 00:00:00 - de-risking 60% of 1 position(s).
2026-08-29 04:56:04,884 | INFO    | quant_system.strategies.risk_preservation | State 2 detected at 2022-05-04 00:00:00 - de-risking 60% of 1 position(s).
2026-08-29 04:56:04,889 | INFO    | quant_system.strategies.risk_preservation | State 2 detected at 2022-05-06 00:00:00 - de-risking 60% of 1 position(s).
2026-08-29 04:56:04,897 | INFO    | quant_system.strategies.risk_preservation | State 2 detected at 2022-05-12 00:00:00 - de-risking 60% of 1 position(s).
2026-08-29 04:56:04,901 | INFO    | quant_system.strategies.risk_preservation | State 2 detected at 2022-05-20 00:00:00 - de-risking 60% of 1 position(s).
2026-08-29 04:56:04,907 | INFO    | quant_system.strategies.risk_preservation | State 2 detected at 2022-05-25 00:00:00 - de-risking 60% of 1 position(s).
2026-08-29 04:56:04,909 | INFO    | quant_system.strategies.risk_preservation | State 2 detected at 2022-05-27 00:00:00 - de-risking 60% of 1 position(s).
2026-08-29 04:56:04,919 | INFO    | quant_system.strategies.risk_preservation | State 2 detected at 2022-06-03 00:00:00 - de-risking 60% of 1 position(s).
2026-08-29 04:56:04,924 | INFO    | quant_system.strategies.risk_preservation | State 2 detected at 2022-06-07 00:00:00 - de-risking 60% of 1 position(s).
2026-08-29 04:56:04,929 | INFO    | quant_system.strategies.risk_preservation | State 2 detected at 2022-06-09 00:00:00 - de-risking 60% of 1 position(s).
2026-08-29 04:56:05,215 | INFO    | quant_system.strategies.risk_preservation | State 2 detected at 2022-04-11 00:00:00 - de-risking 60% of 1 position(s).
2026-08-29 04:56:05,221 | INFO    | quant_system.strategies.risk_preservation | State 2 detected at 2022-04-19 00:00:00 - de-risking 60% of 1 position(s).
2026-08-29 04:56:05,227 | INFO    | quant_system.strategies.risk_preservation | State 2 detected at 2022-04-21 00:00:00 - de-risking 60% of 1 position(s).
2026-08-29 04:56:05,231 | INFO    | quant_system.strategies.risk_preservation | State 2 detected at 2022-04-25 00:00:00 - de-risking 60% of 1 position(s).
2026-08-29 04:56:05,235 | INFO    | quant_system.strategies.risk_preservation | State 2 detected at 2022-04-27 00:00:00 - de-risking 60% of 1 position(s).
2026-08-29 04:56:05,240 | INFO    | quant_system.strategies.risk_preservation | State 2 detected at 2022-04-29 00:00:00 - de-risking 60% of 1 position(s).
2026-08-29 04:56:05,247 | INFO    | quant_system.strategies.risk_preservation | State 2 detected at 2022-05-04 00:00:00 - de-risking 60% of 1 position(s).
2026-08-29 04:56:05,253 | INFO    | quant_system.strategies.risk_preservation | State 2 detected at 2022-05-06 00:00:00 - de-risking 60% of 1 position(s).
2026-08-29 04:56:05,260 | INFO    | quant_system.strategies.risk_preservation | State 2 detected at 2022-05-12 00:00:00 - de-risking 60% of 1 position(s).
2026-08-29 04:56:05,264 | INFO    | quant_system.strategies.risk_preservation | State 2 detected at 2022-05-20 00:00:00 - de-risking 60% of 1 position(s).
2026-08-29 04:56:05,271 | INFO    | quant_system.strategies.risk_preservation | State 2 detected at 2022-05-25 00:00:00 - de-risking 60% of 1 position(s).
2026-08-29 04:56:05,273 | INFO    | quant_system.strategies.risk_preservation | State 2 detected at 2022-05-27 00:00:00 - de-risking 60% of 1 position(s).
2026-08-29 04:56:05,282 | INFO    | quant_system.strategies.risk_preservation | State 2 detected at 2022-06-03 00:00:00 - de-risking 60% of 1 position(s).
2026-08-29 04:56:05,287 | INFO    | quant_system.strategies.risk_preservation | State 2 detected at 2022-06-07 00:00:00 - de-risking 60% of 1 position(s).
2026-08-29 04:56:05,292 | INFO    | quant_system.strategies.risk_preservation | State 2 detected at 2022-06-09 00:00:00 - de-risking 60% of 1 position(s).
2026-08-29 04:56:07,587 | INFO    | quant_system.strategies.risk_preservation | State 2 detected at 2022-04-11 00:00:00 - de-risking 60% of 1 position(s).
2026-08-29 04:56:07,592 | INFO    | quant_system.strategies.risk_preservation | State 2 detected at 2022-04-19 00:00:00 - de-risking 60% of 1 position(s).
2026-08-29 04:56:07,596 | INFO    | quant_system.strategies.risk_preservation | State 2 detected at 2022-04-21 00:00:00 - de-risking 60% of 1 position(s).
2026-08-29 04:56:07,600 | INFO    | quant_system.strategies.risk_preservation | State 2 detected at 2022-04-25 00:00:00 - de-risking 60% of 1 position(s).
2026-08-29 04:56:07,603 | INFO    | quant_system.strategies.risk_preservation | State 2 detected at 2022-04-27 00:00:00 - de-risking 60% of 1 position(s).
2026-08-29 04:56:07,607 | INFO    | quant_system.strategies.risk_preservation | State 2 detected at 2022-04-29 00:00:00 - de-risking 60% of 1 position(s).
2026-08-29 04:56:07,612 | INFO    | quant_system.strategies.risk_preservation | State 2 detected at 2022-05-04 00:00:00 - de-risking 60% of 1 position(s).
2026-08-29 04:56:07,616 | INFO    | quant_system.strategies.risk_preservation | State 2 detected at 2022-05-06 00:00:00 - de-risking 60% of 1 position(s).
2026-08-29 04:56:07,622 | INFO    | quant_system.strategies.risk_preservation | State 2 detected at 2022-05-12 00:00:00 - de-risking 60% of 1 position(s).
2026-08-29 04:56:07,626 | INFO    | quant_system.strategies.risk_preservation | State 2 detected at 2022-05-20 00:00:00 - de-risking 60% of 1 position(s).
2026-08-29 04:56:07,631 | INFO    | quant_system.strategies.risk_preservation | State 2 detected at 2022-05-25 00:00:00 - de-risking 60% of 1 position(s).
2026-08-29 04:56:07,632 | INFO    | quant_system.strategies.risk_preservation | State 2 detected at 2022-05-27 00:00:00 - de-risking 60% of 1 position(s).
2026-08-29 04:56:07,639 | INFO    | quant_system.strategies.risk_preservation | State 2 detected at 2022-06-03 00:00:00 - de-risking 60% of 1 position(s).
2026-08-29 04:56:07,643 | INFO    | quant_system.strategies.risk_preservation | State 2 detected at 2022-06-07 00:00:00 - de-risking 60% of 1 position(s).
2026-08-29 04:56:07,646 | INFO    | quant_system.strategies.risk_preservation | State 2 detected at 2022-06-09 00:00:00 - de-risking 60% of 1 position(s).
2026-08-29 04:56:07,676 | INFO    | quant_system.strategies.risk_preservation | State 2 detected at 2022-08-08 00:00:00 - de-risking 60% of 1 position(s).
2026-08-29 04:56:07,699 | INFO    | quant_system.strategies.risk_preservation | State 2 detected at 2022-09-12 00:00:00 - de-risking 60% of 1 position(s).
2026-08-29 04:56:07,746 | INFO    | quant_system.backtesting.walk_forward |   best={'fast_base': 15, 'slow_base': 40, 'entry_z': 2.4}  IS 0.264 -> OOS 1.020  (degradation -285.6%, accepted)
2026-08-29 04:56:07,747 | INFO    | quant_system.backtesting.walk_forward | Segment 28/39  IS 2021-10-13..2022-10-13  OOS 2022-10-13..2023-01-13
2026-08-29 04:56:08,357 | INFO    | quant_system.strategies.risk_preservation | State 2 detected at 2022-04-11 00:00:00 - de-risking 60% of 1 position(s).
2026-08-29 04:56:08,363 | INFO    | quant_system.strategies.risk_preservation | State 2 detected at 2022-04-19 00:00:00 - de-risking 60% of 1 position(s).
2026-08-29 04:56:08,369 | INFO    | quant_system.strategies.risk_preservation | State 2 detected at 2022-04-21 00:00:00 - de-risking 60% of 1 position(s).
2026-08-29 04:56:08,374 | INFO    | quant_system.strategies.risk_preservation | State 2 detected at 2022-04-25 00:00:00 - de-risking 60% of 1 position(s).
2026-08-29 04:56:08,378 | INFO    | quant_system.strategies.risk_preservation | State 2 detected at 2022-04-27 00:00:00 - de-risking 60% of 1 position(s).
2026-08-29 04:56:08,383 | INFO    | quant_system.strategies.risk_preservation | State 2 detected at 2022-04-29 00:00:00 - de-risking 60% of 1 position(s).
2026-08-29 04:56:08,390 | INFO    | quant_system.strategies.risk_preservation | State 2 detected at 2022-05-04 00:00:00 - de-risking 60% of 1 position(s).
2026-08-29 04:56:08,396 | INFO    | quant_system.strategies.risk_preservation | State 2 detected at 2022-05-06 00:00:00 - de-risking 60% of 1 position(s).
2026-08-29 04:56:08,403 | INFO    | quant_system.strategies.risk_preservation | State 2 detected at 2022-05-12 00:00:00 - de-risking 60% of 1 position(s).
2026-08-29 04:56:08,408 | INFO    | quant_system.strategies.risk_preservation | State 2 detected at 2022-05-20 00:00:00 - de-risking 60% of 1 position(s).
2026-08-29 04:56:08,414 | INFO    | quant_system.strategies.risk_preservation | State 2 detected at 2022-05-25 00:00:00 - de-risking 60% of 1 position(s).
2026-08-29 04:56:08,416 | INFO    | quant_system.strategies.risk_preservation | State 2 detected at 2022-05-27 00:00:00 - de-risking 60% of 1 position(s).
2026-08-29 04:56:08,426 | INFO    | quant_system.strategies.risk_preservation | State 2 detected at 2022-06-03 00:00:00 - de-risking 60% of 1 position(s).
2026-08-29 04:56:08,431 | INFO    | quant_system.strategies.risk_preservation | State 2 detected at 2022-06-07 00:00:00 - de-risking 60% of 1 position(s).
2026-08-29 04:56:08,436 | INFO    | quant_system.strategies.risk_preservation | State 2 detected at 2022-06-09 00:00:00 - de-risking 60% of 1 position(s).
2026-08-29 04:56:08,469 | INFO    | quant_system.strategies.risk_preservation | State 2 detected at 2022-08-08 00:00:00 - de-risking 60% of 1 position(s).
2026-08-29 04:56:08,494 | INFO    | quant_system.strategies.risk_preservation | State 2 detected at 2022-09-12 00:00:00 - de-risking 60% of 1 position(s).
2026-08-29 04:56:08,737 | INFO    | quant_system.strategies.risk_preservation | State 2 detected at 2022-04-11 00:00:00 - de-risking 60% of 1 position(s).
2026-08-29 04:56:08,742 | INFO    | quant_system.strategies.risk_preservation | State 2 detected at 2022-04-19 00:00:00 - de-risking 60% of 1 position(s).
2026-08-29 04:56:08,747 | INFO    | quant_system.strategies.risk_preservation | State 2 detected at 2022-04-21 00:00:00 - de-risking 60% of 1 position(s).
2026-08-29 04:56:08,752 | INFO    | quant_system.strategies.risk_preservation | State 2 detected at 2022-04-25 00:00:00 - de-risking 60% of 1 position(s).
2026-08-29 04:56:08,756 | INFO    | quant_system.strategies.risk_preservation | State 2 detected at 2022-04-27 00:00:00 - de-risking 60% of 1 position(s).
2026-08-29 04:56:08,761 | INFO    | quant_system.strategies.risk_preservation | State 2 detected at 2022-04-29 00:00:00 - de-risking 60% of 1 position(s).
2026-08-29 04:56:08,768 | INFO    | quant_system.strategies.risk_preservation | State 2 detected at 2022-05-04 00:00:00 - de-risking 60% of 1 position(s).
2026-08-29 04:56:08,774 | INFO    | quant_system.strategies.risk_preservation | State 2 detected at 2022-05-06 00:00:00 - de-risking 60% of 1 position(s).
2026-08-29 04:56:08,781 | INFO    | quant_system.strategies.risk_preservation | State 2 detected at 2022-05-12 00:00:00 - de-risking 60% of 1 position(s).
2026-08-29 04:56:08,785 | INFO    | quant_system.strategies.risk_preservation | State 2 detected at 2022-05-20 00:00:00 - de-risking 60% of 1 position(s).
2026-08-29 04:56:08,792 | INFO    | quant_system.strategies.risk_preservation | State 2 detected at 2022-05-25 00:00:00 - de-risking 60% of 1 position(s).
2026-08-29 04:56:08,794 | INFO    | quant_system.strategies.risk_preservation | State 2 detected at 2022-05-27 00:00:00 - de-risking 60% of 1 position(s).
2026-08-29 04:56:08,803 | INFO    | quant_system.strategies.risk_preservation | State 2 detected at 2022-06-03 00:00:00 - de-risking 60% of 1 position(s).
2026-08-29 04:56:08,808 | INFO    | quant_system.strategies.risk_preservation | State 2 detected at 2022-06-07 00:00:00 - de-risking 60% of 1 position(s).
2026-08-29 04:56:08,813 | INFO    | quant_system.strategies.risk_preservation | State 2 detected at 2022-06-09 00:00:00 - de-risking 60% of 1 position(s).
2026-08-29 04:56:08,846 | INFO    | quant_system.strategies.risk_preservation | State 2 detected at 2022-08-08 00:00:00 - de-risking 60% of 1 position(s).
2026-08-29 04:56:08,871 | INFO    | quant_system.strategies.risk_preservation | State 2 detected at 2022-09-12 00:00:00 - de-risking 60% of 1 position(s).
2026-08-29 04:56:09,113 | INFO    | quant_system.strategies.risk_preservation | State 2 detected at 2022-04-11 00:00:00 - de-risking 60% of 1 position(s).
2026-08-29 04:56:09,119 | INFO    | quant_system.strategies.risk_preservation | State 2 detected at 2022-04-19 00:00:00 - de-risking 60% of 1 position(s).
2026-08-29 04:56:09,123 | INFO    | quant_system.strategies.risk_preservation | State 2 detected at 2022-04-21 00:00:00 - de-risking 60% of 1 position(s).
2026-08-29 04:56:09,128 | INFO    | quant_system.strategies.risk_preservation | State 2 detected at 2022-04-25 00:00:00 - de-risking 60% of 1 position(s).
2026-08-29 04:56:09,132 | INFO    | quant_system.strategies.risk_preservation | State 2 detected at 2022-04-27 00:00:00 - de-risking 60% of 1 position(s).
2026-08-29 04:56:09,137 | INFO    | quant_system.strategies.risk_preservation | State 2 detected at 2022-04-29 00:00:00 - de-risking 60% of 1 position(s).
2026-08-29 04:56:09,144 | INFO    | quant_system.strategies.risk_preservation | State 2 detected at 2022-05-04 00:00:00 - de-risking 60% of 1 position(s).
2026-08-29 04:56:09,150 | INFO    | quant_system.strategies.risk_preservation | State 2 detected at 2022-05-06 00:00:00 - de-risking 60% of 1 position(s).
2026-08-29 04:56:09,157 | INFO    | quant_system.strategies.risk_preservation | State 2 detected at 2022-05-12 00:00:00 - de-risking 60% of 1 position(s).
2026-08-29 04:56:09,161 | INFO    | quant_system.strategies.risk_preservation | State 2 detected at 2022-05-20 00:00:00 - de-risking 60% of 1 position(s).
2026-08-29 04:56:09,168 | INFO    | quant_system.strategies.risk_preservation | State 2 detected at 2022-05-25 00:00:00 - de-risking 60% of 1 position(s).
2026-08-29 04:56:09,169 | INFO    | quant_system.strategies.risk_preservation | State 2 detected at 2022-05-27 00:00:00 - de-risking 60% of 1 position(s).
2026-08-29 04:56:09,179 | INFO    | quant_system.strategies.risk_preservation | State 2 detected at 2022-06-03 00:00:00 - de-risking 60% of 1 position(s).
2026-08-29 04:56:09,184 | INFO    | quant_system.strategies.risk_preservation | State 2 detected at 2022-06-07 00:00:00 - de-risking 60% of 1 position(s).
2026-08-29 04:56:09,189 | INFO    | quant_system.strategies.risk_preservation | State 2 detected at 2022-06-09 00:00:00 - de-risking 60% of 1 position(s).
2026-08-29 04:56:09,222 | INFO    | quant_system.strategies.risk_preservation | State 2 detected at 2022-08-08 00:00:00 - de-risking 60% of 1 position(s).
2026-08-29 04:56:09,247 | INFO    | quant_system.strategies.risk_preservation | State 2 detected at 2022-09-12 00:00:00 - de-risking 60% of 1 position(s).
2026-08-29 04:56:09,484 | INFO    | quant_system.strategies.risk_preservation | State 2 detected at 2022-04-11 00:00:00 - de-risking 60% of 1 position(s).
2026-08-29 04:56:09,490 | INFO    | quant_system.strategies.risk_preservation | State 2 detected at 2022-04-19 00:00:00 - de-risking 60% of 1 position(s).
2026-08-29 04:56:09,494 | INFO    | quant_system.strategies.risk_preservation | State 2 detected at 2022-04-21 00:00:00 - de-risking 60% of 1 position(s).
2026-08-29 04:56:09,499 | INFO    | quant_system.strategies.risk_preservation | State 2 detected at 2022-04-25 00:00:00 - de-risking 60% of 1 position(s).
2026-08-29 04:56:09,503 | INFO    | quant_system.strategies.risk_preservation | State 2 detected at 2022-04-27 00:00:00 - de-risking 60% of 1 position(s).
2026-08-29 04:56:09,508 | INFO    | quant_system.strategies.risk_preservation | State 2 detected at 2022-04-29 00:00:00 - de-risking 60% of 1 position(s).
2026-08-29 04:56:09,515 | INFO    | quant_system.strategies.risk_preservation | State 2 detected at 2022-05-04 00:00:00 - de-risking 60% of 1 position(s).
2026-08-29 04:56:09,520 | INFO    | quant_system.strategies.risk_preservation | State 2 detected at 2022-05-06 00:00:00 - de-risking 60% of 1 position(s).
2026-08-29 04:56:09,528 | INFO    | quant_system.strategies.risk_preservation | State 2 detected at 2022-05-12 00:00:00 - de-risking 60% of 1 position(s).
2026-08-29 04:56:09,532 | INFO    | quant_system.strategies.risk_preservation | State 2 detected at 2022-05-20 00:00:00 - de-risking 60% of 1 position(s).
2026-08-29 04:56:09,538 | INFO    | quant_system.strategies.risk_preservation | State 2 detected at 2022-05-25 00:00:00 - de-risking 60% of 1 position(s).
2026-08-29 04:56:09,540 | INFO    | quant_system.strategies.risk_preservation | State 2 detected at 2022-05-27 00:00:00 - de-risking 60% of 1 position(s).
2026-08-29 04:56:09,550 | INFO    | quant_system.strategies.risk_preservation | State 2 detected at 2022-06-03 00:00:00 - de-risking 60% of 1 position(s).
2026-08-29 04:56:09,555 | INFO    | quant_system.strategies.risk_preservation | State 2 detected at 2022-06-07 00:00:00 - de-risking 60% of 1 position(s).
2026-08-29 04:56:09,560 | INFO    | quant_system.strategies.risk_preservation | State 2 detected at 2022-06-09 00:00:00 - de-risking 60% of 1 position(s).
2026-08-29 04:56:09,592 | INFO    | quant_system.strategies.risk_preservation | State 2 detected at 2022-08-08 00:00:00 - de-risking 60% of 1 position(s).
2026-08-29 04:56:09,834 | INFO    | quant_system.strategies.risk_preservation | State 2 detected at 2022-04-11 00:00:00 - de-risking 60% of 1 position(s).
2026-08-29 04:56:09,839 | INFO    | quant_system.strategies.risk_preservation | State 2 detected at 2022-04-19 00:00:00 - de-risking 60% of 1 position(s).
2026-08-29 04:56:09,843 | INFO    | quant_system.strategies.risk_preservation | State 2 detected at 2022-04-21 00:00:00 - de-risking 60% of 1 position(s).
2026-08-29 04:56:09,847 | INFO    | quant_system.strategies.risk_preservation | State 2 detected at 2022-04-25 00:00:00 - de-risking 60% of 1 position(s).
2026-08-29 04:56:09,851 | INFO    | quant_system.strategies.risk_preservation | State 2 detected at 2022-04-27 00:00:00 - de-risking 60% of 1 position(s).
2026-08-29 04:56:09,854 | INFO    | quant_system.strategies.risk_preservation | State 2 detected at 2022-04-29 00:00:00 - de-risking 60% of 1 position(s).
2026-08-29 04:56:09,860 | INFO    | quant_system.strategies.risk_preservation | State 2 detected at 2022-05-04 00:00:00 - de-risking 60% of 1 position(s).
2026-08-29 04:56:09,865 | INFO    | quant_system.strategies.risk_preservation | State 2 detected at 2022-05-06 00:00:00 - de-risking 60% of 1 position(s).
2026-08-29 04:56:09,872 | INFO    | quant_system.strategies.risk_preservation | State 2 detected at 2022-05-12 00:00:00 - de-risking 60% of 1 position(s).
2026-08-29 04:56:09,876 | INFO    | quant_system.strategies.risk_preservation | State 2 detected at 2022-05-20 00:00:00 - de-risking 60% of 1 position(s).
2026-08-29 04:56:09,882 | INFO    | quant_system.strategies.risk_preservation | State 2 detected at 2022-05-25 00:00:00 - de-risking 60% of 1 position(s).
2026-08-29 04:56:09,884 | INFO    | quant_system.strategies.risk_preservation | State 2 detected at 2022-05-27 00:00:00 - de-risking 60% of 1 position(s).
2026-08-29 04:56:09,893 | INFO    | quant_system.strategies.risk_preservation | State 2 detected at 2022-06-03 00:00:00 - de-risking 60% of 1 position(s).
2026-08-29 04:56:09,898 | INFO    | quant_system.strategies.risk_preservation | State 2 detected at 2022-06-07 00:00:00 - de-risking 60% of 1 position(s).
2026-08-29 04:56:09,903 | INFO    | quant_system.strategies.risk_preservation | State 2 detected at 2022-06-09 00:00:00 - de-risking 60% of 1 position(s).
2026-08-29 04:56:09,936 | INFO    | quant_system.strategies.risk_preservation | State 2 detected at 2022-08-08 00:00:00 - de-risking 60% of 1 position(s).
2026-08-29 04:56:09,959 | INFO    | quant_system.strategies.risk_preservation | State 2 detected at 2022-09-12 00:00:00 - de-risking 60% of 1 position(s).
2026-08-29 04:56:10,653 | INFO    | quant_system.strategies.risk_preservation | State 2 detected at 2022-09-12 00:00:00 - de-risking 60% of 1 position(s).
2026-08-29 04:56:10,958 | INFO    | quant_system.strategies.risk_preservation | State 2 detected at 2022-09-12 00:00:00 - de-risking 60% of 1 position(s).
2026-08-29 04:56:11,308 | INFO    | quant_system.strategies.risk_preservation | State 2 detected at 2022-09-12 00:00:00 - de-risking 60% of 1 position(s).
2026-08-29 04:56:11,611 | INFO    | quant_system.strategies.risk_preservation | State 2 detected at 2022-09-12 00:00:00 - de-risking 60% of 1 position(s).
2026-08-29 04:56:11,901 | INFO    | quant_system.strategies.risk_preservation | State 2 detected at 2022-09-12 00:00:00 - de-risking 60% of 1 position(s).
2026-08-29 04:56:12,261 | INFO    | quant_system.strategies.risk_preservation | State 2 detected at 2022-09-12 00:00:00 - de-risking 60% of 1 position(s).
2026-08-29 04:56:12,330 | INFO    | quant_system.backtesting.walk_forward |   best={'fast_base': 20, 'slow_base': 50, 'entry_z': 2.4}  IS 0.356 -> OOS 1.628  (degradation -357.0%, accepted)
2026-08-29 04:56:12,330 | INFO    | quant_system.backtesting.walk_forward | Segment 29/39  IS 2022-01-12..2023-01-13  OOS 2023-01-13..2023-04-17
2026-08-29 04:56:12,889 | INFO    | quant_system.strategies.risk_preservation | State 2 detected at 2022-04-11 00:00:00 - de-risking 60% of 1 position(s).
2026-08-29 04:56:12,895 | INFO    | quant_system.strategies.risk_preservation | State 2 detected at 2022-04-19 00:00:00 - de-risking 60% of 1 position(s).
2026-08-29 04:56:12,899 | INFO    | quant_system.strategies.risk_preservation | State 2 detected at 2022-04-21 00:00:00 - de-risking 60% of 1 position(s).
2026-08-29 04:56:12,903 | INFO    | quant_system.strategies.risk_preservation | State 2 detected at 2022-04-25 00:00:00 - de-risking 60% of 1 position(s).
2026-08-29 04:56:12,907 | INFO    | quant_system.strategies.risk_preservation | State 2 detected at 2022-04-27 00:00:00 - de-risking 60% of 1 position(s).
2026-08-29 04:56:12,910 | INFO    | quant_system.strategies.risk_preservation | State 2 detected at 2022-04-29 00:00:00 - de-risking 60% of 1 position(s).
2026-08-29 04:56:12,916 | INFO    | quant_system.strategies.risk_preservation | State 2 detected at 2022-05-04 00:00:00 - de-risking 60% of 1 position(s).
2026-08-29 04:56:12,921 | INFO    | quant_system.strategies.risk_preservation | State 2 detected at 2022-05-06 00:00:00 - de-risking 60% of 1 position(s).
2026-08-29 04:56:12,928 | INFO    | quant_system.strategies.risk_preservation | State 2 detected at 2022-05-12 00:00:00 - de-risking 60% of 1 position(s).
2026-08-29 04:56:12,933 | INFO    | quant_system.strategies.risk_preservation | State 2 detected at 2022-05-20 00:00:00 - de-risking 60% of 1 position(s).
2026-08-29 04:56:12,939 | INFO    | quant_system.strategies.risk_preservation | State 2 detected at 2022-05-25 00:00:00 - de-risking 60% of 1 position(s).
2026-08-29 04:56:12,941 | INFO    | quant_system.strategies.risk_preservation | State 2 detected at 2022-05-27 00:00:00 - de-risking 60% of 1 position(s).
2026-08-29 04:56:12,950 | INFO    | quant_system.strategies.risk_preservation | State 2 detected at 2022-06-03 00:00:00 - de-risking 60% of 1 position(s).
2026-08-29 04:56:12,955 | INFO    | quant_system.strategies.risk_preservation | State 2 detected at 2022-06-07 00:00:00 - de-risking 60% of 1 position(s).
2026-08-29 04:56:12,960 | INFO    | quant_system.strategies.risk_preservation | State 2 detected at 2022-06-09 00:00:00 - de-risking 60% of 1 position(s).
2026-08-29 04:56:12,994 | INFO    | quant_system.strategies.risk_preservation | State 2 detected at 2022-08-08 00:00:00 - de-risking 60% of 1 position(s).
2026-08-29 04:56:13,020 | INFO    | quant_system.strategies.risk_preservation | State 2 detected at 2022-09-12 00:00:00 - de-risking 60% of 1 position(s).
2026-08-29 04:56:13,263 | INFO    | quant_system.strategies.risk_preservation | State 2 detected at 2022-04-11 00:00:00 - de-risking 60% of 1 position(s).
2026-08-29 04:56:13,269 | INFO    | quant_system.strategies.risk_preservation | State 2 detected at 2022-04-19 00:00:00 - de-risking 60% of 1 position(s).
2026-08-29 04:56:13,274 | INFO    | quant_system.strategies.risk_preservation | State 2 detected at 2022-04-21 00:00:00 - de-risking 60% of 1 position(s).
2026-08-29 04:56:13,277 | INFO    | quant_system.strategies.risk_preservation | State 2 detected at 2022-04-25 00:00:00 - de-risking 60% of 1 position(s).
2026-08-29 04:56:13,281 | INFO    | quant_system.strategies.risk_preservation | State 2 detected at 2022-04-27 00:00:00 - de-risking 60% of 1 position(s).
2026-08-29 04:56:13,284 | INFO    | quant_system.strategies.risk_preservation | State 2 detected at 2022-04-29 00:00:00 - de-risking 60% of 1 position(s).
2026-08-29 04:56:13,290 | INFO    | quant_system.strategies.risk_preservation | State 2 detected at 2022-05-04 00:00:00 - de-risking 60% of 1 position(s).
2026-08-29 04:56:13,294 | INFO    | quant_system.strategies.risk_preservation | State 2 detected at 2022-05-06 00:00:00 - de-risking 60% of 1 position(s).
2026-08-29 04:56:13,300 | INFO    | quant_system.strategies.risk_preservation | State 2 detected at 2022-05-12 00:00:00 - de-risking 60% of 1 position(s).
2026-08-29 04:56:13,304 | INFO    | quant_system.strategies.risk_preservation | State 2 detected at 2022-05-20 00:00:00 - de-risking 60% of 1 position(s).
2026-08-29 04:56:13,310 | INFO    | quant_system.strategies.risk_preservation | State 2 detected at 2022-05-25 00:00:00 - de-risking 60% of 1 position(s).
2026-08-29 04:56:13,312 | INFO    | quant_system.strategies.risk_preservation | State 2 detected at 2022-05-27 00:00:00 - de-risking 60% of 1 position(s).
2026-08-29 04:56:13,321 | INFO    | quant_system.strategies.risk_preservation | State 2 detected at 2022-06-03 00:00:00 - de-risking 60% of 1 position(s).
2026-08-29 04:56:13,326 | INFO    | quant_system.strategies.risk_preservation | State 2 detected at 2022-06-07 00:00:00 - de-risking 60% of 1 position(s).
2026-08-29 04:56:13,331 | INFO    | quant_system.strategies.risk_preservation | State 2 detected at 2022-06-09 00:00:00 - de-risking 60% of 1 position(s).
2026-08-29 04:56:13,362 | INFO    | quant_system.strategies.risk_preservation | State 2 detected at 2022-08-08 00:00:00 - de-risking 60% of 1 position(s).
2026-08-29 04:56:13,382 | INFO    | quant_system.strategies.risk_preservation | State 2 detected at 2022-09-12 00:00:00 - de-risking 60% of 1 position(s).
2026-08-29 04:56:13,477 | INFO    | quant_system.strategies.risk_preservation | State 2 detected at 2022-12-12 00:00:00 - de-risking 60% of 1 position(s).
2026-08-29 04:56:13,482 | INFO    | quant_system.strategies.risk_preservation | State 2 detected at 2022-12-14 00:00:00 - de-risking 60% of 1 position(s).
2026-08-29 04:56:13,487 | INFO    | quant_system.strategies.risk_preservation | State 2 detected at 2022-12-16 00:00:00 - de-risking 60% of 1 position(s).
2026-08-29 04:56:13,493 | INFO    | quant_system.strategies.risk_preservation | State 2 detected at 2022-12-21 00:00:00 - de-risking 60% of 1 position(s).
2026-08-29 04:56:13,497 | INFO    | quant_system.strategies.risk_preservation | State 2 detected at 2022-12-23 00:00:00 - de-risking 60% of 1 position(s).
2026-08-29 04:56:13,502 | INFO    | quant_system.strategies.risk_preservation | State 2 detected at 2022-12-28 00:00:00 - de-risking 60% of 1 position(s).
2026-08-29 04:56:13,508 | INFO    | quant_system.strategies.risk_preservation | State 2 detected at 2022-12-30 00:00:00 - de-risking 60% of 1 position(s).
2026-08-29 04:56:13,513 | INFO    | quant_system.strategies.risk_preservation | State 2 detected at 2023-01-04 00:00:00 - de-risking 60% of 1 position(s).
2026-08-29 04:56:13,519 | INFO    | quant_system.strategies.risk_preservation | State 2 detected at 2023-01-06 00:00:00 - de-risking 60% of 1 position(s).
2026-08-29 04:56:13,524 | INFO    | quant_system.strategies.risk_preservation | State 2 detected at 2023-01-10 00:00:00 - de-risking 60% of 1 position(s).
2026-08-29 04:56:13,714 | INFO    | quant_system.strategies.risk_preservation | State 2 detected at 2022-04-11 00:00:00 - de-risking 60% of 1 position(s).
2026-08-29 04:56:13,719 | INFO    | quant_system.strategies.risk_preservation | State 2 detected at 2022-04-19 00:00:00 - de-risking 60% of 1 position(s).
2026-08-29 04:56:13,724 | INFO    | quant_system.strategies.risk_preservation | State 2 detected at 2022-04-21 00:00:00 - de-risking 60% of 1 position(s).
2026-08-29 04:56:13,728 | INFO    | quant_system.strategies.risk_preservation | State 2 detected at 2022-04-25 00:00:00 - de-risking 60% of 1 position(s).
2026-08-29 04:56:13,731 | INFO    | quant_system.strategies.risk_preservation | State 2 detected at 2022-04-27 00:00:00 - de-risking 60% of 1 position(s).
2026-08-29 04:56:13,735 | INFO    | quant_system.strategies.risk_preservation | State 2 detected at 2022-04-29 00:00:00 - de-risking 60% of 1 position(s).
2026-08-29 04:56:13,740 | INFO    | quant_system.strategies.risk_preservation | State 2 detected at 2022-05-04 00:00:00 - de-risking 60% of 1 position(s).
2026-08-29 04:56:13,745 | INFO    | quant_system.strategies.risk_preservation | State 2 detected at 2022-05-06 00:00:00 - de-risking 60% of 1 position(s).
2026-08-29 04:56:13,752 | INFO    | quant_system.strategies.risk_preservation | State 2 detected at 2022-05-12 00:00:00 - de-risking 60% of 1 position(s).
2026-08-29 04:56:13,756 | INFO    | quant_system.strategies.risk_preservation | State 2 detected at 2022-05-20 00:00:00 - de-risking 60% of 1 position(s).
2026-08-29 04:56:13,763 | INFO    | quant_system.strategies.risk_preservation | State 2 detected at 2022-05-25 00:00:00 - de-risking 60% of 1 position(s).
2026-08-29 04:56:13,764 | INFO    | quant_system.strategies.risk_preservation | State 2 detected at 2022-05-27 00:00:00 - de-risking 60% of 1 position(s).
2026-08-29 04:56:13,774 | INFO    | quant_system.strategies.risk_preservation | State 2 detected at 2022-06-03 00:00:00 - de-risking 60% of 1 position(s).
2026-08-29 04:56:13,779 | INFO    | quant_system.strategies.risk_preservation | State 2 detected at 2022-06-07 00:00:00 - de-risking 60% of 1 position(s).
2026-08-29 04:56:13,784 | INFO    | quant_system.strategies.risk_preservation | State 2 detected at 2022-06-09 00:00:00 - de-risking 60% of 1 position(s).
2026-08-29 04:56:13,818 | INFO    | quant_system.strategies.risk_preservation | State 2 detected at 2022-08-08 00:00:00 - de-risking 60% of 1 position(s).
2026-08-29 04:56:13,843 | INFO    | quant_system.strategies.risk_preservation | State 2 detected at 2022-09-12 00:00:00 - de-risking 60% of 1 position(s).
2026-08-29 04:56:14,069 | INFO    | quant_system.strategies.risk_preservation | State 2 detected at 2022-04-11 00:00:00 - de-risking 60% of 1 position(s).
2026-08-29 04:56:14,075 | INFO    | quant_system.strategies.risk_preservation | State 2 detected at 2022-04-19 00:00:00 - de-risking 60% of 1 position(s).
2026-08-29 04:56:14,079 | INFO    | quant_system.strategies.risk_preservation | State 2 detected at 2022-04-21 00:00:00 - de-risking 60% of 1 position(s).
2026-08-29 04:56:14,082 | INFO    | quant_system.strategies.risk_preservation | State 2 detected at 2022-04-25 00:00:00 - de-risking 60% of 1 position(s).
2026-08-29 04:56:14,086 | INFO    | quant_system.strategies.risk_preservation | State 2 detected at 2022-04-27 00:00:00 - de-risking 60% of 1 position(s).
2026-08-29 04:56:14,089 | INFO    | quant_system.strategies.risk_preservation | State 2 detected at 2022-04-29 00:00:00 - de-risking 60% of 1 position(s).
2026-08-29 04:56:14,094 | INFO    | quant_system.strategies.risk_preservation | State 2 detected at 2022-05-04 00:00:00 - de-risking 60% of 1 position(s).
2026-08-29 04:56:14,099 | INFO    | quant_system.strategies.risk_preservation | State 2 detected at 2022-05-06 00:00:00 - de-risking 60% of 1 position(s).
2026-08-29 04:56:14,105 | INFO    | quant_system.strategies.risk_preservation | State 2 detected at 2022-05-12 00:00:00 - de-risking 60% of 1 position(s).
2026-08-29 04:56:14,108 | INFO    | quant_system.strategies.risk_preservation | State 2 detected at 2022-05-20 00:00:00 - de-risking 60% of 1 position(s).
2026-08-29 04:56:14,113 | INFO    | quant_system.strategies.risk_preservation | State 2 detected at 2022-05-25 00:00:00 - de-risking 60% of 1 position(s).
2026-08-29 04:56:14,115 | INFO    | quant_system.strategies.risk_preservation | State 2 detected at 2022-05-27 00:00:00 - de-risking 60% of 1 position(s).
2026-08-29 04:56:14,124 | INFO    | quant_system.strategies.risk_preservation | State 2 detected at 2022-06-03 00:00:00 - de-risking 60% of 1 position(s).
2026-08-29 04:56:14,129 | INFO    | quant_system.strategies.risk_preservation | State 2 detected at 2022-06-07 00:00:00 - de-risking 60% of 1 position(s).
2026-08-29 04:56:14,134 | INFO    | quant_system.strategies.risk_preservation | State 2 detected at 2022-06-09 00:00:00 - de-risking 60% of 1 position(s).
2026-08-29 04:56:14,167 | INFO    | quant_system.strategies.risk_preservation | State 2 detected at 2022-08-08 00:00:00 - de-risking 60% of 1 position(s).
2026-08-29 04:56:14,190 | INFO    | quant_system.strategies.risk_preservation | State 2 detected at 2022-09-12 00:00:00 - de-risking 60% of 1 position(s).
2026-08-29 04:56:14,413 | INFO    | quant_system.strategies.risk_preservation | State 2 detected at 2022-04-11 00:00:00 - de-risking 60% of 1 position(s).
2026-08-29 04:56:14,419 | INFO    | quant_system.strategies.risk_preservation | State 2 detected at 2022-04-19 00:00:00 - de-risking 60% of 1 position(s).
2026-08-29 04:56:14,423 | INFO    | quant_system.strategies.risk_preservation | State 2 detected at 2022-04-21 00:00:00 - de-risking 60% of 1 position(s).
2026-08-29 04:56:14,427 | INFO    | quant_system.strategies.risk_preservation | State 2 detected at 2022-04-25 00:00:00 - de-risking 60% of 1 position(s).
2026-08-29 04:56:14,430 | INFO    | quant_system.strategies.risk_preservation | State 2 detected at 2022-04-27 00:00:00 - de-risking 60% of 1 position(s).
2026-08-29 04:56:14,434 | INFO    | quant_system.strategies.risk_preservation | State 2 detected at 2022-04-29 00:00:00 - de-risking 60% of 1 position(s).
2026-08-29 04:56:14,439 | INFO    | quant_system.strategies.risk_preservation | State 2 detected at 2022-05-04 00:00:00 - de-risking 60% of 1 position(s).
2026-08-29 04:56:14,443 | INFO    | quant_system.strategies.risk_preservation | State 2 detected at 2022-05-06 00:00:00 - de-risking 60% of 1 position(s).
2026-08-29 04:56:14,449 | INFO    | quant_system.strategies.risk_preservation | State 2 detected at 2022-05-12 00:00:00 - de-risking 60% of 1 position(s).
2026-08-29 04:56:14,453 | INFO    | quant_system.strategies.risk_preservation | State 2 detected at 2022-05-20 00:00:00 - de-risking 60% of 1 position(s).
2026-08-29 04:56:14,458 | INFO    | quant_system.strategies.risk_preservation | State 2 detected at 2022-05-25 00:00:00 - de-risking 60% of 1 position(s).
2026-08-29 04:56:14,459 | INFO    | quant_system.strategies.risk_preservation | State 2 detected at 2022-05-27 00:00:00 - de-risking 60% of 1 position(s).
2026-08-29 04:56:14,466 | INFO    | quant_system.strategies.risk_preservation | State 2 detected at 2022-06-03 00:00:00 - de-risking 60% of 1 position(s).
2026-08-29 04:56:14,471 | INFO    | quant_system.strategies.risk_preservation | State 2 detected at 2022-06-07 00:00:00 - de-risking 60% of 1 position(s).
2026-08-29 04:56:14,475 | INFO    | quant_system.strategies.risk_preservation | State 2 detected at 2022-06-09 00:00:00 - de-risking 60% of 1 position(s).
2026-08-29 04:56:14,514 | INFO    | quant_system.strategies.risk_preservation | State 2 detected at 2022-08-08 00:00:00 - de-risking 60% of 1 position(s).
2026-08-29 04:56:14,551 | INFO    | quant_system.strategies.risk_preservation | State 2 detected at 2022-09-12 00:00:00 - de-risking 60% of 1 position(s).
2026-08-29 04:56:15,273 | INFO    | quant_system.strategies.risk_preservation | State 2 detected at 2022-09-12 00:00:00 - de-risking 60% of 1 position(s).
2026-08-29 04:56:15,564 | INFO    | quant_system.strategies.risk_preservation | State 2 detected at 2022-09-12 00:00:00 - de-risking 60% of 1 position(s).
2026-08-29 04:56:15,859 | INFO    | quant_system.strategies.risk_preservation | State 2 detected at 2022-09-12 00:00:00 - de-risking 60% of 1 position(s).
2026-08-29 04:56:16,144 | INFO    | quant_system.strategies.risk_preservation | State 2 detected at 2022-09-12 00:00:00 - de-risking 60% of 1 position(s).
2026-08-29 04:56:16,421 | INFO    | quant_system.strategies.risk_preservation | State 2 detected at 2022-09-12 00:00:00 - de-risking 60% of 1 position(s).
2026-08-29 04:56:16,764 | INFO    | quant_system.strategies.risk_preservation | State 2 detected at 2022-09-12 00:00:00 - de-risking 60% of 2 position(s).
2026-08-29 04:56:16,856 | INFO    | quant_system.backtesting.walk_forward |   best={'fast_base': 15, 'slow_base': 40, 'entry_z': 2.4}  IS 0.194 -> OOS 1.567  (degradation -707.2%, accepted)
2026-08-29 04:56:16,856 | INFO    | quant_system.backtesting.walk_forward | Segment 30/39  IS 2022-04-13..2023-04-17  OOS 2023-04-17..2023-07-18
2026-08-29 04:56:17,378 | INFO    | quant_system.strategies.risk_preservation | State 2 detected at 2022-04-11 00:00:00 - de-risking 60% of 1 position(s).
2026-08-29 04:56:17,385 | INFO    | quant_system.strategies.risk_preservation | State 2 detected at 2022-04-19 00:00:00 - de-risking 60% of 1 position(s).
2026-08-29 04:56:17,390 | INFO    | quant_system.strategies.risk_preservation | State 2 detected at 2022-04-21 00:00:00 - de-risking 60% of 1 position(s).
2026-08-29 04:56:17,393 | INFO    | quant_system.strategies.risk_preservation | State 2 detected at 2022-04-25 00:00:00 - de-risking 60% of 1 position(s).
2026-08-29 04:56:17,397 | INFO    | quant_system.strategies.risk_preservation | State 2 detected at 2022-04-27 00:00:00 - de-risking 60% of 1 position(s).
2026-08-29 04:56:17,400 | INFO    | quant_system.strategies.risk_preservation | State 2 detected at 2022-04-29 00:00:00 - de-risking 60% of 1 position(s).
2026-08-29 04:56:17,406 | INFO    | quant_system.strategies.risk_preservation | State 2 detected at 2022-05-04 00:00:00 - de-risking 60% of 1 position(s).
2026-08-29 04:56:17,410 | INFO    | quant_system.strategies.risk_preservation | State 2 detected at 2022-05-06 00:00:00 - de-risking 60% of 1 position(s).
2026-08-29 04:56:17,416 | INFO    | quant_system.strategies.risk_preservation | State 2 detected at 2022-05-12 00:00:00 - de-risking 60% of 1 position(s).
2026-08-29 04:56:17,419 | INFO    | quant_system.strategies.risk_preservation | State 2 detected at 2022-05-20 00:00:00 - de-risking 60% of 1 position(s).
2026-08-29 04:56:17,424 | INFO    | quant_system.strategies.risk_preservation | State 2 detected at 2022-05-25 00:00:00 - de-risking 60% of 1 position(s).
2026-08-29 04:56:17,426 | INFO    | quant_system.strategies.risk_preservation | State 2 detected at 2022-05-27 00:00:00 - de-risking 60% of 1 position(s).
2026-08-29 04:56:17,433 | INFO    | quant_system.strategies.risk_preservation | State 2 detected at 2022-06-03 00:00:00 - de-risking 60% of 1 position(s).
2026-08-29 04:56:17,437 | INFO    | quant_system.strategies.risk_preservation | State 2 detected at 2022-06-07 00:00:00 - de-risking 60% of 1 position(s).
2026-08-29 04:56:17,441 | INFO    | quant_system.strategies.risk_preservation | State 2 detected at 2022-06-09 00:00:00 - de-risking 60% of 1 position(s).
2026-08-29 04:56:17,473 | INFO    | quant_system.strategies.risk_preservation | State 2 detected at 2022-08-08 00:00:00 - de-risking 60% of 1 position(s).
2026-08-29 04:56:17,498 | INFO    | quant_system.strategies.risk_preservation | State 2 detected at 2022-09-12 00:00:00 - de-risking 60% of 1 position(s).
2026-08-29 04:56:17,711 | INFO    | quant_system.strategies.risk_preservation | State 2 detected at 2022-04-11 00:00:00 - de-risking 60% of 1 position(s).
2026-08-29 04:56:17,717 | INFO    | quant_system.strategies.risk_preservation | State 2 detected at 2022-04-19 00:00:00 - de-risking 60% of 1 position(s).
2026-08-29 04:56:17,721 | INFO    | quant_system.strategies.risk_preservation | State 2 detected at 2022-04-21 00:00:00 - de-risking 60% of 1 position(s).
2026-08-29 04:56:17,725 | INFO    | quant_system.strategies.risk_preservation | State 2 detected at 2022-04-25 00:00:00 - de-risking 60% of 1 position(s).
2026-08-29 04:56:17,728 | INFO    | quant_system.strategies.risk_preservation | State 2 detected at 2022-04-27 00:00:00 - de-risking 60% of 1 position(s).
2026-08-29 04:56:17,732 | INFO    | quant_system.strategies.risk_preservation | State 2 detected at 2022-04-29 00:00:00 - de-risking 60% of 1 position(s).
2026-08-29 04:56:17,737 | INFO    | quant_system.strategies.risk_preservation | State 2 detected at 2022-05-04 00:00:00 - de-risking 60% of 1 position(s).
2026-08-29 04:56:17,742 | INFO    | quant_system.strategies.risk_preservation | State 2 detected at 2022-05-06 00:00:00 - de-risking 60% of 1 position(s).
2026-08-29 04:56:17,748 | INFO    | quant_system.strategies.risk_preservation | State 2 detected at 2022-05-12 00:00:00 - de-risking 60% of 1 position(s).
2026-08-29 04:56:17,752 | INFO    | quant_system.strategies.risk_preservation | State 2 detected at 2022-05-20 00:00:00 - de-risking 60% of 1 position(s).
2026-08-29 04:56:17,757 | INFO    | quant_system.strategies.risk_preservation | State 2 detected at 2022-05-25 00:00:00 - de-risking 60% of 1 position(s).
2026-08-29 04:56:17,758 | INFO    | quant_system.strategies.risk_preservation | State 2 detected at 2022-05-27 00:00:00 - de-risking 60% of 1 position(s).
2026-08-29 04:56:17,765 | INFO    | quant_system.strategies.risk_preservation | State 2 detected at 2022-06-03 00:00:00 - de-risking 60% of 1 position(s).
2026-08-29 04:56:17,769 | INFO    | quant_system.strategies.risk_preservation | State 2 detected at 2022-06-07 00:00:00 - de-risking 60% of 1 position(s).
2026-08-29 04:56:17,773 | INFO    | quant_system.strategies.risk_preservation | State 2 detected at 2022-06-09 00:00:00 - de-risking 60% of 1 position(s).
2026-08-29 04:56:17,805 | INFO    | quant_system.strategies.risk_preservation | State 2 detected at 2022-08-08 00:00:00 - de-risking 60% of 1 position(s).
2026-08-29 04:56:17,830 | INFO    | quant_system.strategies.risk_preservation | State 2 detected at 2022-09-12 00:00:00 - de-risking 60% of 1 position(s).
2026-08-29 04:56:18,045 | INFO    | quant_system.strategies.risk_preservation | State 2 detected at 2022-04-11 00:00:00 - de-risking 60% of 1 position(s).
2026-08-29 04:56:18,053 | INFO    | quant_system.strategies.risk_preservation | State 2 detected at 2022-04-19 00:00:00 - de-risking 60% of 1 position(s).
2026-08-29 04:56:18,057 | INFO    | quant_system.strategies.risk_preservation | State 2 detected at 2022-04-21 00:00:00 - de-risking 60% of 1 position(s).
2026-08-29 04:56:18,061 | INFO    | quant_system.strategies.risk_preservation | State 2 detected at 2022-04-25 00:00:00 - de-risking 60% of 1 position(s).
2026-08-29 04:56:18,064 | INFO    | quant_system.strategies.risk_preservation | State 2 detected at 2022-04-27 00:00:00 - de-risking 60% of 1 position(s).
2026-08-29 04:56:18,068 | INFO    | quant_system.strategies.risk_preservation | State 2 detected at 2022-04-29 00:00:00 - de-risking 60% of 1 position(s).
2026-08-29 04:56:18,073 | INFO    | quant_system.strategies.risk_preservation | State 2 detected at 2022-05-04 00:00:00 - de-risking 60% of 1 position(s).
2026-08-29 04:56:18,078 | INFO    | quant_system.strategies.risk_preservation | State 2 detected at 2022-05-06 00:00:00 - de-risking 60% of 1 position(s).
2026-08-29 04:56:18,083 | INFO    | quant_system.strategies.risk_preservation | State 2 detected at 2022-05-12 00:00:00 - de-risking 60% of 1 position(s).
2026-08-29 04:56:18,087 | INFO    | quant_system.strategies.risk_preservation | State 2 detected at 2022-05-20 00:00:00 - de-risking 60% of 1 position(s).
2026-08-29 04:56:18,092 | INFO    | quant_system.strategies.risk_preservation | State 2 detected at 2022-05-25 00:00:00 - de-risking 60% of 1 position(s).
2026-08-29 04:56:18,093 | INFO    | quant_system.strategies.risk_preservation | State 2 detected at 2022-05-27 00:00:00 - de-risking 60% of 1 position(s).
2026-08-29 04:56:18,101 | INFO    | quant_system.strategies.risk_preservation | State 2 detected at 2022-06-03 00:00:00 - de-risking 60% of 1 position(s).
2026-08-29 04:56:18,104 | INFO    | quant_system.strategies.risk_preservation | State 2 detected at 2022-06-07 00:00:00 - de-risking 60% of 1 position(s).
2026-08-29 04:56:18,108 | INFO    | quant_system.strategies.risk_preservation | State 2 detected at 2022-06-09 00:00:00 - de-risking 60% of 1 position(s).
2026-08-29 04:56:18,140 | INFO    | quant_system.strategies.risk_preservation | State 2 detected at 2022-08-08 00:00:00 - de-risking 60% of 1 position(s).
2026-08-29 04:56:18,164 | INFO    | quant_system.strategies.risk_preservation | State 2 detected at 2022-09-12 00:00:00 - de-risking 60% of 1 position(s).
2026-08-29 04:56:18,380 | INFO    | quant_system.strategies.risk_preservation | State 2 detected at 2022-04-11 00:00:00 - de-risking 60% of 1 position(s).
2026-08-29 04:56:18,385 | INFO    | quant_system.strategies.risk_preservation | State 2 detected at 2022-04-19 00:00:00 - de-risking 60% of 1 position(s).
2026-08-29 04:56:18,389 | INFO    | quant_system.strategies.risk_preservation | State 2 detected at 2022-04-21 00:00:00 - de-risking 60% of 1 position(s).
2026-08-29 04:56:18,393 | INFO    | quant_system.strategies.risk_preservation | State 2 detected at 2022-04-25 00:00:00 - de-risking 60% of 1 position(s).
2026-08-29 04:56:18,396 | INFO    | quant_system.strategies.risk_preservation | State 2 detected at 2022-04-27 00:00:00 - de-risking 60% of 1 position(s).
2026-08-29 04:56:18,400 | INFO    | quant_system.strategies.risk_preservation | State 2 detected at 2022-04-29 00:00:00 - de-risking 60% of 1 position(s).
2026-08-29 04:56:18,405 | INFO    | quant_system.strategies.risk_preservation | State 2 detected at 2022-05-04 00:00:00 - de-risking 60% of 1 position(s).
2026-08-29 04:56:18,410 | INFO    | quant_system.strategies.risk_preservation | State 2 detected at 2022-05-06 00:00:00 - de-risking 60% of 1 position(s).
2026-08-29 04:56:18,416 | INFO    | quant_system.strategies.risk_preservation | State 2 detected at 2022-05-12 00:00:00 - de-risking 60% of 1 position(s).
2026-08-29 04:56:18,420 | INFO    | quant_system.strategies.risk_preservation | State 2 detected at 2022-05-20 00:00:00 - de-risking 60% of 1 position(s).
2026-08-29 04:56:18,425 | INFO    | quant_system.strategies.risk_preservation | State 2 detected at 2022-05-25 00:00:00 - de-risking 60% of 1 position(s).
2026-08-29 04:56:18,427 | INFO    | quant_system.strategies.risk_preservation | State 2 detected at 2022-05-27 00:00:00 - de-risking 60% of 1 position(s).
2026-08-29 04:56:18,435 | INFO    | quant_system.strategies.risk_preservation | State 2 detected at 2022-06-03 00:00:00 - de-risking 60% of 1 position(s).
2026-08-29 04:56:18,439 | INFO    | quant_system.strategies.risk_preservation | State 2 detected at 2022-06-07 00:00:00 - de-risking 60% of 1 position(s).
2026-08-29 04:56:18,443 | INFO    | quant_system.strategies.risk_preservation | State 2 detected at 2022-06-09 00:00:00 - de-risking 60% of 1 position(s).
2026-08-29 04:56:18,475 | INFO    | quant_system.strategies.risk_preservation | State 2 detected at 2022-08-08 00:00:00 - de-risking 60% of 1 position(s).
2026-08-29 04:56:18,500 | INFO    | quant_system.strategies.risk_preservation | State 2 detected at 2022-09-12 00:00:00 - de-risking 60% of 1 position(s).
2026-08-29 04:56:18,733 | INFO    | quant_system.strategies.risk_preservation | State 2 detected at 2022-04-11 00:00:00 - de-risking 60% of 1 position(s).
2026-08-29 04:56:18,739 | INFO    | quant_system.strategies.risk_preservation | State 2 detected at 2022-04-19 00:00:00 - de-risking 60% of 1 position(s).
2026-08-29 04:56:18,744 | INFO    | quant_system.strategies.risk_preservation | State 2 detected at 2022-04-21 00:00:00 - de-risking 60% of 1 position(s).
2026-08-29 04:56:18,748 | INFO    | quant_system.strategies.risk_preservation | State 2 detected at 2022-04-25 00:00:00 - de-risking 60% of 1 position(s).
2026-08-29 04:56:18,751 | INFO    | quant_system.strategies.risk_preservation | State 2 detected at 2022-04-27 00:00:00 - de-risking 60% of 1 position(s).
2026-08-29 04:56:18,756 | INFO    | quant_system.strategies.risk_preservation | State 2 detected at 2022-04-29 00:00:00 - de-risking 60% of 1 position(s).
2026-08-29 04:56:18,761 | INFO    | quant_system.strategies.risk_preservation | State 2 detected at 2022-05-04 00:00:00 - de-risking 60% of 1 position(s).
2026-08-29 04:56:18,766 | INFO    | quant_system.strategies.risk_preservation | State 2 detected at 2022-05-06 00:00:00 - de-risking 60% of 1 position(s).
2026-08-29 04:56:18,772 | INFO    | quant_system.strategies.risk_preservation | State 2 detected at 2022-05-12 00:00:00 - de-risking 60% of 1 position(s).
2026-08-29 04:56:18,776 | INFO    | quant_system.strategies.risk_preservation | State 2 detected at 2022-05-20 00:00:00 - de-risking 60% of 1 position(s).
2026-08-29 04:56:18,781 | INFO    | quant_system.strategies.risk_preservation | State 2 detected at 2022-05-25 00:00:00 - de-risking 60% of 1 position(s).
2026-08-29 04:56:18,782 | INFO    | quant_system.strategies.risk_preservation | State 2 detected at 2022-05-27 00:00:00 - de-risking 60% of 1 position(s).
2026-08-29 04:56:18,790 | INFO    | quant_system.strategies.risk_preservation | State 2 detected at 2022-06-03 00:00:00 - de-risking 60% of 1 position(s).
2026-08-29 04:56:18,794 | INFO    | quant_system.strategies.risk_preservation | State 2 detected at 2022-06-07 00:00:00 - de-risking 60% of 1 position(s).
2026-08-29 04:56:18,798 | INFO    | quant_system.strategies.risk_preservation | State 2 detected at 2022-06-09 00:00:00 - de-risking 60% of 1 position(s).
2026-08-29 04:56:18,828 | INFO    | quant_system.strategies.risk_preservation | State 2 detected at 2022-08-08 00:00:00 - de-risking 60% of 1 position(s).
2026-08-29 04:56:18,852 | INFO    | quant_system.strategies.risk_preservation | State 2 detected at 2022-09-12 00:00:00 - de-risking 60% of 1 position(s).
2026-08-29 04:56:19,459 | INFO    | quant_system.strategies.risk_preservation | State 2 detected at 2022-04-11 00:00:00 - de-risking 60% of 1 position(s).
2026-08-29 04:56:19,464 | INFO    | quant_system.strategies.risk_preservation | State 2 detected at 2022-04-19 00:00:00 - de-risking 60% of 1 position(s).
2026-08-29 04:56:19,469 | INFO    | quant_system.strategies.risk_preservation | State 2 detected at 2022-04-21 00:00:00 - de-risking 60% of 1 position(s).
2026-08-29 04:56:19,473 | INFO    | quant_system.strategies.risk_preservation | State 2 detected at 2022-04-25 00:00:00 - de-risking 60% of 1 position(s).
2026-08-29 04:56:19,477 | INFO    | quant_system.strategies.risk_preservation | State 2 detected at 2022-04-27 00:00:00 - de-risking 60% of 1 position(s).
2026-08-29 04:56:19,480 | INFO    | quant_system.strategies.risk_preservation | State 2 detected at 2022-04-29 00:00:00 - de-risking 60% of 1 position(s).
2026-08-29 04:56:19,484 | INFO    | quant_system.strategies.risk_preservation | State 2 detected at 2022-05-04 00:00:00 - de-risking 60% of 1 position(s).
2026-08-29 04:56:19,489 | INFO    | quant_system.strategies.risk_preservation | State 2 detected at 2022-05-06 00:00:00 - de-risking 60% of 1 position(s).
2026-08-29 04:56:19,494 | INFO    | quant_system.strategies.risk_preservation | State 2 detected at 2022-05-12 00:00:00 - de-risking 60% of 1 position(s).
2026-08-29 04:56:19,498 | INFO    | quant_system.strategies.risk_preservation | State 2 detected at 2022-05-20 00:00:00 - de-risking 60% of 1 position(s).
2026-08-29 04:56:19,503 | INFO    | quant_system.strategies.risk_preservation | State 2 detected at 2022-05-25 00:00:00 - de-risking 60% of 1 position(s).
2026-08-29 04:56:19,504 | INFO    | quant_system.strategies.risk_preservation | State 2 detected at 2022-05-27 00:00:00 - de-risking 60% of 1 position(s).
2026-08-29 04:56:19,512 | INFO    | quant_system.strategies.risk_preservation | State 2 detected at 2022-06-03 00:00:00 - de-risking 60% of 1 position(s).
2026-08-29 04:56:19,515 | INFO    | quant_system.strategies.risk_preservation | State 2 detected at 2022-06-07 00:00:00 - de-risking 60% of 1 position(s).
2026-08-29 04:56:19,519 | INFO    | quant_system.strategies.risk_preservation | State 2 detected at 2022-06-09 00:00:00 - de-risking 60% of 1 position(s).
2026-08-29 04:56:19,570 | INFO    | quant_system.strategies.risk_preservation | State 2 detected at 2022-09-12 00:00:00 - de-risking 60% of 1 position(s).
2026-08-29 04:56:19,780 | INFO    | quant_system.strategies.risk_preservation | State 2 detected at 2022-04-11 00:00:00 - de-risking 60% of 1 position(s).
2026-08-29 04:56:19,785 | INFO    | quant_system.strategies.risk_preservation | State 2 detected at 2022-04-19 00:00:00 - de-risking 60% of 1 position(s).
2026-08-29 04:56:19,790 | INFO    | quant_system.strategies.risk_preservation | State 2 detected at 2022-04-21 00:00:00 - de-risking 60% of 1 position(s).
2026-08-29 04:56:19,794 | INFO    | quant_system.strategies.risk_preservation | State 2 detected at 2022-04-25 00:00:00 - de-risking 60% of 1 position(s).
2026-08-29 04:56:19,797 | INFO    | quant_system.strategies.risk_preservation | State 2 detected at 2022-04-27 00:00:00 - de-risking 60% of 1 position(s).
2026-08-29 04:56:19,801 | INFO    | quant_system.strategies.risk_preservation | State 2 detected at 2022-04-29 00:00:00 - de-risking 60% of 1 position(s).
2026-08-29 04:56:19,805 | INFO    | quant_system.strategies.risk_preservation | State 2 detected at 2022-05-04 00:00:00 - de-risking 60% of 1 position(s).
2026-08-29 04:56:19,809 | INFO    | quant_system.strategies.risk_preservation | State 2 detected at 2022-05-06 00:00:00 - de-risking 60% of 1 position(s).
2026-08-29 04:56:19,815 | INFO    | quant_system.strategies.risk_preservation | State 2 detected at 2022-05-12 00:00:00 - de-risking 60% of 1 position(s).
2026-08-29 04:56:19,819 | INFO    | quant_system.strategies.risk_preservation | State 2 detected at 2022-05-20 00:00:00 - de-risking 60% of 1 position(s).
2026-08-29 04:56:19,824 | INFO    | quant_system.strategies.risk_preservation | State 2 detected at 2022-05-25 00:00:00 - de-risking 60% of 1 position(s).
2026-08-29 04:56:19,825 | INFO    | quant_system.strategies.risk_preservation | State 2 detected at 2022-05-27 00:00:00 - de-risking 60% of 1 position(s).
2026-08-29 04:56:19,832 | INFO    | quant_system.strategies.risk_preservation | State 2 detected at 2022-06-03 00:00:00 - de-risking 60% of 1 position(s).
2026-08-29 04:56:19,836 | INFO    | quant_system.strategies.risk_preservation | State 2 detected at 2022-06-07 00:00:00 - de-risking 60% of 1 position(s).
2026-08-29 04:56:19,840 | INFO    | quant_system.strategies.risk_preservation | State 2 detected at 2022-06-09 00:00:00 - de-risking 60% of 1 position(s).
2026-08-29 04:56:19,890 | INFO    | quant_system.strategies.risk_preservation | State 2 detected at 2022-09-12 00:00:00 - de-risking 60% of 1 position(s).
2026-08-29 04:56:20,098 | INFO    | quant_system.strategies.risk_preservation | State 2 detected at 2022-04-11 00:00:00 - de-risking 60% of 1 position(s).
2026-08-29 04:56:20,104 | INFO    | quant_system.strategies.risk_preservation | State 2 detected at 2022-04-19 00:00:00 - de-risking 60% of 1 position(s).
2026-08-29 04:56:20,108 | INFO    | quant_system.strategies.risk_preservation | State 2 detected at 2022-04-21 00:00:00 - de-risking 60% of 1 position(s).
2026-08-29 04:56:20,112 | INFO    | quant_system.strategies.risk_preservation | State 2 detected at 2022-04-25 00:00:00 - de-risking 60% of 1 position(s).
2026-08-29 04:56:20,116 | INFO    | quant_system.strategies.risk_preservation | State 2 detected at 2022-04-27 00:00:00 - de-risking 60% of 1 position(s).
2026-08-29 04:56:20,119 | INFO    | quant_system.strategies.risk_preservation | State 2 detected at 2022-04-29 00:00:00 - de-risking 60% of 1 position(s).
2026-08-29 04:56:20,123 | INFO    | quant_system.strategies.risk_preservation | State 2 detected at 2022-05-04 00:00:00 - de-risking 60% of 1 position(s).
2026-08-29 04:56:20,128 | INFO    | quant_system.strategies.risk_preservation | State 2 detected at 2022-05-06 00:00:00 - de-risking 60% of 1 position(s).
2026-08-29 04:56:20,133 | INFO    | quant_system.strategies.risk_preservation | State 2 detected at 2022-05-12 00:00:00 - de-risking 60% of 1 position(s).
2026-08-29 04:56:20,137 | INFO    | quant_system.strategies.risk_preservation | State 2 detected at 2022-05-20 00:00:00 - de-risking 60% of 1 position(s).
2026-08-29 04:56:20,143 | INFO    | quant_system.strategies.risk_preservation | State 2 detected at 2022-05-25 00:00:00 - de-risking 60% of 1 position(s).
2026-08-29 04:56:20,144 | INFO    | quant_system.strategies.risk_preservation | State 2 detected at 2022-05-27 00:00:00 - de-risking 60% of 1 position(s).
2026-08-29 04:56:20,151 | INFO    | quant_system.strategies.risk_preservation | State 2 detected at 2022-06-03 00:00:00 - de-risking 60% of 1 position(s).
2026-08-29 04:56:20,156 | INFO    | quant_system.strategies.risk_preservation | State 2 detected at 2022-06-07 00:00:00 - de-risking 60% of 1 position(s).
2026-08-29 04:56:20,160 | INFO    | quant_system.strategies.risk_preservation | State 2 detected at 2022-06-09 00:00:00 - de-risking 60% of 1 position(s).
2026-08-29 04:56:20,226 | INFO    | quant_system.strategies.risk_preservation | State 2 detected at 2022-09-12 00:00:00 - de-risking 60% of 1 position(s).
2026-08-29 04:56:20,439 | INFO    | quant_system.strategies.risk_preservation | State 2 detected at 2022-04-11 00:00:00 - de-risking 60% of 1 position(s).
2026-08-29 04:56:20,444 | INFO    | quant_system.strategies.risk_preservation | State 2 detected at 2022-04-19 00:00:00 - de-risking 60% of 1 position(s).
2026-08-29 04:56:20,449 | INFO    | quant_system.strategies.risk_preservation | State 2 detected at 2022-04-21 00:00:00 - de-risking 60% of 1 position(s).
2026-08-29 04:56:20,453 | INFO    | quant_system.strategies.risk_preservation | State 2 detected at 2022-04-25 00:00:00 - de-risking 60% of 1 position(s).
2026-08-29 04:56:20,456 | INFO    | quant_system.strategies.risk_preservation | State 2 detected at 2022-04-27 00:00:00 - de-risking 60% of 1 position(s).
2026-08-29 04:56:20,460 | INFO    | quant_system.strategies.risk_preservation | State 2 detected at 2022-04-29 00:00:00 - de-risking 60% of 1 position(s).
2026-08-29 04:56:20,464 | INFO    | quant_system.strategies.risk_preservation | State 2 detected at 2022-05-04 00:00:00 - de-risking 60% of 1 position(s).
2026-08-29 04:56:20,468 | INFO    | quant_system.strategies.risk_preservation | State 2 detected at 2022-05-06 00:00:00 - de-risking 60% of 1 position(s).
2026-08-29 04:56:20,474 | INFO    | quant_system.strategies.risk_preservation | State 2 detected at 2022-05-12 00:00:00 - de-risking 60% of 1 position(s).
2026-08-29 04:56:20,477 | INFO    | quant_system.strategies.risk_preservation | State 2 detected at 2022-05-20 00:00:00 - de-risking 60% of 1 position(s).
2026-08-29 04:56:20,483 | INFO    | quant_system.strategies.risk_preservation | State 2 detected at 2022-05-25 00:00:00 - de-risking 60% of 1 position(s).
2026-08-29 04:56:20,484 | INFO    | quant_system.strategies.risk_preservation | State 2 detected at 2022-05-27 00:00:00 - de-risking 60% of 1 position(s).
2026-08-29 04:56:20,491 | INFO    | quant_system.strategies.risk_preservation | State 2 detected at 2022-06-03 00:00:00 - de-risking 60% of 1 position(s).
2026-08-29 04:56:20,495 | INFO    | quant_system.strategies.risk_preservation | State 2 detected at 2022-06-07 00:00:00 - de-risking 60% of 1 position(s).
2026-08-29 04:56:20,499 | INFO    | quant_system.strategies.risk_preservation | State 2 detected at 2022-06-09 00:00:00 - de-risking 60% of 1 position(s).
2026-08-29 04:56:20,550 | INFO    | quant_system.strategies.risk_preservation | State 2 detected at 2022-09-12 00:00:00 - de-risking 60% of 1 position(s).
2026-08-29 04:56:20,754 | INFO    | quant_system.strategies.risk_preservation | State 2 detected at 2022-04-11 00:00:00 - de-risking 60% of 1 position(s).
2026-08-29 04:56:20,759 | INFO    | quant_system.strategies.risk_preservation | State 2 detected at 2022-04-19 00:00:00 - de-risking 60% of 1 position(s).
2026-08-29 04:56:20,764 | INFO    | quant_system.strategies.risk_preservation | State 2 detected at 2022-04-21 00:00:00 - de-risking 60% of 1 position(s).
2026-08-29 04:56:20,768 | INFO    | quant_system.strategies.risk_preservation | State 2 detected at 2022-04-25 00:00:00 - de-risking 60% of 1 position(s).
2026-08-29 04:56:20,771 | INFO    | quant_system.strategies.risk_preservation | State 2 detected at 2022-04-27 00:00:00 - de-risking 60% of 1 position(s).
2026-08-29 04:56:20,775 | INFO    | quant_system.strategies.risk_preservation | State 2 detected at 2022-04-29 00:00:00 - de-risking 60% of 1 position(s).
2026-08-29 04:56:20,779 | INFO    | quant_system.strategies.risk_preservation | State 2 detected at 2022-05-04 00:00:00 - de-risking 60% of 1 position(s).
2026-08-29 04:56:20,783 | INFO    | quant_system.strategies.risk_preservation | State 2 detected at 2022-05-06 00:00:00 - de-risking 60% of 1 position(s).
2026-08-29 04:56:20,789 | INFO    | quant_system.strategies.risk_preservation | State 2 detected at 2022-05-12 00:00:00 - de-risking 60% of 1 position(s).
2026-08-29 04:56:20,792 | INFO    | quant_system.strategies.risk_preservation | State 2 detected at 2022-05-20 00:00:00 - de-risking 60% of 1 position(s).
2026-08-29 04:56:20,797 | INFO    | quant_system.strategies.risk_preservation | State 2 detected at 2022-05-25 00:00:00 - de-risking 60% of 1 position(s).
2026-08-29 04:56:20,799 | INFO    | quant_system.strategies.risk_preservation | State 2 detected at 2022-05-27 00:00:00 - de-risking 60% of 1 position(s).
2026-08-29 04:56:20,806 | INFO    | quant_system.strategies.risk_preservation | State 2 detected at 2022-06-03 00:00:00 - de-risking 60% of 1 position(s).
2026-08-29 04:56:20,809 | INFO    | quant_system.strategies.risk_preservation | State 2 detected at 2022-06-07 00:00:00 - de-risking 60% of 1 position(s).
2026-08-29 04:56:20,813 | INFO    | quant_system.strategies.risk_preservation | State 2 detected at 2022-06-09 00:00:00 - de-risking 60% of 1 position(s).
2026-08-29 04:56:20,857 | INFO    | quant_system.strategies.risk_preservation | State 2 detected at 2022-09-12 00:00:00 - de-risking 60% of 1 position(s).
2026-08-29 04:56:21,335 | INFO    | quant_system.backtesting.walk_forward |   best={'fast_base': 20, 'slow_base': 50, 'entry_z': 2.4}  IS 1.060 -> OOS -0.797  (degradation 175.2%, REJECTED)
2026-08-29 04:56:21,335 | INFO    | quant_system.backtesting.walk_forward | Segment 31/39  IS 2022-07-15..2023-07-18  OOS 2023-07-18..2023-10-16
2026-08-29 04:56:21,815 | INFO    | quant_system.strategies.risk_preservation | State 2 detected at 2022-04-11 00:00:00 - de-risking 60% of 1 position(s).
2026-08-29 04:56:21,820 | INFO    | quant_system.strategies.risk_preservation | State 2 detected at 2022-04-19 00:00:00 - de-risking 60% of 1 position(s).
2026-08-29 04:56:21,824 | INFO    | quant_system.strategies.risk_preservation | State 2 detected at 2022-04-21 00:00:00 - de-risking 60% of 1 position(s).
2026-08-29 04:56:21,828 | INFO    | quant_system.strategies.risk_preservation | State 2 detected at 2022-04-25 00:00:00 - de-risking 60% of 1 position(s).
2026-08-29 04:56:21,831 | INFO    | quant_system.strategies.risk_preservation | State 2 detected at 2022-04-27 00:00:00 - de-risking 60% of 1 position(s).
2026-08-29 04:56:21,834 | INFO    | quant_system.strategies.risk_preservation | State 2 detected at 2022-04-29 00:00:00 - de-risking 60% of 1 position(s).
2026-08-29 04:56:21,839 | INFO    | quant_system.strategies.risk_preservation | State 2 detected at 2022-05-04 00:00:00 - de-risking 60% of 1 position(s).
2026-08-29 04:56:21,843 | INFO    | quant_system.strategies.risk_preservation | State 2 detected at 2022-05-06 00:00:00 - de-risking 60% of 1 position(s).
2026-08-29 04:56:21,849 | INFO    | quant_system.strategies.risk_preservation | State 2 detected at 2022-05-12 00:00:00 - de-risking 60% of 1 position(s).
2026-08-29 04:56:21,853 | INFO    | quant_system.strategies.risk_preservation | State 2 detected at 2022-05-20 00:00:00 - de-risking 60% of 1 position(s).
2026-08-29 04:56:21,857 | INFO    | quant_system.strategies.risk_preservation | State 2 detected at 2022-05-25 00:00:00 - de-risking 60% of 1 position(s).
2026-08-29 04:56:21,859 | INFO    | quant_system.strategies.risk_preservation | State 2 detected at 2022-05-27 00:00:00 - de-risking 60% of 1 position(s).
2026-08-29 04:56:21,866 | INFO    | quant_system.strategies.risk_preservation | State 2 detected at 2022-06-03 00:00:00 - de-risking 60% of 1 position(s).
2026-08-29 04:56:21,869 | INFO    | quant_system.strategies.risk_preservation | State 2 detected at 2022-06-07 00:00:00 - de-risking 60% of 1 position(s).
2026-08-29 04:56:21,873 | INFO    | quant_system.strategies.risk_preservation | State 2 detected at 2022-06-09 00:00:00 - de-risking 60% of 1 position(s).
2026-08-29 04:56:21,902 | INFO    | quant_system.strategies.risk_preservation | State 2 detected at 2022-08-08 00:00:00 - de-risking 60% of 1 position(s).
2026-08-29 04:56:21,925 | INFO    | quant_system.strategies.risk_preservation | State 2 detected at 2022-09-12 00:00:00 - de-risking 60% of 1 position(s).
2026-08-29 04:56:22,148 | INFO    | quant_system.strategies.risk_preservation | State 2 detected at 2022-04-11 00:00:00 - de-risking 60% of 1 position(s).
2026-08-29 04:56:22,153 | INFO    | quant_system.strategies.risk_preservation | State 2 detected at 2022-04-19 00:00:00 - de-risking 60% of 1 position(s).
2026-08-29 04:56:22,157 | INFO    | quant_system.strategies.risk_preservation | State 2 detected at 2022-04-21 00:00:00 - de-risking 60% of 1 position(s).
2026-08-29 04:56:22,161 | INFO    | quant_system.strategies.risk_preservation | State 2 detected at 2022-04-25 00:00:00 - de-risking 60% of 1 position(s).
2026-08-29 04:56:22,164 | INFO    | quant_system.strategies.risk_preservation | State 2 detected at 2022-04-27 00:00:00 - de-risking 60% of 1 position(s).
2026-08-29 04:56:22,167 | INFO    | quant_system.strategies.risk_preservation | State 2 detected at 2022-04-29 00:00:00 - de-risking 60% of 1 position(s).
2026-08-29 04:56:22,172 | INFO    | quant_system.strategies.risk_preservation | State 2 detected at 2022-05-04 00:00:00 - de-risking 60% of 1 position(s).
2026-08-29 04:56:22,177 | INFO    | quant_system.strategies.risk_preservation | State 2 detected at 2022-05-06 00:00:00 - de-risking 60% of 1 position(s).
2026-08-29 04:56:22,182 | INFO    | quant_system.strategies.risk_preservation | State 2 detected at 2022-05-12 00:00:00 - de-risking 60% of 1 position(s).
2026-08-29 04:56:22,186 | INFO    | quant_system.strategies.risk_preservation | State 2 detected at 2022-05-20 00:00:00 - de-risking 60% of 1 position(s).
2026-08-29 04:56:22,191 | INFO    | quant_system.strategies.risk_preservation | State 2 detected at 2022-05-25 00:00:00 - de-risking 60% of 1 position(s).
2026-08-29 04:56:22,192 | INFO    | quant_system.strategies.risk_preservation | State 2 detected at 2022-05-27 00:00:00 - de-risking 60% of 1 position(s).
2026-08-29 04:56:22,199 | INFO    | quant_system.strategies.risk_preservation | State 2 detected at 2022-06-03 00:00:00 - de-risking 60% of 1 position(s).
2026-08-29 04:56:22,203 | INFO    | quant_system.strategies.risk_preservation | State 2 detected at 2022-06-07 00:00:00 - de-risking 60% of 1 position(s).
2026-08-29 04:56:22,206 | INFO    | quant_system.strategies.risk_preservation | State 2 detected at 2022-06-09 00:00:00 - de-risking 60% of 1 position(s).
2026-08-29 04:56:22,235 | INFO    | quant_system.strategies.risk_preservation | State 2 detected at 2022-08-08 00:00:00 - de-risking 60% of 1 position(s).
2026-08-29 04:56:22,258 | INFO    | quant_system.strategies.risk_preservation | State 2 detected at 2022-09-12 00:00:00 - de-risking 60% of 1 position(s).
2026-08-29 04:56:22,483 | INFO    | quant_system.strategies.risk_preservation | State 2 detected at 2022-04-11 00:00:00 - de-risking 60% of 1 position(s).
2026-08-29 04:56:22,489 | INFO    | quant_system.strategies.risk_preservation | State 2 detected at 2022-04-19 00:00:00 - de-risking 60% of 1 position(s).
2026-08-29 04:56:22,493 | INFO    | quant_system.strategies.risk_preservation | State 2 detected at 2022-04-21 00:00:00 - de-risking 60% of 1 position(s).
2026-08-29 04:56:22,496 | INFO    | quant_system.strategies.risk_preservation | State 2 detected at 2022-04-25 00:00:00 - de-risking 60% of 1 position(s).
2026-08-29 04:56:22,499 | INFO    | quant_system.strategies.risk_preservation | State 2 detected at 2022-04-27 00:00:00 - de-risking 60% of 1 position(s).
2026-08-29 04:56:22,503 | INFO    | quant_system.strategies.risk_preservation | State 2 detected at 2022-04-29 00:00:00 - de-risking 60% of 1 position(s).
2026-08-29 04:56:22,508 | INFO    | quant_system.strategies.risk_preservation | State 2 detected at 2022-05-04 00:00:00 - de-risking 60% of 1 position(s).
2026-08-29 04:56:22,512 | INFO    | quant_system.strategies.risk_preservation | State 2 detected at 2022-05-06 00:00:00 - de-risking 60% of 1 position(s).
2026-08-29 04:56:22,518 | INFO    | quant_system.strategies.risk_preservation | State 2 detected at 2022-05-12 00:00:00 - de-risking 60% of 1 position(s).
2026-08-29 04:56:22,521 | INFO    | quant_system.strategies.risk_preservation | State 2 detected at 2022-05-20 00:00:00 - de-risking 60% of 1 position(s).
2026-08-29 04:56:22,526 | INFO    | quant_system.strategies.risk_preservation | State 2 detected at 2022-05-25 00:00:00 - de-risking 60% of 1 position(s).
2026-08-29 04:56:22,527 | INFO    | quant_system.strategies.risk_preservation | State 2 detected at 2022-05-27 00:00:00 - de-risking 60% of 1 position(s).
2026-08-29 04:56:22,535 | INFO    | quant_system.strategies.risk_preservation | State 2 detected at 2022-06-03 00:00:00 - de-risking 60% of 1 position(s).
2026-08-29 04:56:22,538 | INFO    | quant_system.strategies.risk_preservation | State 2 detected at 2022-06-07 00:00:00 - de-risking 60% of 1 position(s).
2026-08-29 04:56:22,542 | INFO    | quant_system.strategies.risk_preservation | State 2 detected at 2022-06-09 00:00:00 - de-risking 60% of 1 position(s).
2026-08-29 04:56:22,570 | INFO    | quant_system.strategies.risk_preservation | State 2 detected at 2022-08-08 00:00:00 - de-risking 60% of 1 position(s).
2026-08-29 04:56:22,594 | INFO    | quant_system.strategies.risk_preservation | State 2 detected at 2022-09-12 00:00:00 - de-risking 60% of 1 position(s).
2026-08-29 04:56:22,814 | INFO    | quant_system.strategies.risk_preservation | State 2 detected at 2022-04-11 00:00:00 - de-risking 60% of 1 position(s).
2026-08-29 04:56:22,820 | INFO    | quant_system.strategies.risk_preservation | State 2 detected at 2022-04-19 00:00:00 - de-risking 60% of 1 position(s).
2026-08-29 04:56:22,824 | INFO    | quant_system.strategies.risk_preservation | State 2 detected at 2022-04-21 00:00:00 - de-risking 60% of 1 position(s).
2026-08-29 04:56:22,827 | INFO    | quant_system.strategies.risk_preservation | State 2 detected at 2022-04-25 00:00:00 - de-risking 60% of 1 position(s).
2026-08-29 04:56:22,830 | INFO    | quant_system.strategies.risk_preservation | State 2 detected at 2022-04-27 00:00:00 - de-risking 60% of 1 position(s).
2026-08-29 04:56:22,834 | INFO    | quant_system.strategies.risk_preservation | State 2 detected at 2022-04-29 00:00:00 - de-risking 60% of 1 position(s).
2026-08-29 04:56:22,839 | INFO    | quant_system.strategies.risk_preservation | State 2 detected at 2022-05-04 00:00:00 - de-risking 60% of 1 position(s).
2026-08-29 04:56:22,843 | INFO    | quant_system.strategies.risk_preservation | State 2 detected at 2022-05-06 00:00:00 - de-risking 60% of 1 position(s).
2026-08-29 04:56:22,849 | INFO    | quant_system.strategies.risk_preservation | State 2 detected at 2022-05-12 00:00:00 - de-risking 60% of 1 position(s).
2026-08-29 04:56:22,852 | INFO    | quant_system.strategies.risk_preservation | State 2 detected at 2022-05-20 00:00:00 - de-risking 60% of 1 position(s).
2026-08-29 04:56:22,857 | INFO    | quant_system.strategies.risk_preservation | State 2 detected at 2022-05-25 00:00:00 - de-risking 60% of 1 position(s).
2026-08-29 04:56:22,858 | INFO    | quant_system.strategies.risk_preservation | State 2 detected at 2022-05-27 00:00:00 - de-risking 60% of 1 position(s).
2026-08-29 04:56:22,865 | INFO    | quant_system.strategies.risk_preservation | State 2 detected at 2022-06-03 00:00:00 - de-risking 60% of 1 position(s).
2026-08-29 04:56:22,869 | INFO    | quant_system.strategies.risk_preservation | State 2 detected at 2022-06-07 00:00:00 - de-risking 60% of 1 position(s).
2026-08-29 04:56:22,873 | INFO    | quant_system.strategies.risk_preservation | State 2 detected at 2022-06-09 00:00:00 - de-risking 60% of 1 position(s).
2026-08-29 04:56:22,901 | INFO    | quant_system.strategies.risk_preservation | State 2 detected at 2022-08-08 00:00:00 - de-risking 60% of 1 position(s).
2026-08-29 04:56:22,924 | INFO    | quant_system.strategies.risk_preservation | State 2 detected at 2022-09-12 00:00:00 - de-risking 60% of 1 position(s).
2026-08-29 04:56:23,144 | INFO    | quant_system.strategies.risk_preservation | State 2 detected at 2022-04-11 00:00:00 - de-risking 60% of 1 position(s).
2026-08-29 04:56:23,150 | INFO    | quant_system.strategies.risk_preservation | State 2 detected at 2022-04-19 00:00:00 - de-risking 60% of 1 position(s).
2026-08-29 04:56:23,154 | INFO    | quant_system.strategies.risk_preservation | State 2 detected at 2022-04-21 00:00:00 - de-risking 60% of 1 position(s).
2026-08-29 04:56:23,157 | INFO    | quant_system.strategies.risk_preservation | State 2 detected at 2022-04-25 00:00:00 - de-risking 60% of 1 position(s).
2026-08-29 04:56:23,160 | INFO    | quant_system.strategies.risk_preservation | State 2 detected at 2022-04-27 00:00:00 - de-risking 60% of 1 position(s).
2026-08-29 04:56:23,164 | INFO    | quant_system.strategies.risk_preservation | State 2 detected at 2022-04-29 00:00:00 - de-risking 60% of 1 position(s).
2026-08-29 04:56:23,169 | INFO    | quant_system.strategies.risk_preservation | State 2 detected at 2022-05-04 00:00:00 - de-risking 60% of 1 position(s).
2026-08-29 04:56:23,173 | INFO    | quant_system.strategies.risk_preservation | State 2 detected at 2022-05-06 00:00:00 - de-risking 60% of 1 position(s).
2026-08-29 04:56:23,179 | INFO    | quant_system.strategies.risk_preservation | State 2 detected at 2022-05-12 00:00:00 - de-risking 60% of 1 position(s).
2026-08-29 04:56:23,182 | INFO    | quant_system.strategies.risk_preservation | State 2 detected at 2022-05-20 00:00:00 - de-risking 60% of 1 position(s).
2026-08-29 04:56:23,187 | INFO    | quant_system.strategies.risk_preservation | State 2 detected at 2022-05-25 00:00:00 - de-risking 60% of 1 position(s).
2026-08-29 04:56:23,188 | INFO    | quant_system.strategies.risk_preservation | State 2 detected at 2022-05-27 00:00:00 - de-risking 60% of 1 position(s).
2026-08-29 04:56:23,196 | INFO    | quant_system.strategies.risk_preservation | State 2 detected at 2022-06-03 00:00:00 - de-risking 60% of 1 position(s).
2026-08-29 04:56:23,200 | INFO    | quant_system.strategies.risk_preservation | State 2 detected at 2022-06-07 00:00:00 - de-risking 60% of 1 position(s).
2026-08-29 04:56:23,203 | INFO    | quant_system.strategies.risk_preservation | State 2 detected at 2022-06-09 00:00:00 - de-risking 60% of 1 position(s).
2026-08-29 04:56:23,232 | INFO    | quant_system.strategies.risk_preservation | State 2 detected at 2022-08-08 00:00:00 - de-risking 60% of 1 position(s).
2026-08-29 04:56:23,255 | INFO    | quant_system.strategies.risk_preservation | State 2 detected at 2022-09-12 00:00:00 - de-risking 60% of 1 position(s).
2026-08-29 04:56:23,893 | INFO    | quant_system.strategies.risk_preservation | State 2 detected at 2022-04-11 00:00:00 - de-risking 60% of 1 position(s).
2026-08-29 04:56:23,900 | INFO    | quant_system.strategies.risk_preservation | State 2 detected at 2022-04-19 00:00:00 - de-risking 60% of 1 position(s).
2026-08-29 04:56:23,904 | INFO    | quant_system.strategies.risk_preservation | State 2 detected at 2022-04-21 00:00:00 - de-risking 60% of 1 position(s).
2026-08-29 04:56:23,908 | INFO    | quant_system.strategies.risk_preservation | State 2 detected at 2022-04-25 00:00:00 - de-risking 60% of 1 position(s).
2026-08-29 04:56:23,911 | INFO    | quant_system.strategies.risk_preservation | State 2 detected at 2022-04-27 00:00:00 - de-risking 60% of 1 position(s).
2026-08-29 04:56:23,915 | INFO    | quant_system.strategies.risk_preservation | State 2 detected at 2022-04-29 00:00:00 - de-risking 60% of 1 position(s).
2026-08-29 04:56:23,919 | INFO    | quant_system.strategies.risk_preservation | State 2 detected at 2022-05-04 00:00:00 - de-risking 60% of 1 position(s).
2026-08-29 04:56:23,923 | INFO    | quant_system.strategies.risk_preservation | State 2 detected at 2022-05-06 00:00:00 - de-risking 60% of 1 position(s).
2026-08-29 04:56:23,928 | INFO    | quant_system.strategies.risk_preservation | State 2 detected at 2022-05-12 00:00:00 - de-risking 60% of 1 position(s).
2026-08-29 04:56:23,932 | INFO    | quant_system.strategies.risk_preservation | State 2 detected at 2022-05-20 00:00:00 - de-risking 60% of 1 position(s).
2026-08-29 04:56:23,937 | INFO    | quant_system.strategies.risk_preservation | State 2 detected at 2022-05-25 00:00:00 - de-risking 60% of 1 position(s).
2026-08-29 04:56:23,938 | INFO    | quant_system.strategies.risk_preservation | State 2 detected at 2022-05-27 00:00:00 - de-risking 60% of 1 position(s).
2026-08-29 04:56:23,945 | INFO    | quant_system.strategies.risk_preservation | State 2 detected at 2022-06-03 00:00:00 - de-risking 60% of 1 position(s).
2026-08-29 04:56:23,948 | INFO    | quant_system.strategies.risk_preservation | State 2 detected at 2022-06-07 00:00:00 - de-risking 60% of 1 position(s).
2026-08-29 04:56:23,952 | INFO    | quant_system.strategies.risk_preservation | State 2 detected at 2022-06-09 00:00:00 - de-risking 60% of 1 position(s).
2026-08-29 04:56:23,996 | INFO    | quant_system.strategies.risk_preservation | State 2 detected at 2022-09-12 00:00:00 - de-risking 60% of 1 position(s).
2026-08-29 04:56:24,211 | INFO    | quant_system.strategies.risk_preservation | State 2 detected at 2022-04-11 00:00:00 - de-risking 60% of 1 position(s).
2026-08-29 04:56:24,218 | INFO    | quant_system.strategies.risk_preservation | State 2 detected at 2022-04-19 00:00:00 - de-risking 60% of 1 position(s).
2026-08-29 04:56:24,222 | INFO    | quant_system.strategies.risk_preservation | State 2 detected at 2022-04-21 00:00:00 - de-risking 60% of 1 position(s).
2026-08-29 04:56:24,226 | INFO    | quant_system.strategies.risk_preservation | State 2 detected at 2022-04-25 00:00:00 - de-risking 60% of 1 position(s).
2026-08-29 04:56:24,230 | INFO    | quant_system.strategies.risk_preservation | State 2 detected at 2022-04-27 00:00:00 - de-risking 60% of 1 position(s).
2026-08-29 04:56:24,233 | INFO    | quant_system.strategies.risk_preservation | State 2 detected at 2022-04-29 00:00:00 - de-risking 60% of 1 position(s).
2026-08-29 04:56:24,237 | INFO    | quant_system.strategies.risk_preservation | State 2 detected at 2022-05-04 00:00:00 - de-risking 60% of 1 position(s).
2026-08-29 04:56:24,241 | INFO    | quant_system.strategies.risk_preservation | State 2 detected at 2022-05-06 00:00:00 - de-risking 60% of 1 position(s).
2026-08-29 04:56:24,246 | INFO    | quant_system.strategies.risk_preservation | State 2 detected at 2022-05-12 00:00:00 - de-risking 60% of 1 position(s).
2026-08-29 04:56:24,250 | INFO    | quant_system.strategies.risk_preservation | State 2 detected at 2022-05-20 00:00:00 - de-risking 60% of 1 position(s).
2026-08-29 04:56:24,255 | INFO    | quant_system.strategies.risk_preservation | State 2 detected at 2022-05-25 00:00:00 - de-risking 60% of 1 position(s).
2026-08-29 04:56:24,256 | INFO    | quant_system.strategies.risk_preservation | State 2 detected at 2022-05-27 00:00:00 - de-risking 60% of 1 position(s).
2026-08-29 04:56:24,263 | INFO    | quant_system.strategies.risk_preservation | State 2 detected at 2022-06-03 00:00:00 - de-risking 60% of 1 position(s).
2026-08-29 04:56:24,267 | INFO    | quant_system.strategies.risk_preservation | State 2 detected at 2022-06-07 00:00:00 - de-risking 60% of 1 position(s).
2026-08-29 04:56:24,270 | INFO    | quant_system.strategies.risk_preservation | State 2 detected at 2022-06-09 00:00:00 - de-risking 60% of 1 position(s).
2026-08-29 04:56:24,313 | INFO    | quant_system.strategies.risk_preservation | State 2 detected at 2022-09-12 00:00:00 - de-risking 60% of 1 position(s).
2026-08-29 04:56:24,528 | INFO    | quant_system.strategies.risk_preservation | State 2 detected at 2022-04-11 00:00:00 - de-risking 60% of 1 position(s).
2026-08-29 04:56:24,535 | INFO    | quant_system.strategies.risk_preservation | State 2 detected at 2022-04-19 00:00:00 - de-risking 60% of 1 position(s).
2026-08-29 04:56:24,539 | INFO    | quant_system.strategies.risk_preservation | State 2 detected at 2022-04-21 00:00:00 - de-risking 60% of 1 position(s).
2026-08-29 04:56:24,544 | INFO    | quant_system.strategies.risk_preservation | State 2 detected at 2022-04-25 00:00:00 - de-risking 60% of 1 position(s).
2026-08-29 04:56:24,547 | INFO    | quant_system.strategies.risk_preservation | State 2 detected at 2022-04-27 00:00:00 - de-risking 60% of 1 position(s).
2026-08-29 04:56:24,550 | INFO    | quant_system.strategies.risk_preservation | State 2 detected at 2022-04-29 00:00:00 - de-risking 60% of 1 position(s).
2026-08-29 04:56:24,554 | INFO    | quant_system.strategies.risk_preservation | State 2 detected at 2022-05-04 00:00:00 - de-risking 60% of 1 position(s).
2026-08-29 04:56:24,558 | INFO    | quant_system.strategies.risk_preservation | State 2 detected at 2022-05-06 00:00:00 - de-risking 60% of 1 position(s).
2026-08-29 04:56:24,564 | INFO    | quant_system.strategies.risk_preservation | State 2 detected at 2022-05-12 00:00:00 - de-risking 60% of 1 position(s).
2026-08-29 04:56:24,567 | INFO    | quant_system.strategies.risk_preservation | State 2 detected at 2022-05-20 00:00:00 - de-risking 60% of 1 position(s).
2026-08-29 04:56:24,572 | INFO    | quant_system.strategies.risk_preservation | State 2 detected at 2022-05-25 00:00:00 - de-risking 60% of 1 position(s).
2026-08-29 04:56:24,573 | INFO    | quant_system.strategies.risk_preservation | State 2 detected at 2022-05-27 00:00:00 - de-risking 60% of 1 position(s).
2026-08-29 04:56:24,580 | INFO    | quant_system.strategies.risk_preservation | State 2 detected at 2022-06-03 00:00:00 - de-risking 60% of 1 position(s).
2026-08-29 04:56:24,584 | INFO    | quant_system.strategies.risk_preservation | State 2 detected at 2022-06-07 00:00:00 - de-risking 60% of 1 position(s).
2026-08-29 04:56:24,587 | INFO    | quant_system.strategies.risk_preservation | State 2 detected at 2022-06-09 00:00:00 - de-risking 60% of 1 position(s).
2026-08-29 04:56:24,630 | INFO    | quant_system.strategies.risk_preservation | State 2 detected at 2022-09-12 00:00:00 - de-risking 60% of 1 position(s).
2026-08-29 04:56:24,845 | INFO    | quant_system.strategies.risk_preservation | State 2 detected at 2022-04-11 00:00:00 - de-risking 60% of 1 position(s).
2026-08-29 04:56:24,852 | INFO    | quant_system.strategies.risk_preservation | State 2 detected at 2022-04-19 00:00:00 - de-risking 60% of 1 position(s).
2026-08-29 04:56:24,856 | INFO    | quant_system.strategies.risk_preservation | State 2 detected at 2022-04-21 00:00:00 - de-risking 60% of 1 position(s).
2026-08-29 04:56:24,860 | INFO    | quant_system.strategies.risk_preservation | State 2 detected at 2022-04-25 00:00:00 - de-risking 60% of 1 position(s).
2026-08-29 04:56:24,864 | INFO    | quant_system.strategies.risk_preservation | State 2 detected at 2022-04-27 00:00:00 - de-risking 60% of 1 position(s).
2026-08-29 04:56:24,867 | INFO    | quant_system.strategies.risk_preservation | State 2 detected at 2022-04-29 00:00:00 - de-risking 60% of 1 position(s).
2026-08-29 04:56:24,871 | INFO    | quant_system.strategies.risk_preservation | State 2 detected at 2022-05-04 00:00:00 - de-risking 60% of 1 position(s).
2026-08-29 04:56:24,875 | INFO    | quant_system.strategies.risk_preservation | State 2 detected at 2022-05-06 00:00:00 - de-risking 60% of 1 position(s).
2026-08-29 04:56:24,880 | INFO    | quant_system.strategies.risk_preservation | State 2 detected at 2022-05-12 00:00:00 - de-risking 60% of 1 position(s).
2026-08-29 04:56:24,884 | INFO    | quant_system.strategies.risk_preservation | State 2 detected at 2022-05-20 00:00:00 - de-risking 60% of 1 position(s).
2026-08-29 04:56:24,889 | INFO    | quant_system.strategies.risk_preservation | State 2 detected at 2022-05-25 00:00:00 - de-risking 60% of 1 position(s).
2026-08-29 04:56:24,890 | INFO    | quant_system.strategies.risk_preservation | State 2 detected at 2022-05-27 00:00:00 - de-risking 60% of 1 position(s).
2026-08-29 04:56:24,897 | INFO    | quant_system.strategies.risk_preservation | State 2 detected at 2022-06-03 00:00:00 - de-risking 60% of 1 position(s).
2026-08-29 04:56:24,901 | INFO    | quant_system.strategies.risk_preservation | State 2 detected at 2022-06-07 00:00:00 - de-risking 60% of 1 position(s).
2026-08-29 04:56:24,904 | INFO    | quant_system.strategies.risk_preservation | State 2 detected at 2022-06-09 00:00:00 - de-risking 60% of 1 position(s).
2026-08-29 04:56:24,947 | INFO    | quant_system.strategies.risk_preservation | State 2 detected at 2022-09-12 00:00:00 - de-risking 60% of 1 position(s).
2026-08-29 04:56:25,162 | INFO    | quant_system.strategies.risk_preservation | State 2 detected at 2022-04-11 00:00:00 - de-risking 60% of 1 position(s).
2026-08-29 04:56:25,169 | INFO    | quant_system.strategies.risk_preservation | State 2 detected at 2022-04-19 00:00:00 - de-risking 60% of 1 position(s).
2026-08-29 04:56:25,173 | INFO    | quant_system.strategies.risk_preservation | State 2 detected at 2022-04-21 00:00:00 - de-risking 60% of 1 position(s).
2026-08-29 04:56:25,177 | INFO    | quant_system.strategies.risk_preservation | State 2 detected at 2022-04-25 00:00:00 - de-risking 60% of 1 position(s).
2026-08-29 04:56:25,181 | INFO    | quant_system.strategies.risk_preservation | State 2 detected at 2022-04-27 00:00:00 - de-risking 60% of 1 position(s).
2026-08-29 04:56:25,184 | INFO    | quant_system.strategies.risk_preservation | State 2 detected at 2022-04-29 00:00:00 - de-risking 60% of 1 position(s).
2026-08-29 04:56:25,188 | INFO    | quant_system.strategies.risk_preservation | State 2 detected at 2022-05-04 00:00:00 - de-risking 60% of 1 position(s).
2026-08-29 04:56:25,192 | INFO    | quant_system.strategies.risk_preservation | State 2 detected at 2022-05-06 00:00:00 - de-risking 60% of 1 position(s).
2026-08-29 04:56:25,198 | INFO    | quant_system.strategies.risk_preservation | State 2 detected at 2022-05-12 00:00:00 - de-risking 60% of 1 position(s).
2026-08-29 04:56:25,201 | INFO    | quant_system.strategies.risk_preservation | State 2 detected at 2022-05-20 00:00:00 - de-risking 60% of 1 position(s).
2026-08-29 04:56:25,206 | INFO    | quant_system.strategies.risk_preservation | State 2 detected at 2022-05-25 00:00:00 - de-risking 60% of 1 position(s).
2026-08-29 04:56:25,207 | INFO    | quant_system.strategies.risk_preservation | State 2 detected at 2022-05-27 00:00:00 - de-risking 60% of 1 position(s).
2026-08-29 04:56:25,215 | INFO    | quant_system.strategies.risk_preservation | State 2 detected at 2022-06-03 00:00:00 - de-risking 60% of 1 position(s).
2026-08-29 04:56:25,219 | INFO    | quant_system.strategies.risk_preservation | State 2 detected at 2022-06-07 00:00:00 - de-risking 60% of 1 position(s).
2026-08-29 04:56:25,223 | INFO    | quant_system.strategies.risk_preservation | State 2 detected at 2022-06-09 00:00:00 - de-risking 60% of 1 position(s).
2026-08-29 04:56:25,266 | INFO    | quant_system.strategies.risk_preservation | State 2 detected at 2022-09-12 00:00:00 - de-risking 60% of 1 position(s).
2026-08-29 04:56:25,778 | INFO    | quant_system.backtesting.walk_forward |   best={'fast_base': 20, 'slow_base': 50, 'entry_z': 2.2}  IS 0.920 -> OOS -0.827  (degradation 189.9%, REJECTED)
2026-08-29 04:56:25,778 | INFO    | quant_system.backtesting.walk_forward | Segment 32/39  IS 2022-10-13..2023-10-16  OOS 2023-10-16..2024-01-17
2026-08-29 04:56:26,269 | INFO    | quant_system.strategies.risk_preservation | State 2 detected at 2022-08-08 00:00:00 - de-risking 60% of 1 position(s).
2026-08-29 04:56:26,286 | INFO    | quant_system.strategies.risk_preservation | State 2 detected at 2022-09-12 00:00:00 - de-risking 60% of 1 position(s).
2026-08-29 04:56:26,537 | INFO    | quant_system.strategies.risk_preservation | State 2 detected at 2022-08-08 00:00:00 - de-risking 60% of 1 position(s).
2026-08-29 04:56:26,554 | INFO    | quant_system.strategies.risk_preservation | State 2 detected at 2022-09-12 00:00:00 - de-risking 60% of 1 position(s).
2026-08-29 04:56:26,804 | INFO    | quant_system.strategies.risk_preservation | State 2 detected at 2022-08-08 00:00:00 - de-risking 60% of 1 position(s).
2026-08-29 04:56:26,821 | INFO    | quant_system.strategies.risk_preservation | State 2 detected at 2022-09-12 00:00:00 - de-risking 60% of 1 position(s).
2026-08-29 04:56:27,069 | INFO    | quant_system.strategies.risk_preservation | State 2 detected at 2022-08-08 00:00:00 - de-risking 60% of 1 position(s).
2026-08-29 04:56:27,087 | INFO    | quant_system.strategies.risk_preservation | State 2 detected at 2022-09-12 00:00:00 - de-risking 60% of 1 position(s).
2026-08-29 04:56:27,334 | INFO    | quant_system.strategies.risk_preservation | State 2 detected at 2022-08-08 00:00:00 - de-risking 60% of 1 position(s).
2026-08-29 04:56:27,352 | INFO    | quant_system.strategies.risk_preservation | State 2 detected at 2022-09-12 00:00:00 - de-risking 60% of 1 position(s).
2026-08-29 04:56:28,000 | INFO    | quant_system.strategies.risk_preservation | State 2 detected at 2022-09-12 00:00:00 - de-risking 60% of 1 position(s).
2026-08-29 04:56:28,267 | INFO    | quant_system.strategies.risk_preservation | State 2 detected at 2022-09-12 00:00:00 - de-risking 60% of 1 position(s).
2026-08-29 04:56:28,533 | INFO    | quant_system.strategies.risk_preservation | State 2 detected at 2022-09-12 00:00:00 - de-risking 60% of 1 position(s).
2026-08-29 04:56:28,798 | INFO    | quant_system.strategies.risk_preservation | State 2 detected at 2022-09-12 00:00:00 - de-risking 60% of 1 position(s).
2026-08-29 04:56:29,062 | INFO    | quant_system.strategies.risk_preservation | State 2 detected at 2022-09-12 00:00:00 - de-risking 60% of 1 position(s).
2026-08-29 04:56:29,587 | INFO    | quant_system.backtesting.walk_forward |   best={'fast_base': 20, 'slow_base': 50, 'entry_z': 2.4}  IS 1.041 -> OOS 0.129  (degradation 87.6%, REJECTED)
2026-08-29 04:56:29,587 | INFO    | quant_system.backtesting.walk_forward | Segment 33/39  IS 2023-01-13..2024-01-17  OOS 2024-01-17..2024-04-17
2026-08-29 04:56:30,049 | INFO    | quant_system.strategies.risk_preservation | State 2 detected at 2022-09-12 00:00:00 - de-risking 60% of 2 position(s).
2026-08-29 04:56:30,312 | INFO    | quant_system.strategies.risk_preservation | State 2 detected at 2022-09-12 00:00:00 - de-risking 60% of 2 position(s).
2026-08-29 04:56:30,576 | INFO    | quant_system.strategies.risk_preservation | State 2 detected at 2022-09-12 00:00:00 - de-risking 60% of 2 position(s).
2026-08-29 04:56:30,838 | INFO    | quant_system.strategies.risk_preservation | State 2 detected at 2022-09-12 00:00:00 - de-risking 60% of 2 position(s).
2026-08-29 04:56:31,094 | INFO    | quant_system.strategies.risk_preservation | State 2 detected at 2022-09-12 00:00:00 - de-risking 60% of 2 position(s).
2026-08-29 04:56:31,739 | INFO    | quant_system.strategies.risk_preservation | State 2 detected at 2022-09-12 00:00:00 - de-risking 60% of 2 position(s).
2026-08-29 04:56:32,000 | INFO    | quant_system.strategies.risk_preservation | State 2 detected at 2022-09-12 00:00:00 - de-risking 60% of 2 position(s).
2026-08-29 04:56:32,261 | INFO    | quant_system.strategies.risk_preservation | State 2 detected at 2022-09-12 00:00:00 - de-risking 60% of 2 position(s).
2026-08-29 04:56:32,520 | INFO    | quant_system.strategies.risk_preservation | State 2 detected at 2022-09-12 00:00:00 - de-risking 60% of 2 position(s).
2026-08-29 04:56:32,774 | INFO    | quant_system.strategies.risk_preservation | State 2 detected at 2022-09-12 00:00:00 - de-risking 60% of 2 position(s).
2026-08-29 04:56:33,339 | INFO    | quant_system.backtesting.walk_forward |   best={'fast_base': 15, 'slow_base': 40, 'entry_z': 1.6}  IS 0.950 -> OOS 1.064  (degradation -12.1%, accepted)
2026-08-29 04:56:33,339 | INFO    | quant_system.backtesting.walk_forward | Segment 34/39  IS 2023-04-17..2024-04-17  OOS 2024-04-17..2024-07-18
2026-08-29 04:56:37,093 | INFO    | quant_system.strategies.risk_preservation | State 2 detected at 2024-06-11 00:00:00 - de-risking 60% of 1 position(s).
2026-08-29 04:56:37,134 | INFO    | quant_system.backtesting.walk_forward |   best={'fast_base': 15, 'slow_base': 40, 'entry_z': 1.6}  IS 0.225 -> OOS -0.156  (degradation 169.2%, REJECTED)
2026-08-29 04:56:37,135 | INFO    | quant_system.backtesting.walk_forward | Segment 35/39  IS 2023-07-18..2024-07-18  OOS 2024-07-18..2024-10-16
2026-08-29 04:56:37,769 | INFO    | quant_system.strategies.risk_preservation | State 2 detected at 2024-06-11 00:00:00 - de-risking 60% of 1 position(s).
2026-08-29 04:56:38,042 | INFO    | quant_system.strategies.risk_preservation | State 2 detected at 2024-06-11 00:00:00 - de-risking 60% of 1 position(s).
2026-08-29 04:56:38,311 | INFO    | quant_system.strategies.risk_preservation | State 2 detected at 2024-06-11 00:00:00 - de-risking 60% of 1 position(s).
2026-08-29 04:56:38,577 | INFO    | quant_system.strategies.risk_preservation | State 2 detected at 2024-06-11 00:00:00 - de-risking 60% of 1 position(s).
2026-08-29 04:56:38,843 | INFO    | quant_system.strategies.risk_preservation | State 2 detected at 2024-06-11 00:00:00 - de-risking 60% of 1 position(s).
2026-08-29 04:56:39,523 | INFO    | quant_system.strategies.risk_preservation | State 2 detected at 2024-06-11 00:00:00 - de-risking 60% of 1 position(s).
2026-08-29 04:56:39,811 | INFO    | quant_system.strategies.risk_preservation | State 2 detected at 2024-06-11 00:00:00 - de-risking 60% of 1 position(s).
2026-08-29 04:56:40,086 | INFO    | quant_system.strategies.risk_preservation | State 2 detected at 2024-06-11 00:00:00 - de-risking 60% of 1 position(s).
2026-08-29 04:56:40,359 | INFO    | quant_system.strategies.risk_preservation | State 2 detected at 2024-06-11 00:00:00 - de-risking 60% of 1 position(s).
2026-08-29 04:56:40,630 | INFO    | quant_system.strategies.risk_preservation | State 2 detected at 2024-06-11 00:00:00 - de-risking 60% of 1 position(s).
2026-08-29 04:56:40,976 | INFO    | quant_system.strategies.risk_preservation | State 2 detected at 2024-06-11 00:00:00 - de-risking 60% of 1 position(s).
2026-08-29 04:56:41,043 | INFO    | quant_system.backtesting.walk_forward |   best={'fast_base': 15, 'slow_base': 40, 'entry_z': 1.6}  IS -0.062 -> OOS 0.832  (degradation 0.0%, accepted)
2026-08-29 04:56:41,043 | INFO    | quant_system.backtesting.walk_forward | Segment 36/39  IS 2023-10-16..2024-10-16  OOS 2024-10-16..2025-01-16
2026-08-29 04:56:41,642 | INFO    | quant_system.strategies.risk_preservation | State 2 detected at 2024-06-11 00:00:00 - de-risking 60% of 1 position(s).
2026-08-29 04:56:41,910 | INFO    | quant_system.strategies.risk_preservation | State 2 detected at 2024-06-11 00:00:00 - de-risking 60% of 1 position(s).
2026-08-29 04:56:42,174 | INFO    | quant_system.strategies.risk_preservation | State 2 detected at 2024-06-11 00:00:00 - de-risking 60% of 1 position(s).
2026-08-29 04:56:42,432 | INFO    | quant_system.strategies.risk_preservation | State 2 detected at 2024-06-11 00:00:00 - de-risking 60% of 1 position(s).
2026-08-29 04:56:42,693 | INFO    | quant_system.strategies.risk_preservation | State 2 detected at 2024-06-11 00:00:00 - de-risking 60% of 1 position(s).
2026-08-29 04:56:43,341 | INFO    | quant_system.strategies.risk_preservation | State 2 detected at 2024-06-11 00:00:00 - de-risking 60% of 1 position(s).
2026-08-29 04:56:43,603 | INFO    | quant_system.strategies.risk_preservation | State 2 detected at 2024-06-11 00:00:00 - de-risking 60% of 1 position(s).
2026-08-29 04:56:43,864 | INFO    | quant_system.strategies.risk_preservation | State 2 detected at 2024-06-11 00:00:00 - de-risking 60% of 1 position(s).
2026-08-29 04:56:44,122 | INFO    | quant_system.strategies.risk_preservation | State 2 detected at 2024-06-11 00:00:00 - de-risking 60% of 1 position(s).
2026-08-29 04:56:44,381 | INFO    | quant_system.strategies.risk_preservation | State 2 detected at 2024-06-11 00:00:00 - de-risking 60% of 1 position(s).
2026-08-29 04:56:44,718 | INFO    | quant_system.strategies.risk_preservation | State 2 detected at 2024-06-11 00:00:00 - de-risking 60% of 1 position(s).
2026-08-29 04:56:44,807 | INFO    | quant_system.backtesting.walk_forward |   best={'fast_base': 15, 'slow_base': 40, 'entry_z': 1.6}  IS 0.335 -> OOS -1.120  (degradation 434.4%, REJECTED)
2026-08-29 04:56:44,807 | INFO    | quant_system.backtesting.walk_forward | Segment 37/39  IS 2024-01-17..2025-01-16  OOS 2025-01-16..2025-04-17
2026-08-29 04:56:45,376 | INFO    | quant_system.strategies.risk_preservation | State 2 detected at 2024-06-11 00:00:00 - de-risking 60% of 1 position(s).
2026-08-29 04:56:45,629 | INFO    | quant_system.strategies.risk_preservation | State 2 detected at 2024-06-11 00:00:00 - de-risking 60% of 1 position(s).
2026-08-29 04:56:45,879 | INFO    | quant_system.strategies.risk_preservation | State 2 detected at 2024-06-11 00:00:00 - de-risking 60% of 1 position(s).
2026-08-29 04:56:46,123 | INFO    | quant_system.strategies.risk_preservation | State 2 detected at 2024-06-11 00:00:00 - de-risking 60% of 1 position(s).
2026-08-29 04:56:46,368 | INFO    | quant_system.strategies.risk_preservation | State 2 detected at 2024-06-11 00:00:00 - de-risking 60% of 1 position(s).
2026-08-29 04:56:47,009 | INFO    | quant_system.strategies.risk_preservation | State 2 detected at 2024-06-11 00:00:00 - de-risking 60% of 1 position(s).
2026-08-29 04:56:47,262 | INFO    | quant_system.strategies.risk_preservation | State 2 detected at 2024-06-11 00:00:00 - de-risking 60% of 1 position(s).
2026-08-29 04:56:47,566 | INFO    | quant_system.strategies.risk_preservation | State 2 detected at 2024-06-11 00:00:00 - de-risking 60% of 1 position(s).
2026-08-29 04:56:47,814 | INFO    | quant_system.strategies.risk_preservation | State 2 detected at 2024-06-11 00:00:00 - de-risking 60% of 1 position(s).
2026-08-29 04:56:48,063 | INFO    | quant_system.strategies.risk_preservation | State 2 detected at 2024-06-11 00:00:00 - de-risking 60% of 1 position(s).
2026-08-29 04:56:48,480 | INFO    | quant_system.strategies.risk_preservation | State 2 detected at 2025-03-17 00:00:00 - de-risking 60% of 1 position(s).
2026-08-29 04:56:48,523 | INFO    | quant_system.backtesting.walk_forward |   best={'fast_base': 15, 'slow_base': 40, 'entry_z': 1.6}  IS 0.470 -> OOS -0.437  (degradation 192.9%, REJECTED)
2026-08-29 04:56:48,523 | INFO    | quant_system.backtesting.walk_forward | Segment 38/39  IS 2024-04-17..2025-04-17  OOS 2025-04-17..2025-07-21
2026-08-29 04:56:49,058 | INFO    | quant_system.strategies.risk_preservation | State 2 detected at 2024-06-11 00:00:00 - de-risking 60% of 1 position(s).
2026-08-29 04:56:49,148 | INFO    | quant_system.strategies.risk_preservation | State 2 detected at 2025-03-17 00:00:00 - de-risking 60% of 1 position(s).
2026-08-29 04:56:49,320 | INFO    | quant_system.strategies.risk_preservation | State 2 detected at 2024-06-11 00:00:00 - de-risking 60% of 1 position(s).
2026-08-29 04:56:49,410 | INFO    | quant_system.strategies.risk_preservation | State 2 detected at 2025-03-17 00:00:00 - de-risking 60% of 1 position(s).
2026-08-29 04:56:49,582 | INFO    | quant_system.strategies.risk_preservation | State 2 detected at 2024-06-11 00:00:00 - de-risking 60% of 1 position(s).
2026-08-29 04:56:49,671 | INFO    | quant_system.strategies.risk_preservation | State 2 detected at 2025-03-17 00:00:00 - de-risking 60% of 1 position(s).
2026-08-29 04:56:49,950 | INFO    | quant_system.strategies.risk_preservation | State 2 detected at 2024-06-11 00:00:00 - de-risking 60% of 1 position(s).
2026-08-29 04:56:50,040 | INFO    | quant_system.strategies.risk_preservation | State 2 detected at 2025-03-17 00:00:00 - de-risking 60% of 1 position(s).
2026-08-29 04:56:50,211 | INFO    | quant_system.strategies.risk_preservation | State 2 detected at 2024-06-11 00:00:00 - de-risking 60% of 1 position(s).
2026-08-29 04:56:50,300 | INFO    | quant_system.strategies.risk_preservation | State 2 detected at 2025-03-17 00:00:00 - de-risking 60% of 1 position(s).
2026-08-29 04:56:50,856 | INFO    | quant_system.strategies.risk_preservation | State 2 detected at 2024-06-11 00:00:00 - de-risking 60% of 1 position(s).
2026-08-29 04:56:50,943 | INFO    | quant_system.strategies.risk_preservation | State 2 detected at 2025-03-17 00:00:00 - de-risking 60% of 1 position(s).
2026-08-29 04:56:51,117 | INFO    | quant_system.strategies.risk_preservation | State 2 detected at 2024-06-11 00:00:00 - de-risking 60% of 1 position(s).
2026-08-29 04:56:51,202 | INFO    | quant_system.strategies.risk_preservation | State 2 detected at 2025-03-17 00:00:00 - de-risking 60% of 1 position(s).
2026-08-29 04:56:51,376 | INFO    | quant_system.strategies.risk_preservation | State 2 detected at 2024-06-11 00:00:00 - de-risking 60% of 1 position(s).
2026-08-29 04:56:51,462 | INFO    | quant_system.strategies.risk_preservation | State 2 detected at 2025-03-17 00:00:00 - de-risking 60% of 1 position(s).
2026-08-29 04:56:51,636 | INFO    | quant_system.strategies.risk_preservation | State 2 detected at 2024-06-11 00:00:00 - de-risking 60% of 1 position(s).
2026-08-29 04:56:51,722 | INFO    | quant_system.strategies.risk_preservation | State 2 detected at 2025-03-17 00:00:00 - de-risking 60% of 1 position(s).
2026-08-29 04:56:51,895 | INFO    | quant_system.strategies.risk_preservation | State 2 detected at 2024-06-11 00:00:00 - de-risking 60% of 1 position(s).
2026-08-29 04:56:51,982 | INFO    | quant_system.strategies.risk_preservation | State 2 detected at 2025-03-17 00:00:00 - de-risking 60% of 1 position(s).
2026-08-29 04:56:52,327 | INFO    | quant_system.strategies.risk_preservation | State 2 detected at 2025-03-17 00:00:00 - de-risking 60% of 1 position(s).
2026-08-29 04:56:52,398 | INFO    | quant_system.backtesting.walk_forward |   best={'fast_base': 20, 'slow_base': 50, 'entry_z': 1.6}  IS 0.429 -> OOS 0.425  (degradation 0.8%, accepted)
2026-08-29 04:56:52,398 | INFO    | quant_system.backtesting.walk_forward | Segment 39/39  IS 2024-07-18..2025-07-21  OOS 2025-07-21..2025-10-17
2026-08-29 04:56:52,896 | INFO    | quant_system.strategies.risk_preservation | State 2 detected at 2024-06-11 00:00:00 - de-risking 60% of 1 position(s).
2026-08-29 04:56:52,983 | INFO    | quant_system.strategies.risk_preservation | State 2 detected at 2025-03-17 00:00:00 - de-risking 60% of 1 position(s).
2026-08-29 04:56:53,147 | INFO    | quant_system.strategies.risk_preservation | State 2 detected at 2024-06-11 00:00:00 - de-risking 60% of 1 position(s).
2026-08-29 04:56:53,235 | INFO    | quant_system.strategies.risk_preservation | State 2 detected at 2025-03-17 00:00:00 - de-risking 60% of 1 position(s).
2026-08-29 04:56:53,399 | INFO    | quant_system.strategies.risk_preservation | State 2 detected at 2024-06-11 00:00:00 - de-risking 60% of 1 position(s).
2026-08-29 04:56:53,486 | INFO    | quant_system.strategies.risk_preservation | State 2 detected at 2025-03-17 00:00:00 - de-risking 60% of 1 position(s).
2026-08-29 04:56:53,649 | INFO    | quant_system.strategies.risk_preservation | State 2 detected at 2024-06-11 00:00:00 - de-risking 60% of 1 position(s).
2026-08-29 04:56:53,738 | INFO    | quant_system.strategies.risk_preservation | State 2 detected at 2025-03-17 00:00:00 - de-risking 60% of 1 position(s).
2026-08-29 04:56:53,901 | INFO    | quant_system.strategies.risk_preservation | State 2 detected at 2024-06-11 00:00:00 - de-risking 60% of 1 position(s).
2026-08-29 04:56:53,988 | INFO    | quant_system.strategies.risk_preservation | State 2 detected at 2025-03-17 00:00:00 - de-risking 60% of 1 position(s).
2026-08-29 04:56:54,538 | INFO    | quant_system.strategies.risk_preservation | State 2 detected at 2024-06-11 00:00:00 - de-risking 60% of 1 position(s).
2026-08-29 04:56:54,622 | INFO    | quant_system.strategies.risk_preservation | State 2 detected at 2025-03-17 00:00:00 - de-risking 60% of 1 position(s).
2026-08-29 04:56:54,786 | INFO    | quant_system.strategies.risk_preservation | State 2 detected at 2024-06-11 00:00:00 - de-risking 60% of 1 position(s).
2026-08-29 04:56:54,870 | INFO    | quant_system.strategies.risk_preservation | State 2 detected at 2025-03-17 00:00:00 - de-risking 60% of 1 position(s).
2026-08-29 04:56:55,033 | INFO    | quant_system.strategies.risk_preservation | State 2 detected at 2024-06-11 00:00:00 - de-risking 60% of 1 position(s).
2026-08-29 04:56:55,116 | INFO    | quant_system.strategies.risk_preservation | State 2 detected at 2025-03-17 00:00:00 - de-risking 60% of 1 position(s).
2026-08-29 04:56:55,282 | INFO    | quant_system.strategies.risk_preservation | State 2 detected at 2024-06-11 00:00:00 - de-risking 60% of 1 position(s).
2026-08-29 04:56:55,366 | INFO    | quant_system.strategies.risk_preservation | State 2 detected at 2025-03-17 00:00:00 - de-risking 60% of 1 position(s).
2026-08-29 04:56:55,529 | INFO    | quant_system.strategies.risk_preservation | State 2 detected at 2024-06-11 00:00:00 - de-risking 60% of 1 position(s).
2026-08-29 04:56:55,613 | INFO    | quant_system.strategies.risk_preservation | State 2 detected at 2025-03-17 00:00:00 - de-risking 60% of 1 position(s).
2026-08-29 04:56:55,962 | INFO    | quant_system.strategies.risk_preservation | State 2 detected at 2025-03-17 00:00:00 - de-risking 60% of 2 position(s).
2026-08-29 04:56:56,055 | INFO    | quant_system.backtesting.walk_forward |   best={'fast_base': 20, 'slow_base': 50, 'entry_z': 1.6}  IS 0.738 -> OOS 0.412  (degradation 44.2%, REJECTED)
2026-08-29 04:56:56,066 | INFO    | quant_system                 | 
==============================================================================
WALK-FORWARD OPTIMISATION REPORT
==============================================================================
Segments              : 39
Acceptance rate       : 38.5%
Mean degradation      : -22.58%

Stitched out-of-sample performance:
------------------------------------------------------------------------------
                    start_equity : 999,258.7392
                    final_equity : 1,022,284.3721
                total_return_pct : 2.3043
                        cagr_pct : 0.2339
                    sharpe_ratio : 0.2016
                   sortino_ratio : 0.1064
                    calmar_ratio : 0.0905
                max_drawdown_pct : 2.5848
      max_drawdown_duration_bars : 832.0000
                   recovery_bars : 0.0000
                   drawdown_bars : 2,258.0000
       annualised_volatility_pct : 1.1942
                      var_95_pct : 0.0327
                     cvar_95_pct : 0.1619
                    hit_rate_pct : 11.6809
             active_hit_rate_pct : 47.2039
                    exposure_pct : 24.7456
                 best_period_pct : 0.8959
                worst_period_pct : -1.3286
                     num_periods : 2,457.0000
                     max_dd_peak : 2021-11-05
                   max_dd_trough : 2025-03-03

Per-segment detail:
------------------------------------------------------------------------------
    segment    is_start      is_end   oos_start     oos_end  is_sharpe  oos_sharpe  degradation_pct  accepted  combinations
0         0  2015-01-02  2016-01-04  2016-01-04  2016-04-05      0.762       0.664            12.89      True            10
1         1  2015-04-06  2016-04-05  2016-04-05  2016-07-05      0.664      -1.465           320.53     False            10
2         2  2015-07-06  2016-07-05  2016-07-05  2016-10-03      0.828       0.000           100.00     False            10
3         3  2015-10-02  2016-10-03  2016-10-03  2017-01-05      0.766       0.000           100.00     False            10
4         4  2016-01-04  2017-01-05  2017-01-05  2017-04-06      0.718      -0.579           180.71     False            10
5         5  2016-04-05  2017-04-06  2017-04-06  2017-07-07     -0.665       0.307             0.00      True            10
6         6  2016-07-05  2017-07-07  2017-07-07  2017-10-06      0.389       0.525           -34.95      True            10
7         7  2016-10-03  2017-10-06  2017-10-06  2018-01-09      0.073       1.044         -1335.95      True            10
8         8  2017-01-05  2018-01-09  2018-01-09  2018-04-12      0.212       0.119            44.07     False            10
9         9  2017-04-06  2018-04-12  2018-04-12  2018-07-12      0.188       1.581          -740.17      True            10
10       10  2017-07-07  2018-07-12  2018-07-12  2018-10-10      0.894       0.715            20.00     False            10
11       11  2017-10-06  2018-10-10  2018-10-10  2019-01-11      1.326       0.948            28.53     False            10
12       12  2018-01-09  2019-01-11  2019-01-11  2019-04-12      0.586       0.349            40.41     False            10
13       13  2018-04-12  2019-04-12  2019-04-12  2019-07-16      1.517       0.259            82.94     False            10
14       14  2018-07-12  2019-07-16  2019-07-16  2019-10-14      0.788       0.903           -14.49      True            10
15       15  2018-10-10  2019-10-14  2019-10-14  2020-01-14      1.189       0.812            31.71     False            10
16       16  2019-01-11  2020-01-14  2020-01-14  2020-04-15      0.614       0.359            41.54     False            10
17       17  2019-04-12  2020-04-15  2020-04-15  2020-07-15      0.620       0.343            44.77     False            10
18       18  2019-07-16  2020-07-15  2020-07-15  2020-10-13      0.924       0.000           100.00     False            10
19       19  2019-10-14  2020-10-13  2020-10-13  2021-01-13      0.805      -0.125           115.56     False            10
20       20  2020-01-14  2021-01-13  2021-01-13  2021-04-15      0.378      -0.295           178.08     False            10
21       21  2020-04-15  2021-04-15  2021-04-15  2021-07-15      0.243       0.186            23.37     False            10
22       22  2020-07-15  2021-07-15  2021-07-15  2021-10-13      0.516       0.464            10.01      True            10
23       23  2020-10-13  2021-10-13  2021-10-13  2022-01-12      0.638       0.629             1.42      True            10
24       24  2021-01-13  2022-01-12  2022-01-12  2022-04-13      0.603      -0.217           135.97     False            10
25       25  2021-04-15  2022-04-13  2022-04-13  2022-07-15      0.220       0.880          -300.01      True            10
26       26  2021-07-15  2022-07-15  2022-07-15  2022-10-13      0.264       1.020          -285.62      True            10
27       27  2021-10-13  2022-10-13  2022-10-13  2023-01-13      0.356       1.628          -356.98      True            10
28       28  2022-01-12  2023-01-13  2023-01-13  2023-04-17      0.194       1.567          -707.23      True            10
29       29  2022-04-13  2023-04-17  2023-04-17  2023-07-18      1.060      -0.797           175.18     False            10
30       30  2022-07-15  2023-07-18  2023-07-18  2023-10-16      0.920      -0.827           189.91     False            10
31       31  2022-10-13  2023-10-16  2023-10-16  2024-01-17      1.041       0.129            87.57     False            10
32       32  2023-01-13  2024-01-17  2024-01-17  2024-04-17      0.950       1.064           -12.07      True            10
33       33  2023-04-17  2024-04-17  2024-04-17  2024-07-18      0.225      -0.156           169.22     False            10
34       34  2023-07-18  2024-07-18  2024-07-18  2024-10-16     -0.062       0.832             0.00      True            10
35       35  2023-10-16  2024-10-16  2024-10-16  2025-01-16      0.335      -1.120           434.44     False            10
36       36  2024-01-17  2025-01-16  2025-01-16  2025-04-17      0.470      -0.437           192.95     False            10
37       37  2024-04-17  2025-04-17  2025-04-17  2025-07-21      0.429       0.425             0.85      True            10
38       38  2024-07-18  2025-07-21  2025-07-21  2025-10-17      0.738       0.412            44.16     False            10
==============================================================================
2026-08-29 04:56:56,071 | INFO    | quant_system                 | Wrote /home/user/quant_system/reports/walk_forward_report.txt
2026-08-29 04:56:56,079 | INFO    | quant_system                 | Artifacts written to /home/user/quant_system/reports
2026-08-29 04:58:46,873 | INFO    | quant_system                 | Logging to /home/user/quant_system/reports/logs/quant_system.log
2026-08-29 04:58:46,874 | INFO    | quant_system                 | quant_system v1.0.0 | mode=live source=synthetic 2015-01-01..2025-12-31
2026-08-29 04:58:46,874 | INFO    | quant_system                 | Trade governance: mode=DEMO (unlimited) daily_trade_limit=unlimited
2026-08-29 04:58:46,874 | INFO    | quant_system.utils.notifier  | Notifier started (toast=none voice=off)
2026-08-29 04:58:46,874 | INFO    | quant_system                 | Notifier: toasts=False (toasts disabled by configuration) voice=False (speak)
2026-08-29 04:58:46,925 | INFO    | quant_system                 | Loaded 5 symbols x 2870 bars from {'XAUUSD': 'synthetic', 'XAGUSD': 'synthetic', 'EURUSD': 'synthetic', 'USDCHF': 'synthetic', 'USDJPY': 'synthetic'}
2026-08-29 04:58:47,271 | WARNING | hmmlearn.base                | Model is not converging.  Current: -449.2574038483823 is not greater than -449.25718525847867. Delta is -0.0002185899036248884
2026-08-29 04:59:52,332 | INFO    | quant_system                 | Logging to /home/user/quant_system/reports/logs/quant_system.log
2026-08-29 04:59:52,333 | INFO    | quant_system                 | quant_system v1.0.0 | mode=live source=synthetic 2015-01-01..2025-12-31
2026-08-29 04:59:52,333 | ERROR   | quant_system                 | The MetaTrader 5 adapter requires Windows and a running MT5 terminal (host is linux). Run 'python scripts/preflight.py' for the full environment report, or use --broker simulated / --broker fix.
2026-08-29 04:59:52,333 | ERROR   | quant_system                 | See /home/user/quant_system/reports/logs/quant_system.log for details.
2026-08-29 04:59:53,547 | INFO    | quant_system                 | Logging to /home/user/quant_system/reports/logs/quant_system.log
2026-08-29 04:59:53,548 | INFO    | quant_system                 | quant_system v1.0.0 | mode=live source=synthetic 2024-01-01..2024-12-31
2026-08-29 04:59:53,548 | INFO    | quant_system                 | Trade governance: mode=DEMO (unlimited) daily_trade_limit=unlimited
2026-08-29 04:59:53,548 | INFO    | quant_system.utils.notifier  | Notifier started (toast=none voice=off)
2026-08-29 04:59:53,548 | INFO    | quant_system                 | Notifier: toasts=False (toasts disabled by configuration) voice=False (speak)
2026-08-29 04:59:53,555 | INFO    | quant_system                 | Loaded 5 symbols x 262 bars from {'XAUUSD': 'synthetic', 'XAGUSD': 'synthetic', 'EURUSD': 'synthetic', 'USDCHF': 'synthetic', 'USDJPY': 'synthetic'}
2026-08-29 04:59:53,642 | INFO    | quant_system.execution.brokers.simulated_broker | Simulated broker connected.
2026-08-29 04:59:53,642 | INFO    | quant_system                 | Broker simulated connected (equity=1000000.00)
2026-08-29 04:59:54,028 | INFO    | quant_system                 | Cycle 1 | regime=2 | no orders (regime_state_2_shock)
2026-08-29 04:59:54,029 | INFO    | quant_system                 | Cycle 2 | regime=2 | no orders (regime_state_2_shock)
2026-08-29 04:59:54,029 | INFO    | quant_system                 | Live session finished: {
  "submitted": 0,
  "filled": 0,
  "rejected": 0,
  "skipped": 0,
  "retries": 0,
  "final_equity": 1000000.0,
  "open_positions": 0,
  "demo_mode": true,
  "daily_trade_limit": -1,
  "notifier": {
    "started": false,
    "toast_backend": "none",
    "backend_note": "toasts disabled by configuration",
    "toasts_delivered": 0,
    "announced": 0,
    "filtered": {
      "notifier_disabled": 0,
      "not_a_confirmed_fill": 0,
      "zero_filled_quantity": 0,
      "duplicate_order_id": 0,
      "backend_unavailable": 0,
      "unknown_symbol": 0
    },
    "voice": {
      "enabled": false
    }
  }
}
2026-08-29 05:03:16,557 | INFO    | quant_system                 | Logging to /home/user/quant_system/reports/logs/quant_system.log
2026-08-29 05:03:16,557 | INFO    | quant_system                 | quant_system v1.0.0 | mode=live source=synthetic 2024-01-01..2024-12-31
2026-08-29 05:03:16,557 | INFO    | quant_system                 | Trade governance: mode=DEMO (unlimited) daily_trade_limit=unlimited
2026-08-29 05:03:16,558 | INFO    | quant_system.utils.notifier  | Notifier started (toast=none voice=off)
2026-08-29 05:03:16,558 | INFO    | quant_system                 | Notifier: toasts=False (toasts disabled by configuration) voice=False (speak)
2026-08-29 05:03:16,565 | INFO    | quant_system                 | Loaded 5 symbols x 262 bars from {'XAUUSD': 'synthetic', 'XAGUSD': 'synthetic', 'EURUSD': 'synthetic', 'USDCHF': 'synthetic', 'USDJPY': 'synthetic'}
2026-08-29 05:03:16,665 | INFO    | quant_system.execution.brokers.simulated_broker | Simulated broker connected.
2026-08-29 05:03:16,666 | INFO    | quant_system                 | Broker simulated connected (equity=1000000.00)
2026-08-29 05:03:16,666 | INFO    | quant_system                 | Live session finished: {
  "submitted": 0,
  "filled": 0,
  "rejected": 0,
  "skipped": 0,
  "retries": 0,
  "final_equity": 1000000.0,
  "open_positions": 0,
  "demo_mode": true,
  "daily_trade_limit": -1,
  "notifier": {
    "started": false,
    "toast_backend": "none",
    "backend_note": "toasts disabled by configuration",
    "toasts_delivered": 0,
    "announced": 0,
    "filtered": {
      "notifier_disabled": 0,
      "not_a_confirmed_fill": 0,
      "zero_filled_quantity": 0,
      "duplicate_order_id": 0,
      "backend_unavailable": 0,
      "unknown_symbol": 0
    },
    "voice": {
      "enabled": false
    }
  }
}
2026-08-29 05:03:35,603 | INFO    | quant_system                 | Logging to /home/user/quant_system/reports/logs/quant_system.log
2026-08-29 05:03:35,603 | INFO    | quant_system                 | quant_system v1.0.0 | mode=live source=synthetic 2024-01-01..2024-12-31
2026-08-29 05:03:35,603 | INFO    | quant_system                 | Trade governance: mode=DEMO (unlimited) daily_trade_limit=unlimited
2026-08-29 05:03:35,603 | INFO    | quant_system.utils.notifier  | Notifier started (toast=none voice=off)
2026-08-29 05:03:35,603 | INFO    | quant_system                 | Notifier: toasts=False (toasts disabled by configuration) voice=False (speak)
2026-08-29 05:03:35,611 | INFO    | quant_system                 | Loaded 5 symbols x 262 bars from {'XAUUSD': 'synthetic', 'XAGUSD': 'synthetic', 'EURUSD': 'synthetic', 'USDCHF': 'synthetic', 'USDJPY': 'synthetic'}
2026-08-29 05:03:35,702 | INFO    | quant_system.execution.brokers.simulated_broker | Simulated broker connected.
2026-08-29 05:03:35,702 | INFO    | quant_system                 | Broker simulated connected (equity=1000000.00)
2026-08-29 05:03:35,703 | INFO    | quant_system                 | Running unbounded - stop with Ctrl+C or by creating /home/user/quant_system/reports/HALT.
2026-08-29 05:03:36,133 | INFO    | quant_system                 | Cycle 1 | regime=2 | no orders (regime_state_2_shock)
2026-08-29 05:03:37,135 | INFO    | quant_system                 | Cycle 2 | regime=2 | no orders (regime_state_2_shock)
2026-08-29 05:03:38,136 | INFO    | quant_system                 | Cycle 3 | regime=2 | no orders (regime_state_2_shock)
2026-08-29 05:03:39,137 | INFO    | quant_system                 | Cycle 4 | regime=2 | no orders (regime_state_2_shock)
2026-08-29 05:03:40,138 | INFO    | quant_system                 | Cycle 5 | regime=2 | no orders (regime_state_2_shock)
2026-08-29 05:03:41,139 | INFO    | quant_system                 | Cycle 6 | regime=2 | no orders (regime_state_2_shock)
2026-08-29 05:03:42,140 | INFO    | quant_system                 | Cycle 7 | regime=2 | no orders (regime_state_2_shock)
2026-08-29 05:03:43,141 | INFO    | quant_system                 | Cycle 8 | regime=2 | no orders (regime_state_2_shock)
2026-08-29 05:03:44,142 | INFO    | quant_system                 | Cycle 9 | regime=2 | no orders (regime_state_2_shock)
2026-08-29 05:03:45,143 | INFO    | quant_system                 | Cycle 10 | regime=2 | no orders (regime_state_2_shock)
2026-08-29 05:03:46,145 | INFO    | quant_system                 | Cycle 11 | regime=2 | no orders (regime_state_2_shock)
2026-08-29 05:03:47,146 | INFO    | quant_system                 | Cycle 12 | regime=2 | no orders (regime_state_2_shock)
2026-08-29 05:03:48,147 | INFO    | quant_system                 | Cycle 13 | regime=2 | no orders (regime_state_2_shock)
2026-08-29 05:03:49,148 | INFO    | quant_system                 | Cycle 14 | regime=2 | no orders (regime_state_2_shock)
2026-08-29 05:03:50,149 | INFO    | quant_system                 | Cycle 15 | regime=2 | no orders (regime_state_2_shock)
2026-08-29 05:03:51,150 | INFO    | quant_system                 | Cycle 16 | regime=2 | no orders (regime_state_2_shock)
2026-08-29 05:03:52,151 | INFO    | quant_system                 | Cycle 17 | regime=2 | no orders (regime_state_2_shock)
2026-08-29 05:03:53,152 | INFO    | quant_system                 | Cycle 18 | regime=2 | no orders (regime_state_2_shock)
2026-08-29 05:03:54,153 | INFO    | quant_system                 | Cycle 19 | regime=2 | no orders (regime_state_2_shock)
2026-08-29 05:03:54,654 | WARNING | quant_system                 | Shutdown requested (halt_file) - stopping before cycle 20.
2026-08-29 05:03:54,654 | INFO    | quant_system                 | Shutdown requested (halt_file) - no open positions.
2026-08-29 05:03:54,655 | INFO    | quant_system                 | Live session finished: {
  "submitted": 0,
  "filled": 0,
  "rejected": 0,
  "skipped": 0,
  "retries": 0,
  "final_equity": 1000000.0,
  "open_positions": 0,
  "demo_mode": true,
  "daily_trade_limit": -1,
  "notifier": {
    "started": false,
    "toast_backend": "none",
    "backend_note": "toasts disabled by configuration",
    "toasts_delivered": 0,
    "announced": 0,
    "filtered": {
      "notifier_disabled": 0,
      "not_a_confirmed_fill": 0,
      "zero_filled_quantity": 0,
      "duplicate_order_id": 0,
      "backend_unavailable": 0,
      "unknown_symbol": 0
    },
    "voice": {
      "enabled": false
    }
  }
}
2026-08-29 05:04:09,212 | INFO    | quant_system                 | Logging to /home/user/quant_system/reports/logs/quant_system.log
2026-08-29 05:04:09,212 | INFO    | quant_system                 | quant_system v1.0.0 | mode=live source=synthetic 2024-01-01..2024-12-31
2026-08-29 05:04:09,213 | INFO    | quant_system                 | Trade governance: mode=DEMO (unlimited) daily_trade_limit=unlimited
2026-08-29 05:04:09,213 | INFO    | quant_system.utils.notifier  | Notifier started (toast=none voice=off)
2026-08-29 05:04:09,213 | INFO    | quant_system                 | Notifier: toasts=False (toasts disabled by configuration) voice=False (speak)
2026-08-29 05:04:09,220 | INFO    | quant_system                 | Loaded 5 symbols x 262 bars from {'XAUUSD': 'synthetic', 'XAGUSD': 'synthetic', 'EURUSD': 'synthetic', 'USDCHF': 'synthetic', 'USDJPY': 'synthetic'}
2026-08-29 05:04:09,308 | INFO    | quant_system.execution.brokers.simulated_broker | Simulated broker connected.
2026-08-29 05:04:09,308 | INFO    | quant_system                 | Broker simulated connected (equity=1000000.00)
2026-08-29 05:04:09,308 | INFO    | quant_system                 | Running unbounded - stop with Ctrl+C or by creating /home/user/quant_system/reports/HALT.
2026-08-29 05:04:09,697 | INFO    | quant_system                 | Cycle 1 | regime=2 | no orders (regime_state_2_shock)
2026-08-29 05:04:14,698 | INFO    | quant_system                 | Cycle 2 | regime=2 | no orders (regime_state_2_shock)
2026-08-29 05:04:19,699 | INFO    | quant_system                 | Cycle 3 | regime=2 | no orders (regime_state_2_shock)
2026-08-29 05:04:24,701 | INFO    | quant_system                 | Cycle 4 | regime=2 | no orders (regime_state_2_shock)
2026-08-29 05:04:29,702 | INFO    | quant_system                 | Cycle 5 | regime=2 | no orders (regime_state_2_shock)
2026-08-29 05:04:34,703 | INFO    | quant_system                 | Cycle 6 | regime=2 | no orders (regime_state_2_shock)
2026-08-29 05:04:39,704 | INFO    | quant_system                 | Cycle 7 | regime=2 | no orders (regime_state_2_shock)
2026-08-29 05:04:41,988 | WARNING | quant_system                 | SIGINT received - finishing the current cycle, then shutting down cleanly. Send it again to abort right now.
2026-08-29 05:04:42,206 | WARNING | quant_system                 | Shutdown requested (signal) - stopping before cycle 8.
2026-08-29 05:04:42,206 | INFO    | quant_system                 | Shutdown requested (signal) - no open positions.
2026-08-29 05:04:42,206 | INFO    | quant_system                 | Live session finished: {
  "submitted": 0,
  "filled": 0,
  "rejected": 0,
  "skipped": 0,
  "retries": 0,
  "final_equity": 1000000.0,
  "open_positions": 0,
  "demo_mode": true,
  "daily_trade_limit": -1,
  "notifier": {
    "started": false,
    "toast_backend": "none",
    "backend_note": "toasts disabled by configuration",
    "toasts_delivered": 0,
    "announced": 0,
    "filtered": {
      "notifier_disabled": 0,
      "not_a_confirmed_fill": 0,
      "zero_filled_quantity": 0,
      "duplicate_order_id": 0,
      "backend_unavailable": 0,
      "unknown_symbol": 0
    },
    "voice": {
      "enabled": false
    }
  }
}
2026-08-29 05:05:17,088 | INFO    | quant_system                 | Logging to /home/user/quant_system/reports/logs/quant_system.log
2026-08-29 05:05:17,089 | INFO    | quant_system                 | quant_system v1.0.0 | mode=live source=synthetic 2024-01-01..2024-12-31
2026-08-29 05:05:17,089 | INFO    | quant_system                 | Trade governance: mode=DEMO (unlimited) daily_trade_limit=unlimited
2026-08-29 05:05:17,089 | INFO    | quant_system.utils.notifier  | Notifier started (toast=none voice=off)
2026-08-29 05:05:17,089 | INFO    | quant_system                 | Notifier: toasts=False (toasts disabled by configuration) voice=False (speak)
2026-08-29 05:05:17,096 | INFO    | quant_system                 | Loaded 5 symbols x 262 bars from {'XAUUSD': 'synthetic', 'XAGUSD': 'synthetic', 'EURUSD': 'synthetic', 'USDCHF': 'synthetic', 'USDJPY': 'synthetic'}
2026-08-29 05:05:17,186 | INFO    | quant_system.execution.brokers.simulated_broker | Simulated broker connected.
2026-08-29 05:05:17,186 | INFO    | quant_system                 | Broker simulated connected (equity=1000000.00)
2026-08-29 05:05:17,186 | INFO    | quant_system                 | Running unbounded - stop with Ctrl+C or by creating /home/user/quant_system/reports/HALT.
2026-08-29 05:05:17,596 | INFO    | quant_system                 | Cycle 1 | regime=2 | no orders (regime_state_2_shock)
2026-08-29 05:05:22,597 | INFO    | quant_system                 | Cycle 2 | regime=2 | no orders (regime_state_2_shock)
2026-08-29 05:05:27,599 | INFO    | quant_system                 | Cycle 3 | regime=2 | no orders (regime_state_2_shock)
2026-08-29 05:05:32,600 | INFO    | quant_system                 | Cycle 4 | regime=2 | no orders (regime_state_2_shock)
2026-08-29 05:05:37,601 | INFO    | quant_system                 | Cycle 5 | regime=2 | no orders (regime_state_2_shock)
2026-08-29 05:05:42,602 | INFO    | quant_system                 | Cycle 6 | regime=2 | no orders (regime_state_2_shock)
2026-08-29 05:05:47,603 | INFO    | quant_system                 | Cycle 7 | regime=2 | no orders (regime_state_2_shock)
2026-08-29 05:05:52,604 | INFO    | quant_system                 | Cycle 8 | regime=2 | no orders (regime_state_2_shock)
2026-08-29 05:05:57,605 | INFO    | quant_system                 | Cycle 9 | regime=2 | no orders (regime_state_2_shock)
2026-08-29 05:06:02,606 | INFO    | quant_system                 | Cycle 10 | regime=2 | no orders (regime_state_2_shock)
2026-08-29 05:06:07,607 | INFO    | quant_system                 | Cycle 11 | regime=2 | no orders (regime_state_2_shock)
2026-08-29 05:06:12,608 | INFO    | quant_system                 | Cycle 12 | regime=2 | no orders (regime_state_2_shock)
2026-08-29 05:06:17,609 | INFO    | quant_system                 | Cycle 13 | regime=2 | no orders (regime_state_2_shock)
2026-08-29 05:06:22,610 | INFO    | quant_system                 | Cycle 14 | regime=2 | no orders (regime_state_2_shock)
2026-08-29 05:06:27,611 | INFO    | quant_system                 | Cycle 15 | regime=2 | no orders (regime_state_2_shock)
2026-08-29 05:06:32,612 | INFO    | quant_system                 | Cycle 16 | regime=2 | no orders (regime_state_2_shock)
2026-08-29 05:06:37,613 | INFO    | quant_system                 | Cycle 17 | regime=2 | no orders (regime_state_2_shock)
2026-08-29 05:06:42,615 | INFO    | quant_system                 | Cycle 18 | regime=2 | no orders (regime_state_2_shock)
2026-08-29 05:06:47,616 | INFO    | quant_system                 | Cycle 19 | regime=2 | no orders (regime_state_2_shock)
2026-08-29 05:06:52,617 | INFO    | quant_system                 | Cycle 20 | regime=2 | no orders (regime_state_2_shock)
2026-08-29 05:06:57,618 | INFO    | quant_system                 | Cycle 21 | regime=2 | no orders (regime_state_2_shock)
2026-08-29 05:07:02,619 | INFO    | quant_system                 | Cycle 22 | regime=2 | no orders (regime_state_2_shock)
2026-08-29 05:07:07,620 | INFO    | quant_system                 | Cycle 23 | regime=2 | no orders (regime_state_2_shock)
2026-08-29 05:07:12,621 | INFO    | quant_system                 | Cycle 24 | regime=2 | no orders (regime_state_2_shock)
2026-08-29 05:07:17,622 | INFO    | quant_system                 | Cycle 25 | regime=2 | no orders (regime_state_2_shock)
2026-08-29 05:07:22,623 | INFO    | quant_system                 | Cycle 26 | regime=2 | no orders (regime_state_2_shock)
2026-08-29 05:07:27,624 | INFO    | quant_system                 | Cycle 27 | regime=2 | no orders (regime_state_2_shock)
2026-08-29 05:07:32,625 | INFO    | quant_system                 | Cycle 28 | regime=2 | no orders (regime_state_2_shock)
2026-08-29 05:07:36,443 | WARNING | quant_system                 | SIGTERM received - finishing the current cycle, then shutting down cleanly. Send it again to abort right now.
2026-08-29 05:07:36,629 | WARNING | quant_system                 | Shutdown requested (signal) - stopping before cycle 29.
2026-08-29 05:07:36,630 | INFO    | quant_system                 | Live session finished: {
  "submitted": 0,
  "filled": 0,
  "rejected": 0,
  "skipped": 0,
  "retries": 0,
  "final_equity": 1000000.0,
  "open_positions": 0,
  "demo_mode": true,
  "daily_trade_limit": -1,
  "notifier": {
    "started": false,
    "toast_backend": "none",
    "backend_note": "toasts disabled by configuration",
    "toasts_delivered": 0,
    "announced": 0,
    "filtered": {
      "notifier_disabled": 0,
      "not_a_confirmed_fill": 0,
      "zero_filled_quantity": 0,
      "duplicate_order_id": 0,
      "backend_unavailable": 0,
      "unknown_symbol": 0
    },
    "voice": {
      "enabled": false
    }
  }
}
2026-08-29 05:09:48,335 | INFO    | quant_system                 | Logging to /home/user/quant_system/reports/logs/quant_system.log
2026-08-29 05:09:48,395 | INFO    | quant_system                 | Running end-to-end system verification ...
2026-08-29 05:09:58,798 | INFO    | quant_system.execution.brokers.simulated_broker | Simulated broker connected.
2026-08-29 05:09:58,809 | INFO    | quant_system.utils.notifier  | Voice worker ready (pyttsx3, mode=file).
2026-08-29 05:09:58,809 | INFO    | quant_system.utils.notifier  | Notifier started (toast=none voice=on)
2026-08-29 05:09:58,810 | INFO    | quant_system.utils.notifier  | TRADE ALERT | [BUY] XAUUSD | 0.50 | 2,650.50 | SL 2,640.00 | TP 2,680.00 | State 1 Momentum
2026-08-29 05:09:58,810 | INFO    | quant_system.utils.notifier  | TRADE ALERT | [SELL] USDJPY | 1.00 | 148.50 | SL - | TP - | State 1 Momentum
2026-08-29 05:09:58,810 | INFO    | quant_system.utils.notifier  | TRADE ALERT | [SELL] USDJPY | 1.01 | 148.60 | SL - | TP - | State 1 Momentum
2026-08-29 05:09:58,810 | INFO    | quant_system.utils.notifier  | TRADE ALERT | [SELL] USDJPY | 1.02 | 148.70 | SL - | TP - | State 1 Momentum
2026-08-29 05:09:58,810 | INFO    | quant_system.utils.notifier  | TRADE ALERT | [SELL] USDJPY | 1.03 | 148.80 | SL - | TP - | State 1 Momentum
2026-08-29 05:09:58,810 | INFO    | quant_system.utils.notifier  | TRADE ALERT | [SELL] USDJPY | 1.04 | 148.90 | SL - | TP - | State 1 Momentum
2026-08-29 05:09:58,811 | INFO    | quant_system.utils.notifier  | TRADE ALERT | [SELL] USDJPY | 1.05 | 149.00 | SL - | TP - | State 1 Momentum
2026-08-29 05:09:58,811 | INFO    | quant_system.utils.notifier  | TRADE ALERT | [SELL] USDJPY | 1.06 | 149.10 | SL - | TP - | State 1 Momentum
2026-08-29 05:09:58,811 | INFO    | quant_system.utils.notifier  | TRADE ALERT | [SELL] USDJPY | 1.07 | 149.20 | SL - | TP - | State 1 Momentum
2026-08-29 05:09:58,811 | INFO    | quant_system.utils.notifier  | TRADE ALERT | [SELL] USDJPY | 1.08 | 149.30 | SL - | TP - | State 1 Momentum
2026-08-29 05:09:58,811 | INFO    | quant_system.utils.notifier  | TRADE ALERT | [SELL] USDJPY | 1.09 | 149.40 | SL - | TP - | State 1 Momentum
2026-08-29 05:09:58,811 | INFO    | quant_system.utils.notifier  | TRADE ALERT | [SELL] USDJPY | 1.10 | 149.50 | SL - | TP - | State 1 Momentum
2026-08-29 05:09:58,811 | INFO    | quant_system.utils.notifier  | TRADE ALERT | [SELL] USDJPY | 1.11 | 149.60 | SL - | TP - | State 1 Momentum
2026-08-29 05:09:59,111 | INFO    | quant_system.utils.notifier  | tkinter toast backend unavailable (no display name and no $DISPLAY environment variable).
2026-08-29 05:09:59,221 | INFO    | quant_system                 | Wrote /home/user/quant_system/reports/verification_report.txt
2026-08-29 05:09:59,221 | INFO    | quant_system                 | Verification report written to /home/user/quant_system/reports/verification_report.txt
2026-08-29 05:10:03,478 | INFO    | quant_system                 | Logging to /home/user/quant_system/reports/logs/quant_system.log
2026-08-29 05:10:03,478 | INFO    | quant_system                 | quant_system v1.0.0 | mode=live source=auto 2015-01-01..2025-12-31
2026-08-29 05:10:03,478 | ERROR   | quant_system                 | The MetaTrader 5 adapter requires Windows and a running MT5 terminal (host is linux). Run 'python scripts/preflight.py' for the full environment report, or use --broker simulated / --broker fix.
2026-08-29 05:10:03,478 | ERROR   | quant_system                 | See /home/user/quant_system/reports/logs/quant_system.log for details.
2026-08-29 05:10:13,889 | INFO    | quant_system                 | Logging to /home/user/quant_system/reports/logs/quant_system.log
2026-08-29 05:10:13,950 | INFO    | quant_system                 | Running end-to-end system verification ...
2026-08-29 05:10:24,105 | INFO    | quant_system.execution.brokers.simulated_broker | Simulated broker connected.
2026-08-29 05:10:24,115 | INFO    | quant_system.utils.notifier  | Voice worker ready (pyttsx3, mode=file).
2026-08-29 05:10:24,115 | INFO    | quant_system.utils.notifier  | Notifier started (toast=none voice=on)
2026-08-29 05:10:24,115 | INFO    | quant_system.utils.notifier  | TRADE ALERT | [BUY] XAUUSD | 0.50 | 2,650.50 | SL 2,640.00 | TP 2,680.00 | State 1 Momentum
2026-08-29 05:10:24,116 | INFO    | quant_system.utils.notifier  | TRADE ALERT | [SELL] USDJPY | 1.00 | 148.50 | SL - | TP - | State 1 Momentum
2026-08-29 05:10:24,116 | INFO    | quant_system.utils.notifier  | TRADE ALERT | [SELL] USDJPY | 1.01 | 148.60 | SL - | TP - | State 1 Momentum
2026-08-29 05:10:24,116 | INFO    | quant_system.utils.notifier  | TRADE ALERT | [SELL] USDJPY | 1.02 | 148.70 | SL - | TP - | State 1 Momentum
2026-08-29 05:10:24,116 | INFO    | quant_system.utils.notifier  | TRADE ALERT | [SELL] USDJPY | 1.03 | 148.80 | SL - | TP - | State 1 Momentum
2026-08-29 05:10:24,116 | INFO    | quant_system.utils.notifier  | TRADE ALERT | [SELL] USDJPY | 1.04 | 148.90 | SL - | TP - | State 1 Momentum
2026-08-29 05:10:24,116 | INFO    | quant_system.utils.notifier  | TRADE ALERT | [SELL] USDJPY | 1.05 | 149.00 | SL - | TP - | State 1 Momentum
2026-08-29 05:10:24,116 | INFO    | quant_system.utils.notifier  | TRADE ALERT | [SELL] USDJPY | 1.06 | 149.10 | SL - | TP - | State 1 Momentum
2026-08-29 05:10:24,116 | INFO    | quant_system.utils.notifier  | TRADE ALERT | [SELL] USDJPY | 1.07 | 149.20 | SL - | TP - | State 1 Momentum
2026-08-29 05:10:24,116 | INFO    | quant_system.utils.notifier  | TRADE ALERT | [SELL] USDJPY | 1.08 | 149.30 | SL - | TP - | State 1 Momentum
2026-08-29 05:10:24,116 | INFO    | quant_system.utils.notifier  | TRADE ALERT | [SELL] USDJPY | 1.09 | 149.40 | SL - | TP - | State 1 Momentum
2026-08-29 05:10:24,117 | INFO    | quant_system.utils.notifier  | TRADE ALERT | [SELL] USDJPY | 1.10 | 149.50 | SL - | TP - | State 1 Momentum
2026-08-29 05:10:24,117 | INFO    | quant_system.utils.notifier  | TRADE ALERT | [SELL] USDJPY | 1.11 | 149.60 | SL - | TP - | State 1 Momentum
2026-08-29 05:10:24,415 | INFO    | quant_system.utils.notifier  | tkinter toast backend unavailable (no display name and no $DISPLAY environment variable).
2026-08-29 05:10:24,521 | INFO    | quant_system                 | Wrote /home/user/quant_system/reports/verification_report.txt
2026-08-29 05:10:24,521 | INFO    | quant_system                 | Verification report written to /home/user/quant_system/reports/verification_report.txt
2026-08-29 05:10:25,759 | INFO    | quant_system                 | Logging to /home/user/quant_system/reports/logs/quant_system.log
2026-08-29 05:10:25,760 | INFO    | quant_system                 | quant_system v1.0.0 | mode=live source=synthetic 2024-01-01..2025-06-30
2026-08-29 05:10:25,760 | INFO    | quant_system                 | Trade governance: mode=DEMO (unlimited) daily_trade_limit=unlimited
2026-08-29 05:10:25,791 | INFO    | quant_system.utils.notifier  | Voice worker ready (pyttsx3, mode=file).
2026-08-29 05:10:25,791 | INFO    | quant_system.utils.notifier  | Notifier started (toast=pyqt voice=on)
2026-08-29 05:10:25,791 | INFO    | quant_system                 | Notifier: toasts=True (pyqt started) voice=True (file)
2026-08-29 05:10:25,801 | INFO    | quant_system                 | Loaded 5 symbols x 391 bars from {'XAUUSD': 'synthetic', 'XAGUSD': 'synthetic', 'EURUSD': 'synthetic', 'USDCHF': 'synthetic', 'USDJPY': 'synthetic'}
2026-08-29 05:10:26,341 | INFO    | quant_system.execution.brokers.simulated_broker | Simulated broker connected.
2026-08-29 05:10:26,341 | INFO    | quant_system                 | Broker simulated connected (equity=1000000.00)
2026-08-29 05:10:26,852 | INFO    | quant_system                 | Cycle 1 | regime=2 | no orders (regime_state_2_shock)
2026-08-29 05:10:26,852 | INFO    | quant_system                 | Cycle 2 | regime=2 | no orders (regime_state_2_shock)
2026-08-29 05:10:26,853 | INFO    | quant_system                 | Cycle 3 | regime=2 | no orders (regime_state_2_shock)
2026-08-29 05:10:26,913 | INFO    | quant_system                 | Live session finished: {
  "submitted": 0,
  "filled": 0,
  "rejected": 0,
  "skipped": 0,
  "retries": 0,
  "final_equity": 1000000.0,
  "open_positions": 0,
  "demo_mode": true,
  "daily_trade_limit": -1,
  "notifier": {
    "started": false,
    "toast_backend": "pyqt",
    "backend_note": "pyqt started",
    "toasts_delivered": 0,
    "announced": 0,
    "filtered": {
      "notifier_disabled": 0,
      "not_a_confirmed_fill": 0,
      "zero_filled_quantity": 0,
      "duplicate_order_id": 0,
      "backend_unavailable": 0,
      "unknown_symbol": 0
    },
    "voice": {
      "enabled": true,
      "mode": "file",
      "available": true,
      "thread_started": true,
      "thread_stopped": true,
      "queue_depth": 0,
      "spoken": 0,
      "failed": 0,
      "skipped": 0,
      "dropped": 0,
      "last_error": null,
      "last_file": null,
      "files": []
    }
  }
}
2026-08-29 05:21:48,566 | INFO    | quant_system                 | Logging to /home/user/quant_system/reports/logs/quant_system.log
2026-08-29 05:21:48,629 | INFO    | quant_system                 | Running end-to-end system verification ...
2026-08-29 05:21:58,822 | INFO    | quant_system.execution.brokers.simulated_broker | Simulated broker connected.
2026-08-29 05:21:58,835 | INFO    | quant_system.utils.notifier  | Voice worker ready (pyttsx3, mode=file).
2026-08-29 05:21:58,835 | INFO    | quant_system.utils.notifier  | Notifier started (toast=none voice=on)
2026-08-29 05:21:58,836 | INFO    | quant_system.utils.notifier  | TRADE ALERT | [BUY] XAUUSD | 0.50 | 2,650.50 | SL 2,640.00 | TP 2,680.00 | State 1 Momentum
2026-08-29 05:21:58,836 | INFO    | quant_system.utils.notifier  | TRADE ALERT | [SELL] USDJPY | 1.00 | 148.50 | SL - | TP - | State 1 Momentum
2026-08-29 05:21:58,836 | INFO    | quant_system.utils.notifier  | TRADE ALERT | [SELL] USDJPY | 1.01 | 148.60 | SL - | TP - | State 1 Momentum
2026-08-29 05:21:58,836 | INFO    | quant_system.utils.notifier  | TRADE ALERT | [SELL] USDJPY | 1.02 | 148.70 | SL - | TP - | State 1 Momentum
2026-08-29 05:21:58,836 | INFO    | quant_system.utils.notifier  | TRADE ALERT | [SELL] USDJPY | 1.03 | 148.80 | SL - | TP - | State 1 Momentum
2026-08-29 05:21:58,836 | INFO    | quant_system.utils.notifier  | TRADE ALERT | [SELL] USDJPY | 1.04 | 148.90 | SL - | TP - | State 1 Momentum
2026-08-29 05:21:58,837 | INFO    | quant_system.utils.notifier  | TRADE ALERT | [SELL] USDJPY | 1.05 | 149.00 | SL - | TP - | State 1 Momentum
2026-08-29 05:21:58,837 | INFO    | quant_system.utils.notifier  | TRADE ALERT | [SELL] USDJPY | 1.06 | 149.10 | SL - | TP - | State 1 Momentum
2026-08-29 05:21:58,837 | INFO    | quant_system.utils.notifier  | TRADE ALERT | [SELL] USDJPY | 1.07 | 149.20 | SL - | TP - | State 1 Momentum
2026-08-29 05:21:58,837 | INFO    | quant_system.utils.notifier  | TRADE ALERT | [SELL] USDJPY | 1.08 | 149.30 | SL - | TP - | State 1 Momentum
2026-08-29 05:21:58,837 | INFO    | quant_system.utils.notifier  | TRADE ALERT | [SELL] USDJPY | 1.09 | 149.40 | SL - | TP - | State 1 Momentum
2026-08-29 05:21:58,837 | INFO    | quant_system.utils.notifier  | TRADE ALERT | [SELL] USDJPY | 1.10 | 149.50 | SL - | TP - | State 1 Momentum
2026-08-29 05:21:58,837 | INFO    | quant_system.utils.notifier  | TRADE ALERT | [SELL] USDJPY | 1.11 | 149.60 | SL - | TP - | State 1 Momentum
2026-08-29 05:21:59,136 | INFO    | quant_system.utils.notifier  | tkinter toast backend unavailable (no display name and no $DISPLAY environment variable).
2026-08-29 05:21:59,278 | INFO    | quant_system                 | Wrote /home/user/quant_system/reports/verification_report.txt
2026-08-29 05:21:59,278 | INFO    | quant_system                 | Verification report written to /home/user/quant_system/reports/verification_report.txt
2026-08-29 05:22:01,821 | INFO    | quant_system                 | Logging to /home/user/quant_system/reports/logs/quant_system.log
2026-08-29 05:22:01,821 | INFO    | quant_system                 | quant_system v1.0.0 | mode=live source=auto 2015-01-01..2025-12-31
2026-08-29 05:22:01,821 | ERROR   | quant_system                 | The MetaTrader 5 adapter requires Windows and a running MT5 terminal (host is linux). Run 'python scripts/preflight.py' for the full environment report, or use --broker simulated / --broker fix.
2026-08-29 05:22:01,821 | ERROR   | quant_system                 | See /home/user/quant_system/reports/logs/quant_system.log for details.
2026-08-29 05:22:03,040 | INFO    | quant_system                 | Logging to /home/user/quant_system/reports/logs/quant_system.log
2026-08-29 05:22:03,040 | INFO    | quant_system                 | quant_system v1.0.0 | mode=live source=auto 2015-01-01..2025-12-31
2026-08-29 05:22:03,040 | ERROR   | quant_system                 | The MetaTrader 5 adapter requires Windows and a running MT5 terminal (host is linux). Run 'python scripts/preflight.py' for the full environment report, or use --broker simulated / --broker fix.
2026-08-29 05:22:03,040 | ERROR   | quant_system                 | See /home/user/quant_system/reports/logs/quant_system.log for details.
2026-08-29 05:46:59,970 | INFO    | quant_system                 | Logging to /home/user/quant_system/reports/logs/quant_system.log
2026-08-29 05:46:59,970 | INFO    | quant_system                 | quant_system v1.0.0 | mode=live source=auto 2015-01-01..2025-12-31
2026-08-29 05:46:59,970 | INFO    | quant_system                 | Trade governance: mode=DEMO (unlimited) daily_trade_limit=unlimited
2026-08-29 05:47:00,000 | INFO    | quant_system.utils.notifier  | Voice worker ready (pyttsx3, mode=file).
2026-08-29 05:47:00,000 | INFO    | quant_system.utils.notifier  | Notifier started (toast=pyqt voice=on)
2026-08-29 05:47:00,000 | INFO    | quant_system                 | Notifier: toasts=True (pyqt started) voice=True (file)
2026-08-29 05:47:00,444 | ERROR   | yfinance                     | HTTP Error 404: {"quoteSummary":{"result":null,"error":{"code":"Not Found","description":"Quote not found for symbol: XAUUSD=X"}}}
2026-08-29 05:47:00,502 | ERROR   | yfinance                     | $XAUUSD=X: possibly delisted; no timezone found
2026-08-29 05:47:00,503 | ERROR   | yfinance                     | 
1 Failed download:
2026-08-29 05:47:00,503 | ERROR   | yfinance                     | ['XAUUSD=X']: possibly delisted; no timezone found
2026-08-29 05:47:00,814 | INFO    | quant_system.data.ingestion  | Loaded XAUUSD from yfinance ticker GC=F (2764 bars)
2026-08-29 05:47:01,067 | ERROR   | yfinance                     | HTTP Error 404: {"quoteSummary":{"result":null,"error":{"code":"Not Found","description":"Quote not found for symbol: XAGUSD=X"}}}
2026-08-29 05:47:01,134 | ERROR   | yfinance                     | $XAGUSD=X: possibly delisted; no timezone found
2026-08-29 05:47:01,135 | ERROR   | yfinance                     | 
1 Failed download:
2026-08-29 05:47:01,135 | ERROR   | yfinance                     | ['XAGUSD=X']: possibly delisted; no timezone found
2026-08-29 05:47:01,250 | INFO    | quant_system.data.ingestion  | Loaded XAGUSD from yfinance ticker SI=F (2764 bars)
2026-08-29 05:47:01,386 | INFO    | quant_system.data.ingestion  | Loaded EURUSD from yfinance ticker EURUSD=X (2862 bars)
2026-08-29 05:47:01,536 | INFO    | quant_system.data.ingestion  | Loaded USDCHF from yfinance ticker USDCHF=X (2862 bars)
2026-08-29 05:47:01,658 | INFO    | quant_system.data.ingestion  | Loaded USDJPY from yfinance ticker USDJPY=X (2862 bars)
2026-08-29 05:47:01,667 | INFO    | quant_system                 | Loaded 5 symbols x 2760 bars from {'XAUUSD': 'yfinance', 'XAGUSD': 'yfinance', 'EURUSD': 'yfinance', 'USDCHF': 'yfinance', 'USDJPY': 'yfinance'}
2026-08-29 05:47:17,193 | INFO    | quant_system.execution.brokers.simulated_broker | Simulated broker connected.
2026-08-29 05:47:17,193 | INFO    | quant_system                 | Broker simulated connected (equity=1000000.00)
2026-08-29 05:47:17,193 | INFO    | quant_system                 | Running unbounded - stop with Ctrl+C or by creating /home/user/quant_system/reports/HALT.
2026-08-29 05:47:19,889 | INFO    | quant_system                 | Cycle 1 | regime=2 | no orders (regime_state_2_shock)
2026-08-29 05:47:24,143 | WARNING | quant_system                 | Shutdown requested (halt_file) - stopping before cycle 2.
2026-08-29 05:47:24,160 | INFO    | quant_system                 | Live session finished: {
  "submitted": 0,
  "filled": 0,
  "rejected": 0,
  "skipped": 0,
  "retries": 0,
  "final_equity": 1000000.0,
  "open_positions": 0,
  "demo_mode": true,
  "daily_trade_limit": -1,
  "notifier": {
    "started": false,
    "toast_backend": "pyqt",
    "backend_note": "pyqt started",
    "toasts_delivered": 0,
    "announced": 0,
    "filtered": {
      "notifier_disabled": 0,
      "not_a_confirmed_fill": 0,
      "zero_filled_quantity": 0,
      "duplicate_order_id": 0,
      "backend_unavailable": 0,
      "unknown_symbol": 0
    },
    "voice": {
      "enabled": true,
      "mode": "file",
      "available": true,
      "thread_started": true,
      "thread_stopped": true,
      "queue_depth": 0,
      "spoken": 0,
      "failed": 0,
      "skipped": 0,
      "dropped": 0,
      "last_error": null,
      "last_file": null,
      "files": []
    }
  }
}
2026-08-29 05:50:45,995 | INFO    | quant_system                 | Logging to /home/user/quant_system/reports/logs/quant_system.log
2026-08-29 05:50:46,058 | INFO    | quant_system                 | Running end-to-end system verification ...
2026-08-29 05:50:56,968 | INFO    | quant_system.execution.brokers.simulated_broker | Simulated broker connected.
2026-08-29 05:50:56,978 | INFO    | quant_system.utils.notifier  | Voice worker ready (pyttsx3, mode=file).
2026-08-29 05:50:56,979 | INFO    | quant_system.utils.notifier  | Notifier started (toast=none voice=on)
2026-08-29 05:50:56,979 | INFO    | quant_system.utils.notifier  | TRADE ALERT | [BUY] XAUUSD | 0.50 | 2,650.50 | SL 2,640.00 | TP 2,680.00 | State 1 Momentum
2026-08-29 05:50:56,979 | INFO    | quant_system.utils.notifier  | TRADE ALERT | [SELL] USDJPY | 1.00 | 148.50 | SL - | TP - | State 1 Momentum
2026-08-29 05:50:56,979 | INFO    | quant_system.utils.notifier  | TRADE ALERT | [SELL] USDJPY | 1.01 | 148.60 | SL - | TP - | State 1 Momentum
2026-08-29 05:50:56,979 | INFO    | quant_system.utils.notifier  | TRADE ALERT | [SELL] USDJPY | 1.02 | 148.70 | SL - | TP - | State 1 Momentum
2026-08-29 05:50:56,979 | INFO    | quant_system.utils.notifier  | TRADE ALERT | [SELL] USDJPY | 1.03 | 148.80 | SL - | TP - | State 1 Momentum
2026-08-29 05:50:56,979 | INFO    | quant_system.utils.notifier  | TRADE ALERT | [SELL] USDJPY | 1.04 | 148.90 | SL - | TP - | State 1 Momentum
2026-08-29 05:50:56,980 | INFO    | quant_system.utils.notifier  | TRADE ALERT | [SELL] USDJPY | 1.05 | 149.00 | SL - | TP - | State 1 Momentum
2026-08-29 05:50:56,980 | INFO    | quant_system.utils.notifier  | TRADE ALERT | [SELL] USDJPY | 1.06 | 149.10 | SL - | TP - | State 1 Momentum
2026-08-29 05:50:56,980 | INFO    | quant_system.utils.notifier  | TRADE ALERT | [SELL] USDJPY | 1.07 | 149.20 | SL - | TP - | State 1 Momentum
2026-08-29 05:50:56,980 | INFO    | quant_system.utils.notifier  | TRADE ALERT | [SELL] USDJPY | 1.08 | 149.30 | SL - | TP - | State 1 Momentum
2026-08-29 05:50:56,980 | INFO    | quant_system.utils.notifier  | TRADE ALERT | [SELL] USDJPY | 1.09 | 149.40 | SL - | TP - | State 1 Momentum
2026-08-29 05:50:56,980 | INFO    | quant_system.utils.notifier  | TRADE ALERT | [SELL] USDJPY | 1.10 | 149.50 | SL - | TP - | State 1 Momentum
2026-08-29 05:50:56,980 | INFO    | quant_system.utils.notifier  | TRADE ALERT | [SELL] USDJPY | 1.11 | 149.60 | SL - | TP - | State 1 Momentum
2026-08-29 05:50:57,278 | INFO    | quant_system.utils.notifier  | tkinter toast backend unavailable (no display name and no $DISPLAY environment variable).
2026-08-29 05:50:57,386 | INFO    | quant_system                 | Wrote /home/user/quant_system/reports/verification_report.txt
2026-08-29 05:50:57,386 | INFO    | quant_system                 | Verification report written to /home/user/quant_system/reports/verification_report.txt
2026-08-29 12:20:58,350 | INFO    | quant_system                 | Logging to C:\Users\USER\OneDrive\Desktop\quant\quant_system\reports\logs\quant_system.log
2026-08-29 12:20:58,636 | INFO    | quant_system                 | Running end-to-end system verification ...
2026-08-29 12:21:25,673 | INFO    | quant_system.execution.brokers.mt5_broker | MT5 connected: account=10012432857 server=MetaQuotes-Demo balance=100000.00
2026-08-29 12:21:25,675 | INFO    | quant_system.execution.brokers.simulated_broker | Simulated broker connected.
2026-08-29 12:21:25,785 | INFO    | comtypes.client._code_cache  | Imported existing <module 'comtypes.gen' from 'C:\\Users\\USER\\OneDrive\\Desktop\\quant\\.venv\\Lib\\site-packages\\comtypes\\gen\\__init__.py'>
2026-08-29 12:21:25,786 | INFO    | comtypes.client._code_cache  | Using writeable comtypes cache directory: 'C:\Users\USER\OneDrive\Desktop\quant\.venv\Lib\site-packages\comtypes\gen'
2026-08-29 12:21:26,016 | INFO    | quant_system.utils.notifier  | Voice worker ready (pyttsx3, mode=file).
2026-08-29 12:21:26,016 | INFO    | quant_system.utils.notifier  | Notifier started (toast=none voice=on)
2026-08-29 12:21:26,017 | INFO    | quant_system.utils.notifier  | TRADE ALERT | [BUY] XAUUSD | 0.50 | 2,650.50 | SL 2,640.00 | TP 2,680.00 | State 1 Momentum
2026-08-29 12:21:26,018 | INFO    | quant_system.utils.notifier  | TRADE ALERT | [SELL] USDJPY | 1.00 | 148.50 | SL - | TP - | State 1 Momentum
2026-08-29 12:21:26,019 | INFO    | quant_system.utils.notifier  | TRADE ALERT | [SELL] USDJPY | 1.01 | 148.60 | SL - | TP - | State 1 Momentum
2026-08-29 12:21:26,020 | INFO    | quant_system.utils.notifier  | TRADE ALERT | [SELL] USDJPY | 1.02 | 148.70 | SL - | TP - | State 1 Momentum
2026-08-29 12:21:26,020 | INFO    | quant_system.utils.notifier  | TRADE ALERT | [SELL] USDJPY | 1.03 | 148.80 | SL - | TP - | State 1 Momentum
2026-08-29 12:21:26,021 | INFO    | quant_system.utils.notifier  | TRADE ALERT | [SELL] USDJPY | 1.04 | 148.90 | SL - | TP - | State 1 Momentum
2026-08-29 12:21:26,021 | INFO    | quant_system.utils.notifier  | TRADE ALERT | [SELL] USDJPY | 1.05 | 149.00 | SL - | TP - | State 1 Momentum
2026-08-29 12:21:26,022 | INFO    | quant_system.utils.notifier  | TRADE ALERT | [SELL] USDJPY | 1.06 | 149.10 | SL - | TP - | State 1 Momentum
2026-08-29 12:21:26,023 | INFO    | quant_system.utils.notifier  | TRADE ALERT | [SELL] USDJPY | 1.07 | 149.20 | SL - | TP - | State 1 Momentum
2026-08-29 12:21:26,024 | INFO    | quant_system.utils.notifier  | TRADE ALERT | [SELL] USDJPY | 1.08 | 149.30 | SL - | TP - | State 1 Momentum
2026-08-29 12:21:26,025 | INFO    | quant_system.utils.notifier  | TRADE ALERT | [SELL] USDJPY | 1.09 | 149.40 | SL - | TP - | State 1 Momentum
2026-08-29 12:21:26,025 | INFO    | quant_system.utils.notifier  | TRADE ALERT | [SELL] USDJPY | 1.10 | 149.50 | SL - | TP - | State 1 Momentum
2026-08-29 12:21:26,026 | INFO    | quant_system.utils.notifier  | TRADE ALERT | [SELL] USDJPY | 1.11 | 149.60 | SL - | TP - | State 1 Momentum
2026-08-29 12:21:31,473 | INFO    | quant_system                 | Wrote C:\Users\USER\OneDrive\Desktop\quant\quant_system\reports\verification_report.txt
2026-08-29 12:21:31,473 | INFO    | quant_system                 | Verification report written to C:\Users\USER\OneDrive\Desktop\quant\quant_system\reports\verification_report.txt
